resp_id,date,Agree,Citizenship,age,agegroup,agegroup5,gender,educ,educ5,religiosity,v9,v10,v11,v12,v700,v15,v16,v17,Attention,v19,v701,v20,v702,v21,v36,v703,v708,v18,v704,v27,v28,v29,v30,v31,v33,v35,v45,v52A,v50,v51,v622A,v622B,v622C,v623,v91,v104,v706,v111,v612,v613_1,v613_2,v613_3,v613_4,v613_5,v613_6,v613_7,v613_8,v613_9,v613_10,v613_30,v614_1,v614_2,v614_3,v614_4,v614_5,v614_6,v614_7,v614_8,v110,v710,v119,v120,v121,v122,v123,v125,v126,v127,v128,v129,v130,v400,v401,v402,v403,v409,v410,v411_1,v411_2,v411_3,v411_4,v411_5,v411_6,v411_7,v411_8,v411_9,v411_10,v411_11,v412,v413_1,v413_2,v413_3,v413_4,v413_5,v413_6,v415,v416,v417,v418,v132,v133,v143,v131,v513,v134,v139,sector,DEVICE_TYPE,SURVEY_MODE,w_jews,w_arabs,w_sample,District_CBS
295708,04/03/2025,1,1,,6,5,1,9,5,5,4,5,4,3,2,3,4,1,2,3,4,2,3,4,4,4,10,7,4,,,,,,1,2,3,0,4,7,5,10,6,5,1,97,3,5,5,1,1,,,,,,,,,,1,1,1,,,,,,7,2,4,1,1,4,3,1,2,3,2,3,2,1,5,4,4,1,2,,,1,,,,1,,1,,,9,,1,,,,,3,3,98,98,2,6,1,1,4,,2,1,Mobile,1,0.951,,0.922,4
295709,04/03/2025,1,1,,5,4,1,9,5,5,1,1,2,4,4,4,1,3,2,4,3,1,1,3,4,1,0,7,1,,,,,,1,3,1,8,8,5,8,8,8,4,1,1,1,2,5,1,1,1,,1,,,1,,1,,1,1,,1,,,,,9,5,4,3,4,1,3,4,4,98,3,1,1,1,1,4,2,2,5,,,,1,1,1,,1,,,,8,,,,,1,,4,4,2,4,2,5,1,2,6,,5,1,PC,1,0.647,,0.628,4
295710,04/03/2025,1,1,,2,1,1,5,2,3,5,3,5,3,2,4,3,1,2,2,1,1,2,3,3,3,7,6,3,,,,,,3,2,1,3,4,7,1,7,7,1,2,3,3,4,4,,1,,,,,,,,,,,1,1,,,,,,2,2,2,3,2,3,2,1,1,2,2,2,98,1,2,4,3,1,2,,,1,1,1,,,,,,,4,,1,,,,,98,3,1,1,2,3,1,1,2,2002,3,1,Mobile,1,1.525,,1.479,1
295712,04/03/2025,1,1,,6,5,1,5,2,5,4,3,1,4,4,3,4,1,2,4,1,3,3,4,4,4,10,10,4,,,,,,1,1,1,0,8,8,2,10,2,2,1,7,3,3,5,1,1,1,1,,,,,,,,1,,,,,,,,7,1,4,1,3,3,3,1,2,3,2,3,1,1,5,4,4,1,2,,,1,,1,,,1,,,,2,,1,1,,,,3,3,2,3,1,6,1,2,4,,99,1,Mobile,1,1.419,,1.376,4
295714,04/03/2025,1,1,,5,4,1,2,1,1,3,3,4,4,4,4,1,3,2,3,4,3,3,2,98,1,1,4,3,,,,,,3,3,2,10,7,4,10,9,9,5,1,6,6,3,3,,,,1,,,,,,,,,,,,,,1,,5,4,4,4,98,3,2,3,3,1,1,4,4,2,,4,4,1,5,,,,,,,,1,,,,10,1,,,,,,4,4,2,4,4,1,1,1,4,,2,1,PC,1,0.968,,0.939,5
295717,04/03/2025,1,1,,3,2,1,8,4,1,4,4,2,4,4,2,1,4,2,4,3,3,3,1,1,1,4,1,1,,,,,,2,1,2,7,10,3,10,7,9,1,1,5,5,2,3,1,,,,,,,1,,,,,1,,1,,,,,6,5,3,3,2,3,1,2,2,1,2,3,3,1,2,4,3,1,2,,,,1,1,1,1,,1,,,9,1,,,,,,4,4,3,4,4,1,1,2,5,,2,1,Mobile,1,0.891,,0.865,1
295719,04/03/2025,1,1,44,4,3,1,8,4,4,2,4,4,4,4,2,1,4,2,4,3,2,1,1,3,3,10,0,2,,,,,,3,1,1,7,6,3,6,6,9,2,1,1,1,2,4,1,1,1,,1,1,1,1,1,,,,,,,,,1,,6,4,3,2,1,3,3,2,2,2,3,3,98,1,3,4,3,98,2,,,,1,1,,,1,,,,8,1,,,,,,4,4,3,3,2,5,1,3,5,,2,1,Mobile,1,1.015,,0.984,2
295722,04/03/2025,1,1,,2,1,1,5,2,2,4,3,2,4,4,1,3,4,2,4,3,2,2,1,1,1,7,3,1,,,,,,1,1,1,10,5,5,9,9,10,1,1,4,4,1,4,1,1,,,,,,,,,,,,,1,,,,,8,5,4,1,2,1,2,3,2,1,4,3,2,2,,4,4,2,5,,,,,,1,,1,,,,1,1,,,,,,4,4,3,4,4,1,1,1,4,,3,1,Mobile,1,1.505,,1.46,4
295724,04/03/2025,1,1,,4,3,2,8,4,1,4,4,3,4,4,1,3,4,2,4,3,3,4,2,2,2,9,2,2,,,,,,2,3,2,9,9,5,9,5,8,3,3,98,5,3,4,1,,1,,,,,,,,,,,,,,,,1,4,4,3,2,2,3,2,3,3,2,2,3,3,2,,4,4,98,4,,,,1,1,,,1,,,,8,1,,,,,,4,4,3,4,4,2,1,2,5,,3,1,PC,1,0.966,,0.937,1
295726,04/03/2025,1,1,,3,2,2,7,3,5,5,4,5,4,4,3,1,4,2,4,2,2,2,4,4,3,8,10,3,,,,,,3,1,2,2,6,8,1,10,5,5,1,3,11,5,4,1,1,1,,1,1,,,,,,1,1,,,,,,,1,1,3,1,98,98,1,1,1,3,2,3,3,2,,4,4,1,3,1,,1,,,,,1,,,,6,,1,,,,,3,98,1,3,1,6,1,4,4,,5,1,Mobile,1,0.617,,0.599,5
295732,04/03/2025,1,1,,2,1,2,4,1,1,98,2,3,4,4,1,2,4,2,4,4,98,98,98,2,98,5,0,1,,,,,,98,98,2,5,10,98,10,98,10,98,1,6,6,98,4,1,,,1,,,,,,,,,,,,,,1,,98,98,98,98,98,98,98,98,98,98,98,98,98,99,,4,2,98,98,,,,,,,,,,,1,5,,,,,,1,98,98,98,98,4,99,1,1,4,,99,1,PC,1,1.092,,1.06,6
295734,04/03/2025,1,1,51,5,4,1,6,3,4,4,4,3,4,4,1,2,4,2,3,3,98,3,4,3,2,5,7,1,,,,,,2,2,2,7,10,0,5,5,9,2,2,97,3,1,3,1,,,,,,,,,,,,1,,1,,,,,5,5,3,2,3,2,1,3,2,1,2,3,1,2,,4,4,1,4,,,1,,1,1,,,,,,8,1,,,,,,4,2,3,4,2,5,1,2,4,,2,1,Mobile,1,0.619,,0.601,4
295736,04/03/2025,1,1,,2,1,1,8,4,4,5,4,4,4,4,2,3,4,2,2,3,3,4,3,4,3,5,9,98,,,,,,2,2,2,0,7,5,2,8,8,3,2,97,7,4,3,1,1,,,,,,,,,,1,1,,,,,,,1,1,3,1,1,3,1,1,1,2,2,3,2,1,5,4,2,1,2,,,,1,1,1,,1,1,,,3,1,,,,,,4,2,2,4,3,4,1,3,4,,2,1,Mobile,1,0.96,,0.932,4
295739,04/03/2025,1,1,,3,2,1,9,5,2,4,2,4,3,3,1,3,4,2,3,1,2,1,4,3,3,4,4,2,,,,,,2,4,2,3,5,5,3,7,7,4,1,3,3,3,4,1,1,1,1,1,1,1,,,1,,1,1,1,,,,,,2,3,3,1,2,4,3,1,1,2,1,3,3,1,4,4,4,1,3,,1,1,,,,1,,,,,6,1,,,,,,3,3,3,3,3,2,1,1,4,,4,1,Mobile,1,0.96,,0.931,4
295741,04/03/2025,1,1,,4,3,2,7,3,5,5,5,3,2,1,4,3,2,2,2,1,2,3,4,4,4,8,9,5,,,,,,3,3,2,1,5,8,4,8,5,5,1,8,9,6,4,1,1,,,,,,,,,,,1,,,,,,,4,1,3,3,2,4,3,1,2,3,2,2,2,2,,4,2,1,3,,,1,,1,,1,,,,,0,1,,,,,,2,3,2,1,2,6,1,3,5,,3,1,Mobile,1,0.686,,0.665,2
295744,04/03/2025,1,1,,5,4,1,6,3,5,5,4,4,3,4,2,3,4,2,4,1,4,4,4,4,4,10,10,3,,,,,,2,2,2,1,5,5,5,7,5,4,1,3,2,4,2,,1,1,,,,,,,,,1,1,,,,,,,2,1,3,1,2,3,4,1,1,4,2,4,1,2,,4,3,1,2,,,1,,,,,,,,,5,1,,,,,,3,2,3,3,2,5,1,2,5,,4,1,Mobile,1,0.575,,0.558,5
295745,04/03/2025,1,1,,4,3,2,6,3,5,5,3,5,98,4,4,3,2,2,98,2,98,4,4,4,3,10,10,5,,,,,,3,3,3,0,98,98,98,10,98,98,2,2,3,7,5,1,,,,,,,,,,,,,,,,,1,,1,98,98,3,3,4,1,1,1,1,2,2,2,1,2,4,3,1,1,,,,,,,,,,,1,0,1,,,,,,4,4,4,4,1,6,1,1,4,,3,1,Mobile,1,0.686,,0.665,4
295746,04/03/2025,1,1,,4,3,1,5,2,5,5,4,1,4,4,1,2,3,2,4,4,2,3,2,2,3,9,5,5,,,,,,1,1,2,3,8,8,3,5,8,5,1,97,2,2,5,1,1,1,,,,,,,,,1,,,,,,,,2,2,3,1,2,4,3,2,2,2,2,2,2,2,,4,3,1,3,,,1,1,1,1,,1,1,,,8,1,,,,,,4,4,2,3,2,6,1,4,4,,5,1,PC,1,1.179,,1.144,4
295748,04/03/2025,1,1,36,3,2,1,8,4,2,2,2,3,1,4,2,1,3,2,4,3,1,1,2,1,1,4,0,1,,,,,,2,1,3,8,10,3,5,9,10,0,1,30,4,1,4,,,,,,,,,1,,,,,,1,,,,,4,5,3,3,4,1,1,2,2,1,3,3,1,2,,3,4,2,3,,,,,,1,,,,,,10,1,,,,,,4,4,4,4,3,1,1,3,4,,4,1,PC,1,1.144,,1.11,9
295749,04/03/2025,1,1,,4,3,1,4,1,5,5,4,2,3,3,2,1,3,2,4,1,3,3,3,2,2,3,5,1,,,,,,2,2,3,7,7,4,5,7,5,1,2,1,1,1,4,1,1,,,,,,,1,,,,1,,,,,,,6,4,4,3,2,2,3,3,2,2,2,4,4,1,1,4,4,1,3,,,,1,,,,,,,,6,1,,,,,,4,3,3,2,2,5,1,2,4,,4,1,Mobile,1,1.126,,1.092,4
295750,04/03/2025,1,1,,4,3,1,8,4,2,4,2,1,4,3,1,2,4,2,4,3,2,3,4,4,4,5,2,4,,,,,,3,3,3,10,5,5,5,5,5,5,2,11,9,5,4,,,,,,,,,1,,,,,,1,,,,,8,4,3,3,3,2,1,3,2,2,3,2,3,2,,1,3,1,3,,,,1,,1,,1,,,,5,1,,,,,,3,4,4,4,3,2,1,2,5,,2,1,Mobile,1,1.271,,1.233,5
295751,04/03/2025,1,1,,5,4,1,9,5,5,4,4,2,4,3,1,4,3,2,2,4,1,3,2,3,3,8,8,1,,,,,,2,2,2,2,5,5,2,7,7,2,1,30,2,3,5,1,1,,,,,,,1,,,1,1,,,,,,,1,1,3,2,3,3,1,1,2,3,3,3,4,1,5,3,3,1,2,,1,1,,1,,,1,,,,8,,1,1,,,,4,3,3,3,2,5,1,4,5,,5,1,PC,1,0.647,,0.628,5
295755,04/03/2025,1,1,27,2,1,1,7,3,4,5,4,3,3,4,3,4,1,2,4,3,2,4,4,4,4,10,10,98,,,,,,3,1,2,2,4,4,1,6,4,3,1,2,2,4,2,1,1,1,,,,,,,,,,1,1,,,,,,1,2,3,1,3,2,2,1,1,2,2,1,1,2,,3,2,1,4,,,1,1,1,,,1,1,,,1,1,,,,,,3,98,2,4,2,5,1,1,4,,4,1,Mobile,1,0.716,,0.694,2
295756,04/03/2025,1,1,30,3,2,1,8,4,5,5,2,5,4,4,1,2,4,2,4,3,2,1,4,4,2,4,3,1,,,,,,3,4,1,8,9,2,8,7,8,2,4,9,94,2,5,1,,,,,1,,,,,,,,,1,,,,,3,5,3,1,3,4,2,2,1,1,2,3,2,2,,4,4,1,2,,,,1,,,,1,,,,4,1,,,,,,3,2,2,3,1,6,1,1,6,,4,1,PC,1,0.849,,0.823,5
295760,04/03/2025,1,1,,4,3,1,6,3,3,4,4,4,4,4,1,3,4,2,98,3,4,3,2,2,2,9,1,1,,,,,,3,1,4,1,10,1,3,8,5,0,1,7,1,1,3,,1,1,,,,,,,,,,,,1,,,,,6,98,3,4,3,4,1,2,2,1,4,4,4,2,,4,4,1,3,,,,,,1,1,,,,,6,1,,,,,,3,1,3,2,3,1,1,2,4,,2,1,PC,1,0.96,,0.931,1
295766,04/03/2025,1,1,22,1,1,2,5,2,4,4,3,2,4,4,1,3,2,2,4,3,98,2,2,3,3,9,5,1,,,,,,3,3,1,5,8,3,6,10,10,0,1,97,1,2,4,,1,,,,1,,,1,,,1,1,,,,,,,7,4,4,98,98,3,2,2,2,2,3,3,3,1,2,3,3,1,4,,,,1,1,,,1,,,,8,1,,,,,,3,3,3,3,3,5,1,1,4,,4,1,Mobile,1,1.173,,1.138,3
295767,04/03/2025,1,1,27,2,1,2,5,2,5,4,3,5,4,4,4,3,1,2,4,3,1,2,4,4,3,9,8,1,,,,,,2,4,2,0,8,2,0,8,4,0,1,7,98,2,5,1,1,1,,1,1,,1,1,,,1,1,1,,,,,,2,2,3,3,3,1,1,1,1,2,2,2,2,1,5,2,3,1,1,,,,,,,,1,,,,5,1,,,,,,3,2,1,2,1,6,1,1,6,,3,1,Mobile,1,1.089,,1.057,4
295769,04/03/2025,1,1,29,2,1,2,5,2,5,5,3,4,3,4,4,3,2,2,2,1,3,4,4,4,3,10,10,5,,,,,,2,1,2,1,3,4,2,5,5,3,2,97,2,5,4,1,,,,,,,,,,,,,,,,,1,,4,2,3,1,2,4,4,1,1,2,1,2,3,1,5,4,3,1,2,,,1,,,,,,,,,1,1,,,,,,3,2,2,2,1,6,5,4,4,,2,1,Mobile,1,1.089,,1.057,6
295770,04/03/2025,1,1,,2,1,2,8,4,1,4,2,2,2,4,1,4,2,2,4,3,1,1,1,1,1,4,0,1,,,,,,4,1,4,10,10,10,10,0,5,0,1,6,6,1,5,1,,,,,,,,,,,,,,,,,1,,1,1,2,4,1,1,1,2,2,2,2,2,2,2,,4,4,1,3,,,,1,,,,,,,,10,1,,,,,,4,4,4,4,4,4,1,1,6,,3,1,PC,1,0.914,,0.887,1
295772,04/03/2025,1,1,32,3,2,2,6,3,1,5,3,3,3,4,1,2,4,2,4,3,3,3,1,1,2,4,2,2,,,,,,3,3,3,5,6,2,10,5,5,0,2,6,6,4,5,1,,,,,,,,,,,,,,,,,1,,4,4,3,3,3,3,3,3,3,2,2,2,2,2,,4,4,98,4,,,,1,1,,,1,,,,9,1,,,,,,3,3,2,3,4,4,1,1,4,,3,1,PC,1,0.648,,0.629,1
295778,04/03/2025,1,1,38,3,2,1,4,1,4,5,4,1,4,4,1,2,3,2,4,3,1,4,1,1,1,10,0,1,,,,,,4,1,3,10,10,0,10,10,10,0,1,5,1,1,4,,1,,,,,,,,,,,,,1,,,,,10,5,4,4,4,4,2,1,1,1,1,1,1,2,,4,4,2,1,,,,,,,1,1,,,,9,1,,,,,,98,98,98,98,2,5,1,3,5,,3,1,Mobile,1,1.092,,1.059,5
295779,04/03/2025,1,1,48,4,3,2,5,2,4,2,3,2,4,3,2,1,4,2,4,3,98,3,2,2,1,0,0,1,,,,,,2,2,1,10,10,1,5,7,10,1,1,9,99,3,5,,1,,,,,1,,1,,,,,,1,,,,,10,5,3,4,2,3,1,4,4,1,2,3,2,1,2,4,3,2,2,,,,1,,,,,,,,2,1,,,,,,4,4,4,4,2,5,1,1,3,1993,4,1,Mobile,1,1.239,,1.202,6
295781,04/03/2025,1,1,49,4,3,2,4,1,3,4,3,4,4,4,1,2,4,2,4,4,2,2,1,98,2,4,2,1,,,,,,98,2,3,7,10,98,8,10,10,1,1,1,1,2,4,,1,,,,1,,,,,,1,,,1,,,,,8,5,2,98,3,3,2,3,2,1,3,4,98,1,1,4,4,2,4,,,,1,1,1,,1,,,,9,1,,,,,,3,3,98,3,3,5,1,4,5,,5,1,PC,1,1.502,,1.457,4
295782,04/03/2025,1,1,,7,5,1,9,5,5,5,4,4,1,1,3,4,1,2,1,1,3,2,4,4,4,10,10,5,,,,,,2,2,3,0,5,10,0,10,0,5,1,8,8,6,4,,1,,1,,,,,,,,,,1,,,,,,1,1,4,1,1,4,3,1,1,3,2,3,2,2,,4,4,1,2,1,,,,1,,1,,,,,0,1,,,,,,3,3,2,3,1,6,1,4,6,,4,1,Mobile,1,0.951,,0.922,5
295784,04/03/2025,1,1,,6,5,1,5,2,5,4,4,4,3,4,2,1,4,2,3,4,3,3,4,3,2,8,7,3,,,,,,2,98,1,5,10,3,5,5,10,4,2,97,30,2,4,,1,,,,,,,,,,1,1,1,1,,,,,6,98,3,2,3,2,2,2,3,2,2,3,1,99,,4,2,1,3,,,1,1,1,,1,1,,,,10,1,,,,,,3,3,2,3,2,4,1,2,2,1969,2,1,Mobile,1,1.419,,1.376,5
295788,04/03/2025,1,1,,6,5,2,6,3,5,5,4,2,3,2,4,3,1,2,3,1,3,3,3,3,3,9,8,4,,,,,,3,2,3,2,3,5,2,9,7,5,1,8,2,4,3,1,1,,,,,,,,,,,1,,,,,,,3,2,3,2,2,3,3,2,2,3,3,3,3,1,5,4,4,1,4,1,,1,,1,,,,,,,5,,1,,,,,3,3,3,3,2,6,1,1,7,,2,1,PC,1,0.825,,0.8,2
295790,04/03/2025,1,1,,8,5,2,5,2,5,4,3,5,2,1,3,4,1,2,2,1,3,4,3,4,3,10,10,5,,,,,,2,2,2,2,2,2,4,4,4,4,1,30,8,6,4,,1,,1,,,,,,,,1,1,,,,,,,1,1,2,3,2,3,3,1,1,3,2,4,4,2,,4,3,1,4,,,1,,,,1,,,,,0,,1,,,,,2,2,2,2,2,6,1,2,1,1943,2,1,PC,1,1.385,,1.343,3
295792,04/03/2025,1,1,,4,3,1,4,1,2,2,3,2,4,4,1,2,3,2,4,1,3,2,1,3,1,0,3,1,,,,,,2,3,3,9,10,3,10,10,10,3,4,9,4,1,5,1,,,,,,,,,,,,,,,,,1,,5,5,3,4,3,2,3,3,3,1,2,3,1,1,2,4,2,2,4,,,,,,1,,,,,,10,1,,,,,,4,4,2,4,3,1,1,3,4,,3,1,Mobile,1,1.519,,1.473,6
295794,04/03/2025,1,1,,4,3,2,4,1,5,5,3,1,4,4,3,2,1,2,4,3,4,4,2,4,1,5,4,1,,,,,,1,1,2,10,10,3,7,10,9,5,1,1,1,2,4,,1,,,,,,,,,,,,,1,,,,,7,5,4,2,2,3,1,4,2,1,3,3,1,2,,4,3,2,5,,,1,1,1,,,1,,,,4,1,,,,,,4,3,2,4,1,6,1,3,4,,4,1,Mobile,1,1.099,,1.066,2
295796,04/03/2025,1,1,23,2,1,1,5,2,5,3,2,1,4,4,1,4,3,2,4,3,1,2,3,3,2,2,5,1,,,,,,4,1,2,8,10,3,7,10,9,2,1,4,10,2,3,,1,1,,,1,,,,1,,,,,1,,,,,5,4,4,98,1,3,1,3,98,2,4,4,2,1,0,4,2,1,5,,,1,1,,1,,1,1,,,8,1,,,,,,4,4,4,4,1,5,1,1,4,,4,1,Mobile,1,1.116,,1.083,3
295798,04/03/2025,1,1,,4,3,1,8,4,4,4,3,3,4,4,2,1,3,2,4,3,4,4,3,4,2,10,0,1,,,,,,3,3,1,8,8,5,5,5,5,0,1,97,1,1,4,1,1,1,,1,1,1,1,1,,,,1,,,,,,,8,2,3,2,2,3,1,2,2,3,3,3,3,1,2,4,3,1,1,,,,1,,,,,,,,10,1,,,,,,4,4,4,4,3,6,1,3,4,,3,1,Mobile,1,1.015,,0.984,6
295801,04/03/2025,1,1,,2,1,1,7,3,1,3,1,1,4,4,2,1,3,2,4,4,1,2,1,1,1,6,3,1,,,,,,1,2,3,10,10,7,10,9,10,0,1,9,4,1,4,,,,,,,,1,,,,,,,1,,,,,8,5,4,2,2,3,1,4,4,1,4,4,2,1,2,4,2,2,4,,,,,,1,,1,,,,9,,,,,1,,4,4,3,4,4,1,1,1,6,,5,1,PC,1,0.698,,0.677,2
295802,04/03/2025,1,1,,4,3,1,8,4,5,5,4,5,2,1,1,3,4,2,1,1,2,2,4,4,4,10,9,5,,,,,,2,1,1,0,7,7,0,8,6,5,1,8,9,5,5,1,,1,,,,,,,1,,1,1,1,1,,,,,2,1,3,1,2,4,3,1,1,3,2,3,2,1,1,2,3,1,3,1,,1,,,,1,,,,,1,,1,,,,,3,3,2,2,2,5,1,1,4,,5,1,Mobile,1,0.943,,0.914,4
295808,04/03/2025,1,1,23,2,1,2,9,5,1,5,4,2,4,4,1,2,4,2,4,4,2,2,2,1,1,7,2,1,,,,,,2,3,3,5,9,8,10,7,10,2,2,97,4,3,5,1,,,,,,,,,,,,,,,,,1,,3,4,3,1,3,1,1,2,2,1,2,3,1,1,1,4,3,98,2,,,,1,1,1,,1,1,,,9,1,,,,,,4,2,4,4,4,2,1,1,6,,4,1,Mobile,1,0.767,,0.744,1
295810,04/03/2025,1,1,,3,2,2,5,2,5,5,4,5,4,3,3,4,1,2,4,4,98,4,4,4,98,5,7,1,,,,,,3,3,1,0,7,2,0,9,3,3,1,2,2,4,5,,1,1,,1,,,1,1,,,,1,,,,,,,2,2,98,98,3,3,98,1,1,1,1,4,4,1,5,4,3,1,4,,,1,,,,,,,,,5,1,,,,,,98,1,98,1,2,6,1,3,4,,3,1,Mobile,1,1.036,,1.005,5
295813,04/03/2025,1,1,,5,4,1,9,5,5,4,4,5,2,98,3,4,1,2,1,1,3,3,3,3,1,8,5,5,,,,,,1,2,3,3,6,8,6,7,3,6,1,8,9,6,4,1,,,,,,,1,,,,,,,,,,1,,4,1,3,1,2,3,3,1,2,3,2,3,2,1,5,4,4,1,3,1,,1,,,,1,,,,,3,,1,1,,,,3,3,3,3,2,5,1,4,5,,4,1,Mobile,1,0.647,,0.628,3
295814,04/03/2025,1,1,,5,4,1,4,1,3,4,4,3,3,4,1,3,4,2,3,3,3,3,1,2,3,5,5,1,,,,,,3,2,2,8,8,2,8,8,8,1,1,5,5,3,5,1,1,1,,,,,,,,,1,,1,,,,,,6,3,4,4,3,3,2,1,2,2,1,3,4,1,5,4,2,1,3,,,1,,1,,1,1,1,,,10,1,,,,,,3,3,3,3,3,1,1,3,6,,4,1,Mobile,1,1.259,,1.222,5
295823,04/03/2025,1,1,57,5,4,2,5,2,1,4,3,4,4,4,1,2,4,2,98,4,98,3,1,1,98,1,1,1,,,,,,3,2,3,7,9,5,9,8,8,2,98,98,5,2,5,,,1,,,,,,,,,,,,,,,1,,6,4,98,2,98,98,2,2,2,2,2,3,2,1,5,4,4,98,3,,,,,,,,1,,,,5,1,,,,,,98,3,98,98,3,4,1,2,4,,3,1,Mobile,1,0.989,,0.96,1
295826,04/03/2025,1,1,25,2,1,2,8,4,2,5,4,5,4,4,1,3,2,2,4,3,3,4,3,3,2,5,3,2,,,,,,2,3,3,3,5,5,4,5,5,3,4,94,94,98,2,,,,,,1,,,,,,,,,,,,1,,1,4,98,2,3,3,1,1,1,1,2,1,1,1,1,4,2,2,2,,,,1,1,1,1,1,,,,10,,1,,,,,98,98,98,98,3,4,1,4,4,,3,1,Mobile,1,1.174,,1.139,4
295827,04/03/2025,1,1,,2,1,2,6,3,4,4,3,2,4,4,1,3,4,2,4,4,3,3,3,3,1,0,5,1,,,,,,2,2,3,5,10,2,7,7,9,3,1,1,1,3,3,,,,,,1,,,1,,,,,,1,,,,,10,4,4,3,4,3,1,98,1,1,2,2,1,1,2,4,2,1,4,,,1,1,1,,,,1,,,10,1,,,,,,3,3,2,3,2,5,1,3,4,,3,1,Mobile,1,0.699,,0.678,2
295830,04/03/2025,1,1,,4,3,1,7,3,5,5,2,1,3,4,1,4,3,2,2,1,2,3,3,3,4,10,7,5,,,,,,1,1,1,0,5,5,1,10,3,1,1,7,3,3,5,,,1,,,,,,,1,,1,,,,,,,,2,1,3,1,1,4,3,1,1,3,2,4,1,99,,4,4,1,2,1,1,1,,1,,1,1,1,,,3,,1,,,,,98,3,3,3,2,5,1,1,3,1990,4,1,Mobile,1,0.703,,0.682,4
295832,04/03/2025,1,1,33,3,2,2,5,2,1,4,3,4,4,4,1,3,4,2,4,3,4,4,98,2,1,5,1,1,,,,,,98,2,3,10,10,0,10,5,5,0,1,6,6,3,3,1,,1,,,,,1,,,,,,,,,,1,,5,5,98,2,3,4,98,2,2,1,1,1,1,2,,4,4,1,2,,,1,,,,,1,,,,10,1,,,,,,4,4,98,4,4,4,1,1,4,,2,1,PC,1,1.088,,1.056,5
295834,04/03/2025,1,1,,5,4,2,5,2,4,4,4,4,4,4,1,2,3,2,4,3,98,4,4,2,2,4,4,1,,,,,,4,2,3,8,8,1,0,7,8,0,2,1,1,1,3,,1,,,,,,,,,,,,1,,,,,,8,5,2,2,4,3,2,4,3,2,2,4,2,2,,4,3,98,5,,,,,1,,,,,,,10,1,,,,,,4,3,2,2,2,5,1,3,5,,3,1,Mobile,1,1.014,,0.984,4
295838,04/03/2025,1,1,,4,3,2,4,1,4,4,4,4,98,4,1,3,2,2,98,3,98,3,98,3,4,6,5,98,,,,,,3,3,4,98,98,98,4,5,5,5,1,99,99,98,1,,,,,,,,,,,,,,,,,,,,98,98,3,3,3,2,2,2,2,2,2,4,98,1,4,4,4,1,98,,,,,,,,,,,1,8,,,,,,1,3,98,4,98,3,4,1,4,4,,5,1,Mobile,1,1.183,,1.148,2
295841,04/03/2025,1,1,,3,2,1,8,4,4,98,3,5,4,4,1,2,3,2,4,3,2,3,98,98,98,9,5,1,,,,,,1,98,1,0,98,98,0,98,98,0,4,96,2,2,4,1,,,,,,,,,,,,1,,,,,,,1,1,3,3,98,3,2,1,1,1,1,2,98,2,,4,4,1,2,,,,,,,,1,,,,10,1,,,,,,3,3,2,98,3,5,1,3,4,,99,1,PC,1,0.914,,0.886,1
295847,04/03/2025,1,1,,4,3,1,6,3,5,3,3,3,4,3,2,4,3,2,4,1,1,3,1,4,3,10,10,1,,,,,,3,3,2,8,8,1,0,10,5,1,1,97,1,2,4,,,1,,,,,,,,,,1,,,,,,,7,3,3,3,3,3,3,2,1,3,2,3,2,1,2,4,3,1,3,,,,,,,,1,,,,0,1,,,,,,3,3,3,3,1,6,1,1,3,1990,3,1,Mobile,1,0.703,,0.682,3
295850,04/03/2025,1,1,,2,1,2,8,4,4,5,4,5,4,2,1,3,4,2,3,3,4,3,2,2,2,8,7,1,,,,,,2,2,2,5,7,0,4,7,5,0,1,1,1,2,2,,1,,,1,1,,,1,,,,1,,,,,,,5,3,3,3,2,1,1,2,2,2,3,4,3,1,2,4,2,1,3,,,1,1,1,,,,,,,5,,1,,,,,3,4,3,3,2,4,1,3,4,,3,1,Mobile,1,0.937,,0.909,5
295852,04/03/2025,1,1,,6,5,2,5,2,5,5,3,2,3,4,1,3,4,2,3,1,3,3,3,4,98,9,6,3,,,,,,2,2,1,3,5,3,2,6,5,4,1,7,3,3,5,1,1,,,,,,1,,,,1,1,,,,,,,3,2,3,2,98,3,3,2,2,2,2,3,3,2,,4,3,1,3,,,1,,,,,,,,,6,,1,1,,,,3,3,2,3,2,4,1,4,5,,3,1,PC,1,1.385,,1.343,5
295854,04/03/2025,1,1,,7,5,1,6,3,5,5,3,3,2,1,3,4,1,2,2,1,3,3,3,3,4,9,9,5,,,,,,2,2,2,0,4,8,5,8,8,8,1,97,9,7,5,1,,,,,,,,,,,,,,,,,1,,1,1,3,2,2,3,3,1,1,3,1,3,4,1,3,4,4,1,3,1,,,,1,,,,,,,1,1,,,,,,4,3,3,2,2,4,1,1,6,,1,1,Mobile,1,0.845,,0.82,4
295855,04/03/2025,1,1,,4,3,1,6,3,5,5,3,3,4,4,1,4,2,2,4,3,3,4,1,3,2,8,5,1,,,,,,2,2,3,10,9,5,4,10,10,5,1,1,1,2,3,1,1,1,,1,,,,,,,1,,,,,,,,5,4,4,2,2,3,4,3,3,3,2,4,4,1,4,4,3,1,3,,,1,,,,,1,,,,9,1,,,,,,4,3,4,3,2,5,1,2,5,,5,1,Mobile,1,0.703,,0.682,2
295856,04/03/2025,1,1,,3,2,1,4,1,1,5,2,2,4,4,1,2,4,2,4,3,3,3,1,1,1,5,0,1,,,,,,4,4,1,10,10,0,10,5,5,10,1,6,6,1,5,1,,,,,,,,,,,,,,,,,1,,2,5,4,98,2,3,2,4,3,1,2,2,1,1,5,4,4,2,4,,,,,1,,,1,,,,10,1,,,,,,4,4,4,4,4,1,1,1,4,,3,1,PC,1,1.065,,1.033,6
295860,04/03/2025,1,1,25,2,1,1,5,2,1,2,2,1,4,4,2,1,4,2,4,3,2,2,1,1,2,1,1,1,,,,,,2,2,2,10,10,8,10,10,10,0,1,9,4,1,3,1,1,,,,,,,,,,,,,1,,,,,8,5,4,3,4,2,1,3,3,1,3,3,1,1,2,3,3,2,4,,,,1,,1,,1,,,,10,1,,,,,,4,4,4,4,4,1,1,2,5,,1,1,Mobile,1,1.172,,1.137,7
295863,04/03/2025,1,1,,1,1,2,5,2,4,5,2,5,4,4,4,3,1,2,4,4,1,3,4,3,1,10,6,1,,,,,,1,2,2,3,10,1,4,10,10,2,1,97,1,1,3,1,1,,,,1,1,,,,,1,1,,,,,,,4,4,3,1,1,1,3,1,1,1,1,1,1,1,2,2,2,1,1,,,,1,,,,1,,,,10,1,,,,,,3,4,3,3,2,5,1,3,4,,3,1,Mobile,1,1.173,,1.138,4
295866,04/03/2025,1,1,,5,4,1,8,4,5,5,4,1,3,3,3,1,4,2,4,2,1,2,4,4,3,8,8,5,,,,,,3,1,1,6,8,4,1,7,7,7,1,7,7,3,4,,1,,,,,,,1,,,1,1,,,,,,,3,98,4,2,2,3,2,1,2,3,2,2,98,2,,4,4,1,4,,,,1,1,,1,1,,,,10,1,,,,,,4,4,3,3,1,6,99,1,3,1991,4,1,Mobile,1,0.772,,0.748,4
295868,04/03/2025,1,1,,4,3,1,8,4,5,4,4,3,2,2,3,4,1,2,2,1,3,4,4,4,4,10,9,5,,,,,,3,1,1,0,4,10,3,9,7,7,1,8,9,6,4,1,1,1,,,,,,,,,,,1,,,,,,3,2,4,1,1,4,4,1,2,3,2,2,98,1,4,4,4,1,1,1,1,1,,,,1,,,,,2,1,,,,,,3,3,2,3,1,6,99,1,4,,3,1,Mobile,1,0.943,,0.914,6
295869,04/03/2025,1,1,,2,1,2,7,3,3,5,3,5,4,4,1,2,3,2,4,4,98,1,1,3,2,4,4,3,,,,,,3,2,1,98,98,98,98,98,98,98,1,9,4,1,5,1,1,1,,1,1,,1,1,,,,,,1,,,,,4,4,3,1,2,4,2,2,2,1,3,3,98,1,5,2,4,1,2,,,,,1,,,1,,,,10,1,,,,,,3,2,1,2,3,4,1,3,4,,3,1,Mobile,1,0.886,,0.86,3
295871,04/03/2025,1,1,,4,3,1,8,4,5,5,4,1,3,3,1,3,4,2,2,4,2,3,4,4,4,10,10,5,,,,,,2,1,2,0,10,10,10,10,10,10,1,8,2,3,5,1,1,,,,,,,,,,,1,,,,,,,1,1,4,1,1,4,1,1,2,4,3,4,1,2,,4,4,1,2,,,1,,1,,,1,1,,,0,,1,1,,,,4,4,4,4,1,6,1,4,5,,5,1,Mobile,1,0.943,,0.914,5
295883,04/03/2025,1,1,,2,1,2,7,3,2,4,3,3,4,4,2,1,4,2,4,1,3,3,2,1,2,8,4,1,,,,,,4,3,4,7,10,0,5,6,10,0,2,98,1,1,2,1,,,,,,,,,,,,,,,,,1,,98,98,3,3,3,2,1,2,2,3,2,3,3,2,,4,3,1,3,,,,,,,,1,,,,8,1,,,,,,3,3,4,3,3,4,1,3,5,,4,1,Mobile,1,0.875,,0.849,4
295887,04/03/2025,1,1,,4,3,1,4,1,5,5,4,2,4,4,3,4,1,2,3,1,4,4,3,4,4,10,10,4,,,,,,2,2,2,2,3,7,4,8,3,5,2,8,94,5,4,,1,,,,,,,,,,1,,,,,,,,1,1,4,2,2,4,2,1,1,3,2,2,1,1,2,4,3,1,3,,,1,,,,,,,,,6,1,,,,,,3,3,3,2,1,6,1,3,4,,1,1,Mobile,1,1.126,,1.092,3
295888,04/03/2025,1,1,,3,2,2,5,2,3,3,3,3,4,4,1,2,4,2,4,4,98,3,3,3,1,1,1,1,,,,,,2,2,3,10,10,0,5,5,5,0,1,1,1,4,4,1,1,,,1,1,,,,,,,,,1,,,,,5,4,3,3,3,2,2,3,3,2,2,3,3,2,,4,3,1,4,,,,,,,,,,,1,10,1,,,,,,4,4,4,4,3,5,1,3,7,,4,1,Mobile,1,1.416,,1.373,4
295892,04/03/2025,1,1,47,4,3,2,6,3,1,4,3,3,4,4,1,3,4,2,4,2,3,4,2,1,1,3,3,2,,,,,,2,1,2,8,9,5,10,8,9,2,1,6,6,2,5,1,,,1,,,,,,,,,,,,,,1,,8,4,4,2,2,3,3,3,3,1,2,2,2,1,5,4,3,1,5,,,,,,,,1,,,,7,1,,,,,,3,4,3,3,4,5,1,1,2,1976,2,1,PC,1,0.72,,0.699,7
295894,04/03/2025,1,1,,5,4,1,9,5,5,2,1,4,4,3,1,3,2,2,4,3,2,2,3,3,3,5,5,1,,,,,,1,2,1,8,8,5,5,8,7,5,1,1,1,1,4,,1,1,,1,1,,,1,,,,,,1,,,,1,7,5,4,1,1,4,3,3,3,1,2,2,1,1,4,4,3,1,4,,,,,,,,1,,,,6,1,,,,,,4,4,2,4,2,5,1,2,5,,5,1,Mobile,1,0.647,,0.628,6
295898,04/03/2025,1,1,,6,5,2,5,2,5,4,4,2,2,1,3,1,4,2,2,1,3,3,4,4,4,10,5,3,,,,,,3,2,2,0,5,8,3,8,8,7,1,3,3,5,4,1,1,1,,,,,,,,,1,1,,,,,,,2,1,3,2,2,3,98,1,1,3,1,3,3,2,,4,4,1,4,,,1,,1,,,,,,,3,1,,,,,,3,3,3,3,2,5,1,4,4,,1,1,Mobile,1,1.385,,1.343,4
295900,04/03/2025,1,1,,2,1,2,8,4,2,5,4,4,4,4,2,3,1,2,4,3,98,3,3,2,2,8,5,1,,,,,,3,3,2,5,8,4,8,8,9,2,2,97,5,2,2,1,,,,,,,,,,,,,,1,,,,,4,4,3,3,3,3,2,1,1,1,2,3,1,1,5,4,4,1,3,,,,1,,,,,,,,6,1,,,,,,2,3,98,2,4,2,1,3,4,,2,1,Mobile,1,1.174,,1.139,3
295903,04/03/2025,1,1,25,2,1,1,5,2,4,4,3,4,4,4,2,1,4,2,4,3,2,3,2,4,1,7,5,1,,,,,,2,1,2,9,10,1,5,10,10,0,1,9,1,2,4,1,1,,,1,1,,,,,,,,,1,,,,1,10,5,4,2,3,4,3,4,2,1,3,4,2,1,5,4,4,1,4,,,,1,1,1,,1,,,,10,1,,,,,,4,4,4,4,2,4,1,3,4,,3,1,PC,1,1.202,,1.166,3
295904,04/03/2025,1,1,,3,2,1,8,4,3,4,2,2,4,4,1,3,2,2,4,3,2,3,3,1,1,1,3,1,,,,,,2,2,1,5,7,3,0,7,10,5,1,30,10,1,5,1,1,,,1,,,,1,,,,1,,1,,,,,2,4,3,1,2,2,2,2,2,1,2,2,98,1,1,4,3,2,3,,,,1,,1,,1,,,,9,1,,,,,,2,2,1,2,3,4,1,1,4,,99,1,Mobile,1,1.159,,1.125,1
295917,04/03/2025,1,1,54,5,4,1,6,3,3,4,4,3,2,1,1,3,2,2,2,2,4,4,3,3,4,9,9,1,,,,,,1,2,2,0,2,2,0,10,5,1,1,3,3,4,4,1,1,,,1,1,,1,,,,,1,,,,,,,4,1,3,4,3,3,3,1,2,4,2,4,4,2,,4,4,1,2,1,,1,,,,,,,,,1,1,,,,,,3,1,3,3,2,1,1,1,2,1972,3,1,Mobile,1,0.786,,0.762,2
295920,04/03/2025,1,1,53,5,4,1,7,3,1,2,4,1,4,4,2,1,3,2,4,4,2,2,2,1,4,0,0,2,,,,,,2,1,2,8,10,3,7,8,6,2,1,9,4,2,5,1,,,,,,,,1,,,1,1,,1,,,,,2,5,3,2,2,3,3,2,3,1,2,3,1,2,,4,4,2,1,,,,1,1,,1,1,1,,,9,1,,,,,,4,3,3,3,4,2,1,1,3,1990,1,1,PC,1,0.604,,0.586,1
295921,04/03/2025,1,1,,7,5,1,6,3,5,5,4,2,2,2,3,4,1,2,2,1,3,3,4,4,3,10,9,5,,,,,,2,1,2,0,5,8,2,9,5,8,1,8,9,6,4,1,1,,,,,,,,,,1,1,1,,,,,,2,1,4,2,2,4,4,1,2,4,2,4,4,1,2,4,3,1,3,,,1,,1,,1,,,,,2,,1,1,,,,4,4,2,3,1,6,1,1,6,,4,1,PC,1,0.845,,0.82,6
295924,04/03/2025,1,1,,4,3,1,6,3,4,4,3,4,3,3,3,4,1,2,3,3,98,4,3,3,2,10,5,1,,,,,,2,2,2,7,5,5,5,5,5,5,1,99,1,5,2,1,,,,,,,,,,,,,1,,,,,,6,3,2,2,2,2,3,3,3,3,3,3,3,1,1,4,4,1,3,,,1,,,,,,,,,6,1,,,,,,3,3,3,3,2,5,1,3,5,,3,1,Mobile,1,0.756,,0.734,5
295925,04/03/2025,1,1,23,2,1,2,7,3,1,4,3,4,4,4,1,2,3,2,4,3,3,3,2,3,3,5,1,1,,,,,,4,3,3,7,6,3,9,9,9,1,3,97,94,3,2,,1,,,,,,,1,,,,1,,,,,,,98,98,3,2,2,2,1,2,2,2,1,4,1,1,4,4,4,1,4,,,,1,1,,,,,,,3,1,,,,,,4,4,4,4,3,4,1,1,4,,2,1,Mobile,1,0.682,,0.661,4
295926,04/03/2025,1,1,,2,1,1,5,2,2,4,2,2,4,4,1,4,2,2,4,3,1,1,3,3,98,6,0,5,,,,,,2,3,1,2,98,98,4,6,9,2,2,30,10,1,5,1,,,,1,,,1,,,,,,,,,,1,,2,4,2,2,3,3,4,1,1,1,2,3,2,1,5,3,4,1,2,,,,1,1,1,,,,,,10,1,,,,,,3,3,3,3,4,1,1,1,6,,1,1,Mobile,1,1.505,,1.46,3
295931,04/03/2025,1,1,,6,5,1,7,3,2,3,3,4,4,4,1,4,2,2,4,3,1,2,2,3,1,8,3,3,,,,,,2,2,1,10,10,5,8,8,10,3,1,1,1,1,5,,,1,,,,,,,,,,,,1,,,,,9,5,3,2,2,4,4,4,4,1,3,3,1,1,5,4,4,2,5,,,,,,,,1,,,,0,1,,,,,,4,4,3,4,3,1,1,3,5,,3,1,Mobile,1,1.14,,1.106,4
295932,04/03/2025,1,1,,2,1,1,4,1,5,4,4,5,4,4,2,1,3,2,4,4,98,3,3,2,1,1,9,1,,,,,,2,4,2,3,10,0,0,7,10,0,4,9,4,1,5,1,,1,,1,1,,,1,1,,,,,1,,,,,2,4,98,2,2,1,1,2,2,1,3,1,1,1,1,4,2,2,1,,,,,,1,,1,,,,10,1,,,,,,3,3,2,4,2,6,1,3,4,,1,1,Mobile,1,1.066,,1.034,5
295938,04/03/2025,1,1,,5,4,1,6,3,5,5,4,5,4,4,3,1,2,2,4,3,2,3,4,3,3,9,8,3,,,,,,1,2,1,0,7,7,3,10,10,1,1,30,3,2,5,,1,1,,1,1,,,,,,1,1,1,,,,,,1,2,4,1,3,3,3,1,1,3,3,3,3,1,3,4,4,1,4,,,,1,1,,,1,1,,,10,,1,1,,,,4,4,3,4,1,6,1,2,4,,4,1,PC,1,0.575,,0.558,4
295941,04/03/2025,1,1,,5,4,2,4,1,5,4,3,3,3,98,3,4,1,2,4,1,4,3,3,3,98,7,6,1,,,,,,98,2,3,3,5,5,5,5,8,5,2,97,2,5,2,1,1,,,,,,,,,,,1,,,,,,,5,2,3,3,3,3,98,2,2,3,2,4,3,1,5,4,2,1,3,,,,,1,,,,,,,8,1,,,,,,4,3,3,3,2,5,1,1,4,,2,1,Mobile,1,0.9,,0.873,4
295942,04/03/2025,1,1,,4,3,2,4,1,4,4,4,5,4,4,4,3,1,2,4,3,3,4,3,3,3,10,5,3,,,,,,2,2,2,1,4,7,4,8,5,4,1,3,3,4,4,1,,,,,,,,,,,,1,,,,,,,2,2,3,3,3,3,2,1,2,3,2,2,4,2,,4,2,1,3,,,,,1,,,1,,,,5,,,,,,1,3,3,3,3,1,5,1,3,4,,99,1,PC,1,1.183,,1.148,4
295943,04/03/2025,1,1,,7,5,1,6,3,4,4,3,4,3,4,4,1,3,2,3,2,3,3,3,3,2,10,5,5,,,,,,2,2,1,5,5,5,5,5,5,5,2,97,98,4,3,1,1,1,,,,,,,,,1,1,,1,,,,,5,2,3,2,2,4,3,98,3,3,3,3,4,2,,4,4,1,2,,,1,,,,,,,,,9,1,,,,,,3,3,3,3,3,4,1,4,6,,4,1,Mobile,1,0.91,,0.883,4
295945,04/03/2025,1,1,60,6,5,1,6,3,5,5,4,2,4,3,3,1,4,2,4,4,2,2,4,4,1,10,7,3,,,,,,2,1,2,3,7,3,1,10,5,1,1,97,2,3,4,1,1,,1,,,,,1,,,1,,,,,,,1,6,4,4,3,1,4,3,2,2,2,3,3,3,2,,4,4,1,4,,,1,1,1,,,1,1,,,2,1,,,,,,4,4,4,4,1,6,5,4,4,,1,1,PC,1,0.845,,0.82,4
295946,04/03/2025,1,1,44,4,3,1,8,4,5,5,4,5,4,4,3,4,1,2,4,3,2,3,3,4,4,10,8,4,,,,,,2,3,2,1,6,7,5,8,7,3,1,3,3,3,4,1,1,,,,,,,,,,,1,,,,,,,1,1,4,1,1,3,3,1,1,3,1,3,2,2,,4,3,1,3,,,1,,,,,1,,,,5,1,,,,,,3,3,1,3,2,6,1,2,5,,3,1,Mobile,1,0.943,,0.914,3
295954,04/03/2025,1,1,,7,5,1,8,4,3,4,3,2,4,4,1,2,3,2,4,3,1,3,1,2,1,7,3,1,,,,,,2,2,2,9,8,2,7,6,9,1,1,1,1,3,5,1,1,1,,,,,1,,,,1,,,1,,,,,8,4,3,2,2,2,1,3,2,1,2,3,2,2,,4,3,2,4,,,,1,1,1,,1,,,,2,1,,,,,,4,4,3,3,3,1,1,2,4,,4,1,Mobile,1,1.549,,1.503,7
295959,04/03/2025,1,1,,7,5,1,8,4,4,5,4,4,3,4,4,3,1,2,2,1,2,3,4,2,3,10,5,5,,,,,,2,1,2,4,5,5,4,6,6,5,1,30,3,4,4,1,1,1,1,,,,,,,,1,1,1,,,,,,2,2,3,2,2,4,2,2,2,3,2,3,3,2,,4,4,1,4,,,1,,,,,,,,,8,,1,1,,,,3,3,3,3,2,4,1,1,6,,3,1,Mobile,1,1.221,,1.184,4
295963,04/03/2025,1,1,,3,2,1,8,4,5,5,4,5,4,4,1,2,4,2,4,3,2,2,4,3,2,5,4,1,,,,,,1,2,1,0,8,0,0,10,8,0,1,9,4,1,3,1,,1,,,,,,1,,,,,,,,,1,,6,4,2,4,4,1,1,2,2,2,2,2,3,1,2,4,3,1,2,,,,,,1,,1,,,,10,1,,,,,,3,3,3,3,1,6,1,4,7,,5,1,Mobile,1,0.849,,0.823,6
295964,04/03/2025,1,1,42,4,3,2,5,2,5,5,5,5,4,4,1,2,4,2,4,4,3,4,3,4,3,5,7,1,,,,,,2,1,3,0,4,4,8,10,10,0,1,30,2,2,3,,1,,,1,1,,,,,,,1,1,,,,,,2,1,3,4,1,1,3,1,1,3,3,4,4,1,5,4,2,1,1,,,1,1,1,1,,1,1,,,10,1,,,,,,4,3,3,4,2,5,1,2,4,,4,1,PC,1,1.151,,1.117,6
295965,04/03/2025,1,1,28,2,1,1,4,1,2,5,5,5,4,4,1,2,3,2,4,3,3,4,1,1,1,1,1,1,,,,,,2,1,2,7,10,0,10,10,10,0,2,9,4,1,4,1,1,,,,,,,,,,,,,1,,,,,8,5,3,2,2,2,2,1,1,1,2,4,1,1,5,4,4,1,4,,,,,,,,1,,,,4,1,,,,,,3,2,3,3,3,1,1,2,4,,4,1,Mobile,1,1.437,,1.394,4
295969,04/03/2025,1,1,,4,3,1,8,4,5,4,4,2,4,4,2,4,1,2,4,3,2,3,3,4,2,6,5,2,,,,,,2,2,2,8,3,7,5,8,7,2,1,97,1,2,3,1,1,1,,1,,,1,1,,,,,,,,,1,,5,4,3,3,3,3,2,2,2,1,2,3,2,1,5,3,3,1,4,,,,1,1,1,,1,1,,,9,1,,,,,,3,3,3,4,2,5,1,1,3,1991,1,1,Mobile,1,0.943,,0.914,6
295970,04/03/2025,1,1,,5,4,1,8,4,5,5,3,4,3,4,1,4,3,2,3,1,3,3,3,4,3,10,10,3,,,,,,3,3,1,1,4,7,3,9,3,3,1,3,3,4,5,1,1,,,,,,,,,,,1,,,,,,,3,2,3,2,2,3,3,1,2,3,1,3,3,1,4,4,3,1,3,1,,1,,1,,,,,,,1,1,,,,,,3,3,2,3,1,6,1,1,6,,5,1,Mobile,1,0.772,,0.748,3
295975,04/03/2025,1,1,45,4,3,2,5,2,4,3,2,3,4,4,4,3,2,2,4,4,3,4,3,4,3,8,5,3,,,,,,3,98,2,10,8,2,10,10,10,3,2,1,1,1,2,1,1,,,,,,,1,,,1,,1,1,,,,,8,5,98,4,4,2,1,3,1,98,4,4,98,1,1,4,2,1,3,,,1,,1,,,1,,,,5,1,,,,,,4,4,2,4,2,4,1,4,5,,4,1,Mobile,1,1.239,,1.202,4
295976,04/03/2025,1,1,23,2,1,2,6,3,1,5,4,1,4,4,1,3,4,2,4,3,1,3,1,1,1,0,0,1,,,,,,3,4,2,6,10,0,10,5,6,0,1,6,6,1,4,,,1,,,,,,,,,,,,1,,,,,5,5,3,1,1,4,1,2,2,1,2,2,2,1,4,4,3,2,3,,,,,,,,1,,,,5,1,,,,,,3,3,2,3,4,1,1,1,4,,2,1,PC,1,0.682,,0.661,4
295980,04/03/2025,1,1,29,2,1,1,8,4,5,5,4,3,2,2,3,1,4,2,2,1,2,3,4,4,4,10,7,3,,,,,,4,3,1,0,5,5,2,10,10,5,1,30,8,4,5,1,,,,,,,1,1,,,,1,,,,,,,3,2,4,4,1,4,3,1,1,2,1,4,1,1,5,3,3,1,2,,,1,,1,,,1,,,,3,,1,1,,,,4,98,2,3,2,6,1,3,4,,3,1,Mobile,1,0.892,,0.865,4
295989,04/03/2025,1,1,,4,3,1,5,2,3,5,3,1,4,4,1,2,3,2,4,2,3,3,1,3,4,10,1,1,,,,,,3,1,3,9,10,6,8,6,10,5,2,98,1,2,2,,1,,,,1,1,,,,,,,,1,,,,,8,98,3,98,3,3,2,4,4,4,4,4,4,1,5,4,4,1,4,,,1,1,1,,,1,,,,1,1,,,,,,4,3,4,4,3,1,1,3,5,,4,1,Mobile,1,1.611,,1.563,3
295990,04/03/2025,1,1,,4,3,1,5,2,5,2,2,4,3,2,1,3,4,2,2,1,2,3,3,4,4,10,10,5,,,,,,1,2,2,3,3,7,2,10,5,4,2,7,7,5,4,1,,,,,,,,,,,,,,,,,1,,5,1,4,2,2,3,3,1,1,4,2,3,2,2,,4,4,1,4,1,,,,,,,,,,,4,1,,,,,,3,3,3,3,1,6,1,1,3,1997,1,1,Mobile,1,1.179,,1.144,6
295995,04/03/2025,1,1,,2,1,1,6,3,3,4,3,5,3,4,1,3,2,2,3,4,3,3,2,3,2,5,5,1,,,,,,2,2,1,8,7,7,6,7,6,3,1,97,99,2,5,1,,,,,,,,,,,1,,,,,,,,8,3,4,2,2,4,3,2,2,2,2,2,1,1,5,4,3,1,4,,,,,,,,1,,,,1,1,,,,,,4,4,4,4,3,5,1,2,5,,3,1,Mobile,1,0.908,,0.881,4
295997,04/03/2025,1,1,23,2,1,2,6,3,2,5,3,5,3,3,2,4,1,2,4,3,3,3,2,3,2,8,2,3,,,,,,4,98,2,8,9,5,5,9,9,3,2,97,4,2,2,1,,,,,1,,,,,,,,,,,,,1,5,4,4,2,2,3,3,98,98,2,3,3,98,1,3,4,3,1,3,,,,1,,1,,1,,,,6,1,,,,,,3,3,4,3,4,4,1,4,4,,4,1,Mobile,1,0.875,,0.849,7
295998,04/03/2025,1,1,,2,1,2,5,2,5,5,5,5,4,4,3,2,4,2,4,3,98,3,4,4,3,10,10,3,,,,,,3,98,2,0,9,0,0,10,5,1,2,30,94,4,4,1,1,,,1,1,1,,,,,,1,,,,,,,1,2,3,98,98,4,98,1,1,2,2,2,2,1,2,4,3,1,3,,,,,1,,,1,,,,5,1,,,,,,3,2,2,2,1,6,5,1,7,,4,1,Mobile,1,1.089,,1.057,5
296001,04/03/2025,1,1,,5,4,1,8,4,4,4,4,2,4,4,4,3,2,2,4,4,2,2,2,3,2,4,5,1,,,,,,1,1,3,7,8,5,3,4,6,4,1,30,1,2,3,1,,1,,,,,,,,,1,,,,,,,,6,4,4,3,3,3,1,2,2,1,3,4,2,1,4,4,3,1,4,,,1,,1,,1,1,,,,5,1,,,,,,4,4,4,3,3,4,1,2,5,,4,1,Mobile,1,0.831,,0.806,4
296002,04/03/2025,1,1,,5,4,2,4,1,4,5,5,4,3,4,1,2,4,2,2,1,3,3,3,3,2,8,5,1,,,,,,3,3,3,6,7,4,5,6,6,2,2,98,1,3,3,,1,,,,,,,,,,,,1,,,,,,6,3,3,3,3,3,3,2,2,2,2,3,2,2,,4,4,1,3,,,1,1,1,,,,,,,5,1,,,,,,4,3,3,3,3,6,1,2,4,,1,1,Mobile,1,0.969,,0.94,3
296007,04/03/2025,1,1,54,5,4,1,6,3,5,5,4,5,3,3,3,2,1,2,2,2,2,3,4,4,4,10,8,5,,,,,,1,1,1,2,6,4,0,8,8,3,1,2,2,3,5,1,,,,,,,,1,,,,,,,,,1,,1,1,3,2,1,4,3,1,2,3,2,4,3,2,,4,3,1,4,,,1,,,,1,1,,,,2,1,,,,,,3,4,3,3,2,5,1,1,7,,3,1,Mobile,1,0.575,,0.558,6
296009,04/03/2025,1,1,31,3,2,2,5,2,5,5,4,5,4,4,1,2,3,2,4,1,98,4,3,3,3,10,5,1,,,,,,3,4,3,5,10,0,5,5,5,0,3,98,4,1,4,,1,,,1,,1,,,,,,1,1,,,,,,5,98,2,98,3,1,1,2,98,98,3,3,98,1,2,4,3,1,1,,,,1,1,,,1,,,,10,1,,,,,,3,2,98,2,1,5,1,3,4,,5,1,Mobile,1,1.036,,1.005,6
296019,04/03/2025,1,1,48,4,3,1,8,4,5,4,5,5,4,4,4,3,1,2,3,1,2,4,4,4,3,10,9,98,,,,,,1,3,3,3,8,6,5,10,9,6,1,7,2,3,3,1,1,,,1,,,,1,,,1,1,,,,,,,2,2,4,2,2,4,1,1,2,3,2,4,2,1,4,4,3,1,2,,,,1,1,,,1,1,,,2,1,,,,,,3,3,3,3,2,5,1,3,5,,3,1,Mobile,1,0.943,,0.914,4
296020,04/03/2025,1,1,,3,2,2,6,3,1,5,3,98,3,4,3,1,4,2,98,3,98,3,1,2,1,5,0,1,,,,,,4,1,3,5,8,2,10,5,5,1,98,6,6,98,3,,,,1,,,,,,,,,,,,,,1,,6,98,3,98,98,98,2,1,1,1,1,1,1,1,1,4,4,98,98,,,,,,,,1,,,,5,1,,,,,,98,98,98,98,4,4,1,1,4,,2,1,PC,1,0.648,,0.629,7
296023,04/03/2025,1,1,37,3,2,1,8,4,5,5,5,4,1,2,4,3,1,2,1,1,3,3,4,4,4,10,8,5,,,,,,1,1,1,0,4,10,3,10,3,5,1,8,11,7,5,,1,,,,,,1,,,,,,1,,,,,,1,1,98,98,2,4,3,1,2,3,1,2,1,1,4,4,4,1,1,1,,1,,,,1,,,,,0,,1,1,1,,,3,3,2,3,1,6,1,1,4,,2,1,Mobile,1,0.849,,0.823,5
296025,04/03/2025,1,1,28,2,1,2,4,1,5,5,3,5,4,4,4,3,1,2,4,1,3,4,4,4,4,10,10,1,,,,,,4,2,3,3,8,5,2,9,4,1,1,7,7,1,2,1,,,,,,,,,,,,1,,,,,,,5,3,3,2,3,4,2,2,2,3,3,4,4,1,1,4,2,1,3,,,,1,1,,,1,,,,5,1,,,,,,4,3,3,3,2,6,1,3,4,,1,1,Mobile,1,1.04,,1.009,3
296046,04/03/2025,1,1,,4,3,2,8,4,5,5,4,5,3,4,3,4,1,2,3,4,3,3,4,4,4,10,10,98,,,,,,3,3,2,0,0,7,5,8,1,3,1,8,3,5,4,1,,,,1,1,,,,1,,1,1,,,,,,,1,1,3,3,2,3,3,1,1,4,1,1,1,1,5,4,3,1,1,,,,1,1,,,1,,,,8,,1,,,,,3,98,2,2,1,5,1,1,6,,4,1,Mobile,1,0.92,,0.892,5
296048,04/03/2025,1,1,,7,5,1,8,4,5,5,5,3,3,4,3,4,1,2,3,1,3,4,4,3,4,10,10,5,,,,,,2,3,2,1,5,5,2,10,3,5,1,8,3,4,5,1,1,,,1,,,1,,,,1,1,,,,,,,1,1,4,4,2,4,4,1,1,4,2,2,2,1,0,4,1,1,1,,,1,,1,,1,,,,,5,1,,,,,,3,3,3,3,2,6,1,1,7,,2,1,Mobile,1,1.134,,1.1,6
296049,04/03/2025,1,1,41,4,3,1,9,5,2,4,2,1,4,4,4,1,2,2,4,4,3,3,3,3,4,10,2,4,,,,,,2,3,2,2,9,9,9,9,9,5,1,7,8,3,4,1,1,,,,,,,,1,,,1,1,,,,,,1,1,4,4,1,2,3,1,2,3,2,4,1,1,4,4,1,1,4,,,1,,1,,,1,1,,,1,1,,,,,,4,4,3,3,3,2,1,3,5,,3,1,Mobile,1,1.066,,1.034,6
296051,04/03/2025,1,1,35,3,2,2,4,1,1,5,4,4,4,4,4,2,3,2,4,4,2,3,3,3,2,2,5,2,,,,,,3,4,3,5,7,7,7,7,7,3,3,4,4,3,2,,,,,,,,1,,,,,,,,,,1,,1,5,2,2,2,3,3,1,1,1,2,3,2,1,5,4,3,1,3,,,1,1,1,,,1,,,,1,1,,,,,,4,3,3,3,4,3,1,4,2,2009,3,1,Mobile,1,1.039,,1.008,1
296055,04/03/2025,1,1,,5,4,1,8,4,4,4,3,2,4,3,4,1,3,2,4,4,2,2,4,3,1,3,6,98,,,,,,2,4,1,7,7,4,4,7,7,3,2,96,1,3,5,,1,1,,,,,,1,,,,1,,1,,,,,5,4,4,1,1,3,2,3,3,2,2,4,3,2,,4,3,98,4,,,1,,1,,,1,,,,7,1,,,,,,4,3,3,3,3,4,1,3,5,,5,1,Mobile,1,0.831,,0.806,4
296058,04/03/2025,1,1,,4,3,2,8,4,5,5,4,5,3,2,3,4,1,2,2,1,3,3,3,3,3,8,8,2,,,,,,3,3,3,0,5,5,4,6,5,3,2,2,2,5,3,1,,,,,,,,,,,,,,,,,1,,2,2,3,2,2,3,3,1,2,3,2,3,3,1,5,4,4,1,3,,,1,1,,,,,,,,2,1,,,,,,3,3,3,3,2,5,1,2,5,,4,1,Mobile,1,0.92,,0.892,4
296062,04/03/2025,1,1,,5,4,2,7,3,5,5,5,5,4,3,3,1,4,2,3,1,4,4,4,4,3,10,8,3,,,,,,2,2,1,2,4,5,1,8,1,4,1,98,3,4,5,1,1,,,1,1,,,,,,1,1,,,,,,,1,2,2,3,3,3,2,1,1,2,1,2,2,1,2,4,2,1,1,,,1,,,,,,,,,7,,1,,,,,3,3,2,2,2,6,1,1,4,,99,1,Mobile,1,0.561,,0.544,5
296067,04/03/2025,1,1,,3,2,2,9,5,4,5,3,3,4,4,1,2,4,2,4,3,2,3,3,3,2,4,2,1,,,,,,1,4,3,5,6,0,4,5,5,2,3,94,1,3,5,1,1,,,,1,,,1,,,,1,,,,,,,1,4,3,3,3,1,2,1,1,1,1,2,1,1,1,4,4,1,2,,,1,1,1,,,1,,,,10,1,,,,,,4,4,4,4,2,5,1,3,4,,2,1,PC,1,0.748,,0.725,3
296068,04/03/2025,1,1,,3,2,1,6,3,5,4,2,5,4,4,4,2,3,2,3,4,2,1,4,4,3,6,5,2,,,,,,2,2,3,5,5,5,4,5,8,3,1,97,1,4,4,1,1,,,1,1,1,,1,,,1,1,1,1,,,,1,4,1,3,1,1,4,2,2,2,3,3,3,2,1,1,4,4,1,3,,,1,,1,,1,1,1,,,8,1,,,,,,4,4,4,4,2,5,1,4,5,,2,1,Mobile,1,0.633,,0.614,6
296073,04/03/2025,1,1,,5,4,2,6,3,5,5,3,3,3,3,3,1,4,2,3,3,3,3,4,4,4,10,9,3,,,,,,1,1,1,0,4,5,2,10,5,4,1,7,3,5,5,1,1,,,,,,,,,,1,1,1,,,,,,1,1,3,2,2,3,3,1,1,4,1,4,98,1,5,4,3,1,3,,,1,,1,,,,,,,0,,1,,,,,3,3,2,2,2,6,1,4,5,,3,1,Mobile,1,0.561,,0.544,6
296074,04/03/2025,1,1,,3,2,2,8,4,1,4,4,3,4,4,1,2,4,2,4,3,4,3,1,2,1,2,2,2,,,,,,3,2,3,8,10,1,9,9,9,1,1,5,5,2,3,,,1,1,,,,,,,,,,,,,,1,,9,4,2,3,3,4,2,3,3,1,3,4,4,1,1,4,4,2,5,,,1,,,,,,,,,10,1,,,,,,3,3,3,3,4,4,1,2,5,,2,1,PC,1,0.87,,0.844,4
296076,04/03/2025,1,1,27,2,1,2,4,1,5,5,2,5,3,4,3,4,1,2,4,3,3,3,4,4,4,5,10,2,,,,,,2,3,2,0,1,6,4,8,4,4,4,94,2,5,3,,,,,1,1,,,,,,,,,,,,1,,1,3,2,98,3,4,1,1,1,1,1,1,1,2,,4,4,1,2,,,1,1,,1,,1,,,,10,1,,,,,,2,1,1,1,1,6,1,4,4,,2,1,Mobile,1,1.04,,1.009,5
296078,04/03/2025,1,1,39,3,2,1,9,5,1,5,2,4,4,4,2,1,4,2,4,4,2,2,1,1,1,2,0,2,,,,,,2,3,2,6,10,2,5,5,10,1,1,4,4,2,2,1,,,,,,,,,,,,,,,,,1,,6,5,3,1,4,3,2,2,2,1,2,2,1,1,1,3,3,2,2,,,,1,1,1,,1,,,,9,1,,,,,,3,4,3,3,4,1,1,4,4,,4,1,PC,1,0.747,,0.725,7
296083,04/03/2025,1,1,,3,2,2,7,3,5,5,4,4,3,4,3,4,1,2,2,1,3,3,4,4,3,8,10,4,,,,,,4,2,2,0,3,6,0,10,6,3,1,3,98,5,5,1,,,,1,,,,,,,,1,,,,,,,3,1,4,4,3,4,2,1,1,3,2,3,3,1,1,4,2,1,3,,,1,,1,,,1,1,,,2,1,,,,,,4,4,3,4,1,6,1,1,6,,3,1,Mobile,1,0.617,,0.599,4
296084,04/03/2025,1,1,,5,4,2,4,1,5,5,5,3,4,4,1,2,3,2,4,3,4,4,4,3,2,6,0,1,,,,,,4,3,4,10,10,0,2,5,5,0,1,1,1,1,2,,1,,,,,,,,,,,,,1,,,,,5,98,98,3,2,4,3,2,1,1,2,2,2,1,3,4,4,1,3,,,,,,,,1,,,,5,1,,,,,,3,3,3,3,2,5,1,3,4,,1,1,Mobile,1,0.9,,0.873,5
296087,04/03/2025,1,1,,4,3,2,8,4,3,5,3,5,4,2,3,4,1,2,3,1,3,4,3,2,2,7,4,1,,,,,,2,2,2,1,8,3,7,5,7,1,1,98,5,4,4,,,,,,,1,1,1,,,,1,,,,,,,4,3,3,1,1,4,2,2,2,4,4,4,4,1,2,4,3,1,1,,,,,,,,1,,,,10,,1,,,,,3,2,3,3,3,4,1,3,4,,3,1,Mobile,1,1.257,,1.219,5
296093,04/03/2025,1,1,,2,1,2,5,2,1,5,4,2,4,4,1,2,4,2,4,3,98,4,1,1,1,0,0,1,,,,,,3,3,2,4,7,0,10,5,5,0,4,94,94,2,5,1,,,,,,,,,,,,,,,,,1,1,6,4,2,2,3,1,2,1,1,1,1,1,1,1,3,4,3,1,2,,,,1,1,1,,1,,,,9,1,,,,,,3,3,2,4,4,4,1,1,4,,1,1,PC,1,1.144,,1.11,1
296094,04/03/2025,1,1,60,6,5,2,4,1,4,4,3,5,3,4,3,1,4,2,3,4,4,3,2,3,4,8,6,5,,,,,,3,3,3,6,5,7,5,6,6,5,2,7,3,4,5,,1,,,1,,,,,,,1,1,,,,,,,2,2,3,2,3,3,2,1,2,3,2,4,3,1,1,4,3,1,3,,,1,,,,,1,,,,6,,,1,,,,4,3,98,3,2,5,1,3,5,,3,1,Mobile,1,1.424,,1.381,4
296095,04/03/2025,1,1,,4,3,2,4,1,4,5,3,4,4,4,1,3,2,2,4,3,2,2,2,3,1,9,2,1,,,,,,2,3,1,9,10,8,5,5,5,4,4,99,99,1,5,1,,,,,,,,,,,,,,1,,,,,5,4,4,2,2,98,2,2,2,2,2,2,2,1,4,4,3,1,2,,,1,,,,,,,,,10,1,,,,,,3,3,3,3,3,4,1,3,4,,2,1,Mobile,1,1.183,,1.148,5
296101,04/03/2025,1,1,,4,3,2,4,1,3,5,3,4,3,4,4,2,1,2,2,3,4,4,1,1,2,2,2,2,,,,,,2,2,2,7,5,2,5,5,6,4,1,4,4,4,4,,1,,,,,,,,,,1,1,1,1,,,,,8,3,3,3,3,3,3,2,2,2,2,3,3,2,,4,4,1,3,,,1,,,,1,,,,,5,1,,,,,,3,3,3,3,3,4,1,4,5,,3,1,Mobile,1,1.502,,1.457,3
296102,04/03/2025,1,1,,7,5,1,8,4,5,3,2,4,2,98,3,4,1,2,2,1,4,4,3,4,4,9,9,5,,,,,,1,2,2,2,7,9,2,9,10,7,1,8,3,6,5,1,1,,1,,,,,1,,,,1,,,,,,,2,2,4,2,2,3,3,2,2,4,2,3,98,2,,4,4,1,4,1,,,,,,,,,,,1,1,,,,,,4,4,98,98,2,6,1,4,4,,3,1,Mobile,1,1.134,,1.1,3
296106,04/03/2025,1,1,43,4,3,2,8,4,2,5,4,2,4,4,1,2,4,2,4,1,3,2,3,2,2,6,4,1,,,,,,3,1,2,5,8,8,6,10,10,1,2,3,1,2,4,1,,,,1,1,,,,,,,1,,,,,,,3,3,3,3,3,1,1,2,2,2,3,3,2,1,2,4,3,1,4,,,1,1,,,,1,,,,5,,1,,,,,3,2,4,1,4,2,1,1,4,,3,1,PC,1,1.241,,1.203,7
296107,04/03/2025,1,1,,3,2,2,7,3,5,5,3,5,3,4,3,2,1,2,3,4,3,3,3,4,98,9,7,2,,,,,,2,2,1,2,7,4,5,8,6,5,1,97,8,3,2,1,,,,,,,1,1,,,,,,,,,1,,4,2,3,2,2,3,98,1,1,2,2,3,98,1,4,4,3,1,4,,,1,1,,,,,,,,7,,,1,,,,3,3,2,3,2,6,1,1,3,1996,2,1,Mobile,1,0.617,,0.599,3
296108,04/03/2025,1,1,,6,5,2,5,2,4,5,3,3,3,3,3,2,4,2,4,3,2,2,4,3,1,0,0,1,,,,,,3,2,2,5,3,10,3,10,10,0,2,1,3,4,2,1,1,,,,,,,,,,1,,,,,,,,3,4,3,2,2,4,2,2,2,2,2,2,2,1,1,4,4,1,3,1,,1,,,,,1,,,,10,1,,,,,,3,3,2,3,2,5,1,2,4,,3,1,Mobile,1,1.491,,1.446,5
296112,04/03/2025,1,1,27,2,1,2,7,3,4,5,5,2,2,1,4,3,1,2,2,1,2,2,4,4,3,10,9,5,,,,,,3,2,2,0,7,6,4,9,5,4,1,97,7,3,5,1,1,1,,1,1,,,,,,1,1,1,,,,,,3,2,3,1,2,98,3,1,2,3,2,3,98,2,,3,2,1,3,,,1,,,,1,,,,,2,,1,1,,,,4,2,2,3,2,4,1,4,4,,1,1,Mobile,1,0.699,,0.678,1
296113,04/03/2025,1,1,29,2,1,2,9,5,4,4,2,5,4,4,1,2,3,2,4,3,3,3,3,3,1,7,7,1,,,,,,2,1,1,6,9,1,7,9,7,1,1,3,1,1,4,1,1,,,1,1,,,,,,,1,1,,,,,,7,3,3,2,1,3,2,1,1,1,2,4,2,1,1,4,3,1,3,,,,1,,,,1,,,,9,1,,,,,,3,3,3,2,3,4,1,3,4,,3,1,Mobile,1,0.786,,0.762,3
296114,04/03/2025,1,1,,3,2,1,5,2,5,5,5,5,4,4,3,1,4,2,2,1,2,3,4,4,3,8,10,5,,,,,,3,2,2,3,3,3,2,10,5,1,1,3,3,4,4,1,1,,,1,,,,1,,,,1,1,,,,,,1,1,3,4,2,4,1,1,1,2,1,4,98,1,5,4,3,1,3,,,,,,,,1,,,,10,1,,,,,,4,4,2,3,1,6,1,4,4,,5,1,Mobile,1,1.062,,1.03,2
296123,04/03/2025,1,1,,5,4,2,8,4,5,5,3,5,2,1,3,1,4,2,2,1,3,2,4,4,4,10,10,5,,,,,,2,3,2,0,2,9,1,10,2,6,3,98,30,6,5,,,,,1,,,1,,,,,,,,,,1,,1,1,2,1,3,4,3,1,1,2,1,2,1,1,5,4,3,1,1,1,,,,1,,1,,,,,2,,1,,1,,,3,2,2,2,1,6,1,1,6,,2,1,Mobile,1,0.753,,0.73,4
296125,04/03/2025,1,1,,4,3,2,4,1,5,4,3,5,3,4,4,3,2,2,4,3,98,3,3,3,3,4,5,1,,,,,,3,3,3,4,5,5,5,5,5,3,3,98,94,4,4,,1,,,,,,,,,,1,1,1,,,,,,3,3,3,3,3,2,1,2,2,2,2,3,3,1,5,4,3,1,3,,,,,1,,,1,,,,7,1,,,,,,3,3,3,3,2,5,1,2,5,,5,1,Mobile,1,1.099,,1.066,3
296129,04/03/2025,1,1,,5,4,1,8,4,2,4,3,2,3,4,1,3,4,2,3,4,2,3,2,2,2,7,5,3,,,,,,3,2,3,6,8,5,5,7,9,5,2,97,4,3,4,1,1,1,,1,,,,,,,1,,,1,,,,,7,3,3,2,2,3,3,3,3,2,3,4,3,1,3,4,4,1,3,,,1,,1,,,,,,,7,1,,,,,,4,3,3,3,4,1,1,4,5,,2,1,PC,1,1.04,,1.009,7
296130,04/03/2025,1,1,,7,5,1,9,5,2,3,3,1,4,3,4,1,2,2,4,2,2,3,1,3,1,0,0,5,,,,,,1,1,2,10,9,1,9,1,8,5,1,6,6,2,5,1,1,1,,,,,,,,,1,1,,1,,,,,9,4,3,4,3,3,2,3,3,3,3,3,3,2,,4,3,2,5,,,,,1,1,,1,,,,3,1,,,,,,4,4,4,4,4,1,1,1,6,,3,1,Mobile,1,1.282,,1.244,2
296132,04/03/2025,1,1,24,2,1,2,7,3,3,4,4,2,3,2,1,4,2,2,4,2,3,3,2,2,2,3,3,1,,,,,,4,1,3,9,7,2,8,9,10,2,1,1,98,2,4,1,,,,,,,,,,,1,1,,1,,,,,8,4,98,1,2,3,2,3,3,2,2,4,4,1,2,1,3,1,4,,,1,,,,,,,,,4,1,,,,,,4,4,4,4,3,5,1,3,4,,1,1,Mobile,1,0.886,,0.86,4
296134,04/03/2025,1,1,,4,3,1,8,4,5,4,2,4,4,4,1,3,2,2,4,4,2,2,3,4,2,3,8,4,,,,,,3,4,3,5,8,5,5,8,8,5,1,30,7,3,4,,,,,,,,,1,,,,,,1,,,,,5,5,4,3,2,4,1,2,2,1,1,1,1,2,,4,2,2,3,,,,1,,1,,1,,,,7,1,,,,,,4,2,4,3,2,6,1,2,5,,3,1,Mobile,1,0.943,,0.914,5
296135,04/03/2025,1,1,,7,5,2,8,4,5,4,3,98,4,4,1,3,4,2,4,3,2,2,2,2,1,5,5,2,,,,,,1,3,1,10,8,7,7,8,8,6,1,1,1,2,5,1,1,1,1,,,,,,1,,1,1,1,1,,,,,8,4,3,1,1,3,3,3,3,2,98,3,2,1,3,4,4,2,4,,,,,1,,,1,,,,1,1,,,,,,4,4,3,4,2,5,1,2,6,,5,1,Mobile,1,1.107,,1.074,5
296139,04/03/2025,1,1,57,5,4,1,6,3,5,2,3,1,4,4,1,2,4,2,4,3,2,4,3,4,1,8,6,1,,,,,,1,2,2,10,10,0,5,10,10,0,1,1,1,1,3,1,1,,,,,,,,1,,,,,1,,,,,7,5,4,4,4,3,3,4,3,1,2,3,1,1,2,4,2,2,5,,,,1,1,1,1,1,,,,9,1,,,,,,4,4,4,4,2,6,1,2,5,,3,1,PC,1,0.575,,0.558,3
296140,04/03/2025,1,1,26,2,1,1,7,3,5,3,1,4,98,3,1,3,4,2,2,1,2,3,3,4,3,10,5,5,,,,,,2,2,2,4,7,9,4,9,6,5,1,8,3,5,3,1,1,,,,,,,,1,,1,1,,,,,,,5,2,4,1,2,3,4,2,2,3,2,3,3,2,,3,3,1,4,1,,1,,1,,1,,,,,2,,,,,,1,4,3,3,3,2,5,1,1,4,,3,1,Mobile,1,0.665,,0.645,5
296141,04/03/2025,1,1,,5,4,1,6,3,4,2,2,1,4,4,1,3,2,2,4,3,2,3,3,3,2,3,6,3,,,,,,1,2,2,8,10,1,0,10,7,2,1,97,1,2,5,1,1,1,,1,,,1,1,,,,,1,1,,,,,6,5,4,1,1,4,3,3,3,1,3,3,2,1,5,4,2,2,4,,,1,,1,,,1,1,,,5,,,,,1,,4,4,4,4,2,3,1,4,5,,5,1,Mobile,1,0.619,,0.601,2
296143,04/03/2025,1,1,32,3,2,1,9,5,2,3,3,3,4,4,2,1,3,2,4,3,1,3,1,1,1,4,0,1,,,,,,4,1,2,10,10,9,10,10,10,5,1,5,5,1,2,,1,,,,,,,,,,,,,1,,,,,98,5,4,4,4,98,1,4,4,4,4,4,4,2,,4,2,1,5,,,,1,1,1,,1,,,,10,1,,,,,,4,4,4,4,4,1,1,4,7,,5,1,PC,1,0.96,,0.931,6
296145,04/03/2025,1,1,,5,4,1,9,5,5,5,2,2,3,2,3,1,4,2,3,1,2,2,4,4,4,10,10,3,,,,,,3,1,1,0,5,5,3,10,7,6,1,8,2,5,5,1,1,,,1,1,,1,,,,,1,,,,,,,4,1,4,3,3,3,2,1,2,4,3,3,3,1,1,4,2,1,2,,,1,,1,,,1,,,,5,,,1,,,,4,4,3,3,2,6,1,1,4,,5,1,Mobile,1,0.647,,0.628,4
296150,04/03/2025,1,1,,5,4,2,9,5,2,2,2,1,3,4,2,1,4,2,4,3,3,3,1,1,2,5,0,1,,,,,,2,2,2,7,10,5,9,10,10,5,1,98,99,1,5,1,,,,,,,1,,,,,,,,,,1,,8,5,3,1,1,2,1,3,2,1,2,4,3,1,1,4,2,1,3,,,,1,,1,,1,,,,10,1,,,,,,4,4,4,4,3,2,1,1,4,,5,1,Mobile,1,0.851,,0.826,9
296152,04/03/2025,1,1,31,3,2,2,8,4,5,5,2,4,2,3,3,4,1,2,2,1,98,3,3,4,3,6,8,5,,,,,,3,3,2,2,5,5,4,8,5,2,1,2,2,4,4,,,,,1,1,,,,,,1,1,,,,,,,3,2,3,2,2,4,3,2,2,3,2,3,3,1,5,4,4,1,2,,,1,,,,1,1,,,,2,,,1,,,,3,2,2,2,1,6,1,3,4,,3,1,Mobile,1,0.828,,0.804,5
296159,04/03/2025,1,1,,3,2,2,4,1,4,5,3,2,3,3,4,2,1,2,4,3,3,4,2,4,2,5,2,1,,,,,,4,3,3,10,10,0,5,8,8,0,2,1,1,2,4,,,,,,,,,1,,,,,,1,,,,,5,3,3,4,4,2,1,3,2,2,3,4,3,1,5,4,3,1,4,,,,1,,,,,,,,5,1,,,,,,3,3,3,3,3,4,1,3,4,,5,1,Mobile,1,1.066,,1.034,6
296160,04/03/2025,1,1,,4,3,2,9,5,5,5,5,5,2,2,3,4,1,2,1,1,3,3,4,4,3,10,10,5,,,,,,2,1,1,0,5,10,3,10,5,4,1,8,9,6,4,1,1,1,,,,,,,1,,1,1,1,,,,,,3,1,4,2,1,4,4,1,2,4,2,4,1,1,1,4,3,1,1,1,,1,,1,,,,,,,1,,1,1,1,,,4,4,3,4,2,4,1,2,5,,3,1,Mobile,1,0.771,,0.748,5
296163,04/03/2025,1,1,,5,4,2,9,5,5,5,4,5,3,4,4,1,3,2,2,1,2,2,4,4,3,10,6,2,,,,,,3,1,2,1,3,4,1,10,5,1,1,3,2,4,3,,1,,,,,,,,,,,1,,,,,,,3,2,3,1,2,3,1,1,2,3,2,3,3,1,5,4,1,1,2,,,1,,,,,,,,,5,1,,,,,,3,3,3,3,2,6,1,1,4,,4,1,Mobile,1,0.631,,0.612,6
296165,04/03/2025,1,1,,5,4,2,9,5,5,5,4,5,2,3,3,1,4,2,1,1,3,3,4,4,4,9,9,5,,,,,,3,1,2,1,9,10,2,10,10,5,1,8,9,7,5,1,,1,,,,,,,,,,1,,,,,,,5,1,4,3,1,4,3,1,2,4,2,4,4,1,1,4,3,1,3,1,,1,,1,,1,,,,,2,,1,,,,,4,4,4,4,1,6,1,1,4,,5,1,Mobile,1,0.631,,0.612,3
296172,04/03/2025,1,1,,6,5,2,9,5,3,5,4,3,2,2,3,1,4,2,1,1,3,2,2,3,3,10,5,5,,,,,,1,1,1,0,2,6,3,98,5,5,1,2,2,4,5,1,1,,1,1,,,1,,,,,1,,,,,,,3,1,3,1,1,4,3,1,2,3,2,3,3,1,3,4,4,1,3,,,1,,1,,1,,,,,2,,1,,,,,3,3,2,2,3,2,1,1,2,1991,5,1,PC,1,1.268,,1.23,4
296174,04/03/2025,1,1,,3,2,2,7,3,5,5,4,5,3,3,4,3,1,2,98,4,2,2,4,4,4,10,8,98,,,,,,1,2,3,0,3,3,3,3,3,2,1,8,3,4,3,1,,,,,1,,,,,,,,,,,,1,,1,1,98,1,2,3,3,1,1,3,1,3,2,2,,4,4,1,3,,,1,,,,,1,,,,8,1,,,,,,3,3,3,3,2,4,1,2,4,,4,1,Mobile,1,0.617,,0.599,5
296178,04/03/2025,1,1,,8,5,2,9,5,5,5,4,5,1,1,3,4,1,2,1,1,4,3,4,4,4,10,9,5,,,,,,1,1,1,3,5,9,2,9,2,8,1,12,9,6,5,,1,1,1,,,,,,,,1,1,1,,,,,,1,2,4,1,2,4,3,1,1,4,3,3,98,2,,4,3,1,1,1,,,,,,1,,,,,0,,1,1,1,,,3,3,3,3,3,6,1,1,2,1970,4,1,Mobile,1,0.928,,0.9,4
296182,04/03/2025,1,1,36,3,2,2,3,1,5,5,5,5,1,2,3,4,2,2,2,2,4,4,3,4,3,10,10,5,,,,,,98,98,2,0,5,5,10,10,10,10,1,11,11,5,1,,,,,,,,,,,,,,,,,,,,1,1,1,1,1,4,4,1,1,2,1,1,2,1,2,4,3,1,1,,,,,,,1,,,,,0,1,,,,,,3,3,3,3,1,5,1,1,6,,3,1,Mobile,1,0.99,,0.96,6
296189,04/03/2025,1,1,,7,5,2,4,1,5,98,3,98,2,98,3,2,1,2,3,2,4,4,4,3,1,10,10,3,,,,,,2,4,2,0,5,10,1,10,8,1,1,8,2,6,5,1,1,1,1,,,,,,,,1,1,1,,,,,,5,1,3,3,3,3,2,1,1,4,1,3,4,1,1,4,4,1,98,,,,,,,1,,,,,3,,1,1,,,,4,3,4,2,3,4,1,1,6,,2,1,PC,1,1.322,,1.283,4
296190,04/03/2025,1,1,35,3,2,2,5,2,5,5,5,4,4,4,1,4,2,2,3,3,2,2,3,3,2,10,5,3,,,,,,98,2,3,6,9,4,7,10,9,0,2,1,1,2,4,,1,,,1,,,1,,,,,,1,1,,,,,6,3,3,2,3,2,3,2,2,2,4,3,2,1,1,4,3,1,4,,,1,1,1,,,,,,,5,1,,,,,,3,3,4,3,2,4,1,3,4,,4,1,Mobile,1,1.036,,1.005,6
296191,04/03/2025,1,1,,6,5,2,5,2,5,5,5,3,3,4,4,1,2,2,98,1,98,4,3,3,2,3,6,3,,,,,,4,2,3,5,5,5,5,9,8,7,2,1,1,4,5,1,1,,,1,,,,,,,1,1,1,1,,,,,5,3,98,4,3,4,98,98,2,2,2,4,3,1,4,4,3,1,3,,,,,1,,,,,,,4,1,,,,,,3,3,2,3,2,5,1,1,5,,2,1,Mobile,1,1.385,,1.343,5
296192,04/03/2025,1,1,,8,5,1,7,3,5,5,4,5,2,1,3,1,4,2,2,1,3,3,3,4,3,10,10,5,,,,,,1,1,1,0,3,6,3,9,5,5,1,8,8,6,5,1,1,1,1,,,,,,,,1,1,1,,,,,,5,1,4,1,1,4,3,1,2,3,2,3,3,1,5,4,3,1,2,1,,1,,,,1,,,,,5,,,1,,,,4,4,3,3,1,5,1,1,6,,3,1,Mobile,1,0.845,,0.82,5
296197,04/03/2025,1,1,,5,4,2,9,5,5,5,5,3,1,1,4,3,1,2,1,1,3,3,3,4,4,10,9,5,,,,,,2,1,1,1,5,9,4,9,3,5,1,8,2,6,5,1,,1,,,,,1,1,,,,,,,,,1,,5,1,3,1,1,4,3,1,1,4,2,3,2,1,2,4,3,1,3,1,,1,,1,,1,,,,,1,,1,,1,,,4,3,3,3,2,6,1,4,6,,3,1,Mobile,1,0.631,,0.612,4
296203,04/03/2025,1,1,,5,4,2,8,4,5,5,5,3,3,4,3,1,4,2,3,1,3,3,3,4,4,9,10,2,,,,,,2,2,2,9,7,7,1,9,7,6,1,2,2,4,5,1,1,1,,1,,,1,,,,,1,,,,,,,1,2,3,2,2,3,3,2,1,3,2,3,3,1,2,4,3,1,3,,,1,,,,,,,,,5,,1,,,,,3,3,3,3,1,5,1,1,6,,5,1,Mobile,1,0.753,,0.73,5
296204,04/03/2025,1,1,,3,2,2,9,5,2,5,3,5,4,4,1,2,3,2,4,3,2,3,1,1,1,4,3,1,,,,,,1,1,2,5,10,7,9,9,10,1,1,97,99,1,5,1,1,1,,,,,1,,,,,1,,,,,,,6,5,4,2,2,2,98,2,2,2,2,3,98,1,2,4,2,1,2,,,,1,1,1,,1,1,,,5,1,,,,,,3,3,4,4,3,4,1,4,5,,2,1,Mobile,1,0.937,,0.908,6
296208,04/03/2025,1,1,,6,5,1,9,5,5,2,3,1,4,4,1,3,2,2,4,3,1,3,3,3,2,8,1,1,,,,,,1,1,1,8,10,7,7,10,10,7,1,1,1,2,5,1,,,1,,,,,,,,,,,,,,1,,8,5,4,2,2,3,1,3,3,1,2,3,1,1,3,4,2,1,1,,,1,,1,,1,,,,,6,1,,,,,,4,4,3,4,2,4,1,1,4,,4,1,PC,1,0.951,,0.922,4
296209,04/03/2025,1,1,,7,5,1,7,3,5,4,2,4,2,1,1,4,3,2,3,3,3,4,3,3,3,10,10,3,,,,,,2,2,2,1,2,3,1,9,4,2,1,3,3,5,5,1,1,,,,,,1,,,,,1,,,,,,,2,2,4,2,2,3,2,2,2,3,2,3,2,1,5,4,4,1,3,1,,1,,,,,,,,,4,,,1,1,,,4,4,3,3,2,4,1,2,2,1951,5,1,Mobile,1,0.845,,0.82,5
296214,04/03/2025,1,1,29,2,1,2,8,4,5,5,4,4,4,4,2,4,3,2,3,3,4,3,3,4,3,10,5,2,,,,,,3,2,3,0,10,2,1,10,7,0,1,3,3,2,2,1,,1,,,1,,,,,,,,,,,,1,,7,98,2,2,2,3,1,2,2,3,1,3,3,1,1,3,4,1,2,,,1,,,,,1,,,,4,1,,,,,,4,2,3,4,2,6,1,1,4,,4,1,Mobile,1,0.871,,0.845,3
296215,04/03/2025,1,1,48,4,3,2,9,5,5,5,4,5,3,4,3,4,1,2,3,3,2,2,4,4,3,10,9,5,,,,,,2,2,2,0,5,5,5,5,5,4,1,30,3,5,5,1,1,,,1,1,1,1,1,,,,1,,,,,,1,3,1,4,2,2,4,2,1,1,2,2,3,3,2,,4,3,1,2,,,,,,,,1,,,,2,1,,,,,,4,4,3,3,2,5,1,1,4,,3,1,Mobile,1,0.771,,0.748,5
296216,04/03/2025,1,1,,5,4,2,8,4,5,4,4,4,4,98,3,2,4,2,4,1,3,3,4,4,3,10,10,98,,,,,,3,3,3,0,5,5,2,5,4,2,3,97,2,4,3,1,,,,,,,,,,,,,,,,,1,,3,2,3,2,2,3,3,1,1,2,2,2,2,2,,4,4,1,2,,,,1,,,,,,,,10,1,,,,,,3,3,3,2,1,6,5,4,3,1998,1,1,Mobile,1,0.753,,0.73,6
296217,04/03/2025,1,1,,3,2,2,9,5,5,5,4,5,4,4,4,2,1,2,4,3,2,3,4,4,3,9,9,2,,,,,,3,4,2,0,7,1,7,8,9,2,1,30,94,1,5,1,,,,1,1,,,,,,,1,,1,,,,,1,3,2,2,98,2,1,1,1,2,2,2,1,2,,4,4,1,1,,,,1,1,1,,1,,,,10,,1,,,,,3,3,3,2,1,5,1,1,3,1994,1,1,Mobile,1,0.694,,0.674,5
296218,04/03/2025,1,1,,5,4,1,9,5,4,3,3,5,4,4,3,1,4,2,4,1,1,1,4,1,4,10,7,3,,,,,,1,1,1,5,10,8,8,10,10,7,1,97,3,2,5,1,1,,,,,,,,,,1,1,1,,,,,,1,1,4,4,1,4,3,1,1,4,2,4,4,1,5,4,3,1,3,,,,,,,,,,,1,2,1,,,,,,4,4,4,4,2,4,1,4,5,,5,1,Mobile,1,0.696,,0.676,2
296219,04/03/2025,1,1,35,3,2,1,4,1,1,4,4,2,4,4,1,2,3,2,4,4,2,4,1,2,1,0,6,1,,,,,,2,2,2,7,10,0,10,6,6,0,1,6,6,1,5,1,,1,1,,,,,,,,,,,,,,1,,5,5,2,4,2,3,1,2,2,1,1,3,1,1,5,4,3,2,3,,,,,,,,1,,,,10,1,,,,,,4,4,3,4,4,1,1,1,6,,4,1,PC,1,1.065,,1.033,6
296222,04/03/2025,1,1,21,1,1,1,8,4,4,5,3,1,3,4,1,4,2,2,4,1,1,2,3,4,2,5,4,1,,,,,,2,4,1,6,8,8,3,8,9,3,1,1,1,3,5,1,1,,,,,,1,1,,,1,1,,1,,,,,2,4,4,1,2,3,2,2,2,1,3,4,3,1,5,2,4,1,4,,,1,,1,,1,1,1,,,8,1,,,,,,4,4,4,3,2,4,1,1,4,,5,1,Mobile,1,0.96,,0.932,5
296226,04/03/2025,1,1,35,3,2,2,9,5,2,4,4,2,3,4,4,3,1,2,3,1,2,2,2,3,3,10,4,2,,,,,,3,2,3,2,5,5,5,5,5,5,1,2,2,5,4,1,,,1,,,,,,,,,,,,,,1,,1,2,4,1,1,2,2,1,1,2,1,2,2,2,,4,3,1,2,,,1,,1,,1,1,,,,3,,1,,,,,3,3,3,3,3,3,1,1,4,,5,1,PC,1,0.937,,0.908,1
296228,04/03/2025,1,1,,3,2,2,6,3,2,4,3,5,4,4,2,1,4,2,4,3,3,3,1,1,1,5,5,1,,,,,,4,3,3,8,9,4,9,9,9,0,3,98,4,1,1,,,,,,,,,,,,,,,,,,,,98,98,3,1,98,2,2,1,1,1,2,3,98,1,1,2,2,1,2,,,,1,,1,,1,,,,10,1,,,,,,3,3,2,3,3,1,1,4,4,,4,1,Mobile,1,0.833,,0.808,7
296232,04/03/2025,1,1,,1,1,1,8,4,3,2,3,1,4,4,1,2,3,2,4,3,2,2,1,1,1,1,0,1,,,,,,1,4,1,8,10,1,6,6,10,0,1,4,4,1,5,,,,,,,,,1,,,,1,,1,,,,,8,5,2,4,4,1,1,2,1,1,2,2,1,1,2,3,3,2,2,,,,1,1,1,,1,,,,10,1,,,,,,4,4,3,1,4,2,1,3,4,,3,1,Mobile,1,1.219,,1.182,1
296233,04/03/2025,1,1,,5,4,1,5,2,3,4,4,1,4,4,1,3,2,2,4,4,4,1,2,2,2,5,3,3,,,,,,2,2,3,8,7,4,6,6,8,6,1,7,99,3,2,,,1,,,,,,,,,1,,,,,,,,7,5,3,2,2,3,3,4,4,1,3,3,3,1,1,4,2,2,4,,,1,,,,,,,,,7,,1,,,,,4,3,4,4,2,2,1,2,4,,2,1,PC,1,1.319,,1.279,3
296234,04/03/2025,1,1,35,3,2,2,8,4,4,4,3,3,3,4,4,3,2,2,4,1,3,3,3,3,98,8,5,3,,,,,,3,3,3,4,6,4,4,8,5,2,4,98,1,3,3,1,1,1,,1,,,,,,,,1,1,,,,,,4,98,98,3,3,3,2,2,2,2,3,4,3,1,5,4,4,1,4,,,,1,1,,,1,,,,5,1,,,,,,3,3,3,3,2,4,1,3,6,,2,1,Mobile,1,0.892,,0.865,3
296235,04/03/2025,1,1,,5,4,1,8,4,1,3,3,2,4,4,2,1,4,2,4,4,2,3,1,1,1,3,2,2,,,,,,4,98,3,9,9,1,7,3,8,0,2,4,98,1,3,1,,,,,,,,,,,,,,,,,1,1,7,4,3,2,2,3,2,2,2,2,2,3,2,1,1,4,3,1,4,,,,1,,,,1,,,,5,1,,,,,,4,4,4,4,4,1,1,1,6,,2,1,Mobile,1,0.81,,0.786,1
296236,04/03/2025,1,1,,4,3,2,5,2,5,5,5,2,4,3,1,2,3,2,4,3,4,4,3,4,4,10,7,1,,,,,,3,4,3,7,8,3,0,10,8,3,2,1,1,1,4,1,1,,,1,1,,1,1,,,,1,1,,,,,,4,2,3,1,4,4,2,2,1,98,1,2,3,1,2,4,4,1,4,,,,,,1,,,,,,3,1,,,,,,3,3,2,2,2,6,1,1,6,,5,1,Mobile,1,1.151,,1.117,4
296240,04/03/2025,1,1,,2,1,1,8,4,5,4,4,3,4,4,4,1,2,2,4,4,2,3,3,3,3,5,4,2,,,,,,1,2,1,3,6,5,2,9,8,5,1,7,7,2,5,1,,,,1,1,1,,1,,,,,,,,,1,,3,3,2,2,3,2,3,1,2,2,3,3,3,1,5,3,3,1,4,,,,,,,,1,1,,,8,1,,,,,,3,3,2,2,1,6,1,1,4,,5,1,Mobile,1,0.892,,0.865,3
296241,04/03/2025,1,1,,3,2,2,8,4,3,4,2,5,4,4,1,4,3,2,4,4,3,3,2,2,2,5,4,2,,,,,,2,3,2,5,7,4,5,8,9,0,2,1,4,3,5,1,1,1,1,1,,,,,,,,1,,,,,,,4,4,3,3,3,2,3,2,2,1,2,3,3,1,1,4,2,1,3,,,,1,1,1,,1,1,,,5,1,,,,,,3,4,98,3,2,4,1,2,4,,3,1,Mobile,1,1.132,,1.098,7
296242,04/03/2025,1,1,33,3,2,1,8,4,5,4,3,2,4,4,1,2,3,2,4,3,2,1,3,3,3,7,4,5,,,,,,2,2,2,7,6,4,10,10,10,10,1,30,4,2,4,,,,,,,,,1,,,,,,,,,1,,8,4,4,1,3,3,3,3,3,3,3,3,3,2,,4,4,1,4,,,1,,1,,1,1,1,,,5,1,,,,,,4,4,4,4,2,6,1,1,3,1999,1,1,Mobile,1,0.849,,0.823,3
296243,04/03/2025,1,1,,5,4,2,4,1,4,4,4,3,4,4,4,1,3,2,4,3,3,4,1,2,1,4,2,1,,,,,,3,2,4,10,10,0,6,1,9,0,1,1,1,1,3,1,1,,,1,,,,,,,,,,1,,,,,9,3,3,3,2,3,1,4,1,1,3,4,3,1,5,4,3,1,4,,,,1,,,,,,,,3,1,,,,,,4,3,4,4,3,2,1,2,4,,5,1,Mobile,1,0.969,,0.94,4
296244,04/03/2025,1,1,,4,3,2,8,4,5,5,4,2,98,98,4,3,1,2,98,3,2,3,3,4,98,5,8,98,,,,,,98,2,2,4,4,5,2,9,3,5,1,97,2,4,5,1,1,1,,1,,,1,,,,1,1,1,,,,,,3,98,3,98,98,3,2,1,2,98,98,3,3,99,,4,2,1,98,,,1,1,1,,,1,,,,4,,,,,,1,98,3,98,3,2,6,1,4,4,,99,1,Mobile,1,0.92,,0.892,3
296245,04/03/2025,1,1,24,2,1,1,5,2,5,4,4,2,3,3,3,4,2,2,4,1,3,3,3,3,3,10,10,3,,,,,,3,98,3,3,5,5,5,5,5,5,2,98,98,4,1,,,,,,,,,,,,,,,,,,,,3,2,3,98,98,98,98,98,98,98,3,3,98,1,2,3,3,1,3,,,,1,1,1,1,,,,,8,1,,,,,,3,3,98,3,2,4,1,4,4,,2,1,Mobile,1,1.116,,1.083,5
296247,04/03/2025,1,1,58,5,4,1,4,1,1,5,3,3,3,4,3,4,1,2,4,3,4,4,1,2,2,4,2,98,,,,,,3,3,4,5,7,5,7,7,7,5,4,94,5,98,1,,,,,,,,,,,,,,,,,,,,4,3,3,98,98,4,4,2,2,1,2,4,98,2,,4,4,1,3,,,,1,,1,,1,,,,10,1,,,,,,2,2,3,3,4,1,1,2,5,,1,1,Mobile,1,0.968,,0.939,4
296248,04/03/2025,1,1,,4,3,1,9,5,5,4,2,1,3,4,3,4,1,2,3,4,3,3,2,4,3,8,5,5,,,,,,2,1,3,4,7,3,6,5,8,5,1,97,3,3,3,1,,,,,,,,,,,,,,,,,1,,5,2,98,98,98,98,98,2,2,2,3,4,3,2,,4,4,1,5,,,,1,,1,,1,,,,5,1,,,,,,4,4,3,98,2,6,1,3,4,,5,1,Mobile,1,0.79,,0.767,3
296249,04/03/2025,1,1,,4,3,2,8,4,1,5,4,3,4,3,1,2,3,2,2,1,3,3,2,2,2,10,5,1,,,,,,4,4,1,5,5,5,5,5,5,0,3,97,3,4,5,1,,1,1,,,,1,1,,,1,1,,1,,,,,5,3,4,4,98,4,2,98,1,2,3,4,3,1,2,4,4,1,4,,,1,,,,,,,,,1,,1,,,,,4,3,3,3,3,2,1,2,4,,3,1,Mobile,1,0.966,,0.937,4
296250,04/03/2025,1,1,,4,3,1,8,4,5,5,4,2,4,4,1,3,4,2,3,4,3,3,4,4,3,7,8,3,,,,,,2,4,2,3,8,4,5,8,8,4,1,97,1,2,5,1,1,,,,,,,,,,,1,1,,,,,,5,2,3,1,1,3,3,2,2,3,2,4,4,2,,3,3,1,3,,,1,1,1,,,1,1,,,8,1,,,,,,4,4,3,3,1,5,1,1,4,,1,1,Mobile,1,0.943,,0.914,4
296251,04/03/2025,1,1,38,3,2,2,4,1,1,5,2,2,4,4,1,2,3,2,4,3,4,1,1,2,1,0,1,1,,,,,,2,2,2,8,8,8,9,4,6,0,1,6,6,1,3,1,,1,,,,,,,,,,,,1,,,,,1,1,1,2,3,4,2,2,2,1,2,3,2,2,,4,3,1,4,,,,,,,,1,,,,10,1,,,,,,3,4,4,3,4,5,1,1,5,,3,1,Mobile,1,1.039,,1.008,1
296252,04/03/2025,1,1,30,3,2,2,7,3,2,5,3,3,4,4,1,4,2,2,4,3,1,3,3,2,3,10,10,1,,,,,,3,1,4,9,10,0,9,8,9,0,2,1,1,1,2,,1,,,,,,,,,,,,,1,,,,,4,3,2,3,3,4,1,4,3,3,2,4,3,2,,4,4,1,5,,,,,,1,,,,,,10,1,,,,,,4,4,4,4,3,4,1,2,1,2003,5,1,Mobile,1,0.833,,0.808,4
296253,04/03/2025,1,1,,3,2,2,4,1,4,98,3,5,4,4,4,3,1,2,4,3,98,4,4,3,4,5,5,1,,,,,,3,3,3,5,9,2,7,7,8,1,1,97,4,3,4,,1,,,,,,1,,,,,1,,,,,,1,6,98,98,98,4,2,1,2,1,2,1,2,1,2,,4,1,1,1,,,,1,1,1,,1,,,,10,1,,,,,,2,2,2,2,3,5,1,1,6,,3,1,Mobile,1,1.066,,1.034,2
296254,04/03/2025,1,1,,2,1,1,4,1,3,5,4,3,3,4,1,3,2,2,3,3,2,4,3,2,2,6,7,1,,,,,,2,3,1,6,9,1,5,6,10,1,1,98,4,2,4,,1,,,,,,,,,,1,1,1,1,,,,,6,4,3,2,2,3,2,2,2,1,2,2,98,1,4,4,4,1,3,,,1,,1,,,1,,,,9,1,,,,,,4,3,2,3,3,2,1,3,5,,4,1,Mobile,1,1.456,,1.412,4
296255,04/03/2025,1,1,26,2,1,1,6,3,2,1,2,2,4,4,1,2,3,2,4,3,4,4,1,1,1,1,1,1,,,,,,2,3,3,6,8,5,10,5,5,0,2,9,1,1,5,,,,,,,,,1,,,,,,1,,,,,1,5,4,3,2,2,1,3,2,1,2,2,3,2,,1,4,1,4,,,,,,1,,1,,,,9,1,,,,,,4,4,4,4,4,1,1,3,4,,2,1,Mobile,1,0.897,,0.87,5
296257,04/03/2025,1,1,34,3,2,1,4,1,1,5,3,3,4,4,1,2,4,2,4,3,3,3,2,2,2,3,1,3,,,,,,3,3,2,9,9,8,9,9,9,7,1,97,5,2,4,1,1,1,,,,,1,,,,,1,,1,,,,,6,4,3,3,3,3,2,3,3,1,3,4,2,1,3,4,3,2,5,,,1,,1,,,1,,,,8,1,,,,,,4,4,3,3,4,1,1,2,4,,3,1,Mobile,1,1.065,,1.033,1
296258,04/03/2025,1,1,70,7,5,2,6,3,5,5,4,2,3,4,4,3,1,2,3,3,3,3,3,3,4,10,9,3,,,,,,3,2,2,0,0,9,0,10,7,5,1,97,8,6,5,1,1,,1,,,,1,,,,,1,,,,,,,1,2,3,2,2,3,3,1,1,3,2,3,2,1,4,4,3,1,2,,,,,1,,1,,1,,,1,,1,1,,,,4,3,3,3,1,6,1,4,5,,3,1,Mobile,1,0.825,,0.8,6
296259,04/03/2025,1,1,,7,5,2,9,5,5,4,3,5,2,4,3,4,1,2,1,1,2,2,3,4,3,10,8,5,,,,,,1,1,2,2,3,10,4,10,8,5,1,5,3,7,5,,,,1,,,,,,,,,1,,,,,,,1,2,4,2,3,4,4,2,2,3,2,3,3,1,5,4,4,1,4,,,1,,1,,1,,,,,8,,1,,,,,3,3,3,3,2,5,1,2,1,1957,5,1,Mobile,1,0.928,,0.9,5
296260,04/03/2025,1,1,37,3,2,1,8,4,5,5,4,3,4,4,1,3,4,2,3,3,2,3,4,4,3,8,7,2,,,,,,2,1,2,3,10,7,7,10,9,5,1,7,7,3,4,1,1,1,,1,1,,,1,,,,1,,,,,,,3,3,3,2,4,2,2,2,2,2,2,2,1,1,4,4,3,1,2,1,,1,,1,,,,1,,,7,1,,,,,,4,4,3,3,2,6,1,1,3,1991,4,1,PC,1,0.849,,0.823,6
296261,04/03/2025,1,1,35,3,2,2,5,2,4,5,4,2,3,4,4,2,1,2,4,3,98,4,4,3,2,7,6,1,,,,,,2,2,1,10,10,0,5,8,5,1,1,1,1,1,5,,1,,,,1,,,,,,,,,1,,,,,8,98,4,2,3,2,2,3,2,1,2,4,2,1,1,4,2,1,5,,,,1,,,,,,,,9,1,,,,,,3,3,3,3,3,4,1,3,4,,4,1,Mobile,1,1.116,,1.082,6
296262,04/03/2025,1,1,30,3,2,1,6,3,4,4,4,4,3,4,1,2,4,2,4,3,3,3,2,3,3,6,5,1,,,,,,3,3,3,5,8,1,5,6,10,1,3,9,4,2,2,,1,1,,1,1,1,,,,,,1,1,1,,,,,3,3,2,3,3,3,1,2,2,2,2,3,3,2,,3,4,1,2,,,1,1,1,1,,1,,,,10,1,,,,,,3,3,3,3,3,3,1,2,6,,3,1,Mobile,1,0.681,,0.661,6
296263,04/03/2025,1,1,,6,5,2,8,4,5,4,5,5,4,4,4,3,1,2,1,1,3,2,4,3,4,5,7,4,,,,,,3,1,1,2,7,7,2,5,7,5,1,97,3,6,5,1,1,1,,,,,,1,,,,1,1,1,,,,,1,2,3,3,3,4,2,1,1,2,2,3,3,1,2,4,3,1,2,,,1,,1,,,1,1,,,8,,1,1,,,,4,4,4,4,1,5,1,1,2,1968,4,1,Mobile,1,1.107,,1.074,4
296265,04/03/2025,1,1,,7,5,1,7,3,5,3,4,2,2,4,3,1,4,2,2,1,1,2,4,3,3,2,5,5,,,,,,3,2,1,8,5,4,3,6,5,6,1,98,3,4,5,1,1,1,1,1,,,,1,,,1,,,,,,,,3,2,4,3,3,3,3,1,2,4,1,4,2,1,0,4,4,1,4,,,,1,1,,1,,1,,,2,,1,1,,,,3,4,3,4,2,3,1,1,2,1950,1,1,Mobile,1,0.845,,0.82,5
296266,04/03/2025,1,1,,5,4,2,4,1,4,4,4,3,4,4,3,2,1,2,4,3,98,3,3,3,1,5,5,2,,,,,,4,2,2,9,9,6,9,10,10,5,1,1,1,2,5,,,,,,,,,1,1,,,,,1,,,,,6,4,4,4,98,4,2,3,3,2,3,3,2,1,5,4,3,98,3,,,,1,1,,,1,,,,5,1,,,,,,4,4,3,3,3,5,1,3,5,,2,1,Mobile,1,0.969,,0.94,2
296267,04/03/2025,1,1,,6,5,2,4,1,2,5,3,2,4,3,1,3,2,2,4,1,3,3,3,2,2,2,5,2,,,,,,3,3,3,8,8,1,8,8,8,5,2,98,1,1,3,1,1,1,,1,,,1,,,,1,1,,1,,,,,8,4,3,3,3,3,2,2,2,2,2,3,98,2,,4,4,98,5,,,1,,,,,,,,,6,1,,,,,,4,3,3,3,4,4,1,1,6,,3,1,Mobile,1,1.783,,1.73,1
296268,04/03/2025,1,1,,6,5,2,5,2,3,3,3,3,4,4,1,2,3,2,4,3,2,3,4,3,1,10,0,1,,,,,,3,2,1,10,10,4,7,9,9,3,1,1,1,1,4,,1,,,,,,,,,,,,,1,,,,,9,4,4,3,2,4,3,3,3,1,3,3,1,1,5,4,4,2,4,,,,,1,,,,,,,8,1,,,,,,4,3,3,4,3,4,1,2,5,,1,1,Mobile,1,1.892,,1.835,5
296269,04/03/2025,1,1,48,4,3,2,9,5,1,4,3,3,4,4,1,3,2,2,4,4,3,3,1,2,2,4,0,2,,,,,,3,2,3,7,9,5,8,8,10,3,1,4,4,3,5,,,1,,,,,,,,,1,,,,,,,,4,5,4,1,2,3,3,2,2,2,3,4,3,2,,4,2,1,3,,,,,,,,1,1,,,5,1,,,,,,4,4,4,4,4,2,1,4,5,,5,1,Mobile,1,0.81,,0.786,4
296271,04/03/2025,1,1,,5,4,2,4,1,2,3,3,5,4,4,1,2,4,2,4,3,98,3,1,2,1,10,0,3,,,,,,98,2,3,5,10,2,6,5,10,2,1,9,4,1,3,1,1,,,,,,,,,,,1,,,,,,,5,4,3,3,3,4,2,3,2,2,2,3,3,1,5,4,3,1,4,,,1,,1,,,,,,,5,1,,,,,,3,3,3,3,4,4,1,2,1,1968,2,1,Mobile,1,1.213,,1.177,5
296272,04/03/2025,1,1,52,5,4,2,9,5,5,5,5,5,3,4,4,1,3,2,2,1,3,3,3,4,3,10,8,1,,,,,,3,1,2,0,5,5,0,8,10,0,1,3,8,4,5,1,1,,,,,,,,,,1,1,1,,,,,,1,1,3,1,3,1,3,1,1,2,1,2,4,2,,4,4,1,2,1,,,,,,,,,,1,1,1,,,,,,3,3,98,98,1,5,1,1,2,1973,3,1,Mobile,1,0.631,,0.612,3
296273,04/03/2025,1,1,,2,1,1,5,2,1,3,1,1,4,4,1,2,4,2,4,4,4,4,1,1,1,1,1,1,,,,,,1,1,2,10,10,5,10,5,10,0,1,30,4,1,5,,,,,,,,1,,,,,,,1,,,,,5,5,4,1,4,1,1,4,4,1,4,1,4,1,0,4,2,2,4,,,,1,,1,1,1,1,,,10,,,,,1,,4,4,4,4,4,1,1,1,4,,2,1,Mobile,1,1.172,,1.137,7
296274,04/03/2025,1,1,,4,3,1,9,5,5,5,3,4,4,98,3,4,2,2,4,4,1,2,4,4,3,0,9,3,,,,,,1,4,3,1,5,3,4,5,5,4,4,94,98,98,3,1,,,,,,,1,1,,,,,,,,,1,,1,3,1,2,3,4,4,1,1,1,2,2,1,1,2,4,1,2,1,,,,,,,,1,,,,1,1,,,,,,3,3,3,98,1,5,1,1,4,,4,1,Mobile,1,0.79,,0.767,6
296275,04/03/2025,1,1,,4,3,2,8,4,5,4,4,3,3,3,4,1,3,2,2,4,98,98,3,4,98,5,5,1,,,,,,3,2,3,6,6,5,3,7,5,3,2,97,1,3,3,1,1,1,,,,,,1,,,1,,1,,,,,,5,3,98,98,98,98,98,3,3,3,3,3,3,1,4,4,4,1,4,1,,1,1,1,,,1,1,,,6,,1,,,,,3,3,3,3,2,6,1,1,4,,5,1,Mobile,1,0.92,,0.892,5
296276,04/03/2025,1,1,28,2,1,2,8,4,5,5,4,2,3,1,1,4,2,2,4,1,4,3,4,2,2,0,10,1,,,,,,3,2,1,10,7,0,5,5,5,2,1,1,1,2,5,1,,1,,1,1,,,1,,,,1,,,,,,,3,4,4,2,2,4,2,3,3,2,2,3,3,2,,4,4,1,3,,,,1,,,,,,,,10,1,,,,,,3,3,3,3,3,5,1,1,7,,5,1,Mobile,1,0.871,,0.845,9
296277,04/03/2025,1,1,24,2,1,1,6,3,5,5,4,2,3,3,3,1,4,2,3,3,2,3,3,3,4,7,6,3,,,,,,3,2,3,2,5,5,1,6,6,3,1,3,30,3,2,,,,,1,1,,,,1,,1,1,,,,,,,3,3,3,3,3,98,1,1,2,3,2,3,3,2,,4,2,1,2,,,1,1,1,,,,,,,6,1,,,,,,3,2,2,3,2,6,1,1,6,,3,1,Mobile,1,0.665,,0.645,6
296278,04/03/2025,1,1,73,7,5,1,3,1,3,5,4,5,4,4,3,1,2,2,4,3,4,4,3,3,3,10,1,1,,,,,,4,2,3,1,8,5,2,9,4,4,3,99,98,3,4,,1,,,,,,,1,,,1,1,1,,,,,,10,1,4,4,3,2,3,1,2,3,2,2,2,2,,4,4,1,1,,,1,,,,,,,,,8,1,,,,,,3,3,3,2,2,4,1,2,1,1956,2,1,Mobile,1,1.851,,1.796,2
296279,04/03/2025,1,1,35,3,2,1,9,5,5,5,4,5,4,4,4,3,1,2,3,1,3,2,3,4,3,8,8,4,,,,,,2,2,1,0,2,3,3,10,5,3,1,3,2,4,5,1,,,,,1,,,,,,1,1,,,,,,,3,2,3,98,98,3,3,1,2,2,2,2,2,2,,4,4,1,1,,,1,,,,,1,,,,8,1,,,,,,2,2,98,98,1,6,1,4,4,,5,1,Mobile,1,0.712,,0.69,3
296280,04/03/2025,1,1,,5,4,2,9,5,2,5,3,2,4,4,1,3,4,2,4,3,1,1,1,1,3,10,5,1,,,,,,1,1,1,8,10,3,7,10,10,4,1,97,1,1,5,1,,1,,,,,1,,,,,,,,,,1,,3,5,4,1,2,3,2,2,2,1,2,3,2,1,2,4,3,1,2,,,,1,1,,,1,1,,,8,1,,,,,,4,4,4,4,4,4,1,1,6,,5,1,Mobile,1,0.851,,0.826,4
296281,04/03/2025,1,1,28,2,1,2,8,4,2,5,4,5,4,4,3,2,1,2,4,4,98,3,1,1,98,10,6,1,,,,,,2,1,1,5,5,0,7,2,10,0,4,94,94,2,2,,,,,,,,,,,1,,,,,,,1,,1,98,1,3,98,2,2,1,1,1,2,2,1,1,3,4,4,1,2,,,,1,,,,,,,,9,1,,,,,,4,4,4,3,3,5,1,2,5,,99,1,Mobile,1,1.174,,1.139,4
296282,04/03/2025,1,1,29,2,1,2,8,4,1,2,2,1,4,4,2,1,3,2,4,4,2,3,1,1,1,1,0,1,,,,,,2,1,2,8,10,10,10,10,10,0,1,4,4,1,4,,,,,,,,,,,1,,,,1,,,,,10,5,4,1,1,1,2,3,3,1,2,3,1,1,1,4,4,2,4,,,,1,,1,,1,,,,9,1,,,,,,4,4,4,4,4,3,1,1,4,,5,1,Mobile,1,0.914,,0.887,7
296283,04/03/2025,1,1,,5,4,1,6,3,5,4,4,3,4,4,1,4,2,2,4,3,2,4,4,4,2,4,7,1,,,,,,1,2,2,9,7,1,2,10,5,1,1,30,4,1,3,,1,,,,,,,,,,,,,1,,,,,4,5,4,4,2,2,1,2,2,1,2,2,2,1,2,4,4,1,1,,,,,,,,1,,,,9,1,,,,,,4,4,2,3,1,6,1,2,5,,5,1,PC,1,0.575,,0.558,4
296284,04/03/2025,1,1,,4,3,2,6,3,5,5,4,4,3,4,4,3,2,2,3,3,3,3,3,4,4,10,5,3,,,,,,4,3,4,1,7,6,6,10,7,4,2,98,2,4,1,,,,,,,,,,,,,,,,,,,,1,3,2,4,3,3,1,1,1,2,2,2,3,1,2,4,3,1,3,,,1,1,1,,,1,1,,,9,,1,,,,,4,3,3,3,2,6,1,4,4,,4,1,Mobile,1,0.686,,0.665,4
296285,04/03/2025,1,1,,3,2,1,4,1,3,4,3,3,4,4,2,1,4,2,4,3,98,3,1,1,1,2,0,1,,,,,,4,3,2,7,10,7,10,10,10,0,2,9,4,1,4,1,,,,,,,,,,,1,1,1,1,,,,,5,5,3,2,3,3,1,2,2,1,2,3,2,1,5,4,4,1,3,,,,,,,,1,,,,8,1,,,,,,3,3,3,3,3,2,1,3,5,,2,1,Mobile,1,1.385,,1.344,6
296287,04/03/2025,1,1,,6,5,2,9,5,5,5,3,5,98,98,3,4,1,2,1,1,3,1,4,4,3,10,10,5,,,,,,2,1,1,0,5,9,5,10,5,7,1,97,2,5,5,1,1,1,,1,,,,,,,1,,1,,,,,,1,1,4,1,1,4,4,1,1,4,2,3,3,1,5,4,4,1,98,,,1,,1,,1,,,,,0,,1,1,,,,4,4,3,98,1,6,1,1,6,,3,1,Mobile,1,0.928,,0.9,1
296288,04/03/2025,1,1,,5,4,1,3,1,5,5,4,5,4,3,3,4,1,2,4,2,3,3,3,4,3,7,7,3,,,,,,3,3,3,5,5,7,4,10,7,2,1,8,30,4,3,1,1,,,,,1,,,,,1,1,1,,,,,,6,1,4,4,3,4,98,1,1,3,1,2,1,1,5,4,4,1,3,,,,,1,,,,,,,7,1,,,,,,3,3,3,3,2,5,5,1,6,,4,1,Mobile,1,0.922,,0.894,4
296289,04/03/2025,1,1,,5,4,2,8,4,5,5,4,4,3,4,4,3,2,2,3,4,3,3,3,4,98,10,5,98,,,,,,4,2,3,2,6,2,2,10,8,1,1,97,99,3,3,1,1,1,,,,,,,,,1,1,1,,,,,,1,2,3,2,2,98,2,2,2,2,1,4,3,99,,4,3,1,98,,,,,1,,,,,,1,10,,,,,,1,3,3,3,98,1,99,99,1,3,1990,99,1,Mobile,1,0.753,,0.73,5
296292,04/03/2025,1,1,25,2,1,2,8,4,2,5,3,5,4,4,1,3,2,2,4,1,98,98,3,3,3,8,5,1,,,,,,3,2,2,2,10,5,5,5,10,3,2,97,99,2,2,,,,,,1,,,,,,,,,,,,1,,6,3,3,3,2,3,3,2,2,2,1,2,2,1,5,4,4,1,1,,,1,1,,,,,,,,9,1,,,,,,3,2,3,2,3,2,1,2,4,,1,1,Mobile,1,1.174,,1.139,5
296293,04/03/2025,1,1,,5,4,1,6,3,5,4,3,5,4,4,1,2,4,2,4,3,1,1,2,3,1,0,2,1,,,,,,4,1,1,7,10,0,5,5,8,0,1,30,1,2,5,1,1,1,,,,1,,,,,,1,,,,,,,3,5,2,2,4,1,1,1,1,1,1,2,2,1,2,4,4,1,1,,,,1,1,1,1,,,,,10,1,,,,,,4,4,4,4,1,5,1,1,3,1991,1,1,Mobile,1,0.575,,0.558,3
296294,04/03/2025,1,1,73,7,5,2,3,1,5,5,3,5,4,4,4,3,2,2,4,1,98,4,4,4,1,10,6,1,,,,,,3,4,2,5,5,4,4,8,8,0,1,98,1,3,5,1,1,,1,,,,,,,,1,1,1,,,,,,2,4,4,4,2,4,2,2,1,2,2,4,3,2,,4,4,1,4,,,1,,,,,,,,,10,1,,,,,,4,4,3,3,2,5,1,2,5,,4,1,Mobile,1,1.322,,1.283,4
296296,04/03/2025,1,1,,2,1,2,5,2,4,5,4,3,3,4,1,2,4,2,3,3,3,3,2,4,2,7,4,4,,,,,,3,2,2,4,7,4,5,9,6,6,1,7,98,3,3,1,,,,,1,,,,,,,,,,,,1,,7,4,3,3,4,3,2,2,2,2,3,3,98,2,,4,4,1,3,,,,1,1,,,1,1,,,2,1,,,,,,4,4,3,3,2,5,1,1,3,1999,99,1,Mobile,1,1.173,,1.138,6
296297,04/03/2025,1,1,,5,4,1,9,5,5,5,2,4,4,3,4,1,3,2,4,3,3,2,2,3,4,7,5,5,,,,,,3,2,1,0,7,4,2,10,9,3,1,3,3,3,5,1,,,,,,,,1,,,1,1,1,,,,,,4,1,4,3,3,3,3,1,2,4,2,3,4,2,,4,3,1,3,,,1,,,,1,,,,,8,1,,,,,,4,4,3,3,1,6,1,1,6,,2,1,Mobile,1,0.647,,0.628,4
296299,04/03/2025,1,1,36,3,2,2,5,2,3,5,3,5,4,4,2,1,3,2,4,1,3,3,1,2,3,7,5,2,,,,,,2,1,1,5,9,1,5,8,8,0,1,30,10,1,4,,1,,,,,,,,,,,,1,,,,,,5,3,98,4,4,1,1,2,2,2,2,4,3,1,3,4,3,1,3,,,,1,1,,,1,,,,8,1,,,,,,4,4,4,4,3,4,1,3,7,,4,1,Mobile,1,1.416,,1.373,6
296301,04/03/2025,1,1,,4,3,1,8,4,5,4,3,5,4,2,3,4,1,2,2,1,2,2,3,4,2,8,8,2,,,,,,2,1,2,4,8,5,1,10,7,1,1,30,2,2,3,1,1,1,,,,,,,,,1,1,,,,,,,4,2,4,3,3,3,2,2,2,3,2,4,4,2,,4,4,1,4,1,,1,,1,,,1,1,,,7,,1,,,,,3,4,3,3,1,6,1,1,7,,5,1,Mobile,1,0.943,,0.914,6
296302,04/03/2025,1,1,26,2,1,1,8,4,3,2,4,2,3,4,1,2,4,2,4,3,2,2,1,2,1,6,1,3,,,,,,2,3,3,8,10,6,9,7,7,7,1,1,4,2,3,,1,1,,,,,,,1,,1,,,1,,,,,6,5,3,3,3,2,2,4,3,1,2,2,2,2,,4,4,2,4,1,,1,1,1,1,,1,1,,,4,1,,,,,,4,3,3,4,2,5,1,3,5,,2,1,Mobile,1,1.219,,1.182,7
296303,04/03/2025,1,1,24,2,1,1,8,4,2,4,2,2,4,4,1,3,4,2,4,3,2,2,1,3,1,4,5,1,,,,,,1,2,2,7,10,6,3,8,10,2,2,4,4,2,3,1,,,,,1,,,1,,,,1,,,,,,,6,4,4,3,2,3,2,3,2,2,3,4,4,1,5,1,2,1,4,,,1,1,,1,,1,,,,2,1,,,,,,4,3,4,3,3,2,1,3,6,,1,1,Mobile,1,1.203,,1.167,7
296304,04/03/2025,1,1,41,4,3,2,8,4,2,4,4,3,4,4,4,2,1,2,4,3,4,3,2,1,1,10,5,1,,,,,,3,98,1,6,10,4,3,9,10,0,1,4,1,1,4,1,,,,1,,,1,,,,,,,,,,,1,5,5,3,1,1,3,2,2,2,1,2,3,98,1,4,4,3,2,2,,,,1,,1,,1,,,,8,1,,,,,,3,3,98,98,4,2,1,3,5,,4,1,Mobile,1,1.241,,1.203,1
296305,04/03/2025,1,1,26,2,1,2,7,3,5,5,4,3,3,3,4,3,2,2,3,1,3,3,4,4,4,10,9,5,,,,,,4,2,3,1,8,7,0,6,10,5,1,3,3,3,1,,,,,,,,,,,,,,,,,,,,1,1,3,1,1,3,98,1,1,3,3,3,3,1,1,4,3,1,98,,,1,,,,,1,1,,,1,1,,,,,,3,3,4,3,1,6,1,1,4,,4,1,Mobile,1,0.649,,0.629,4
296306,04/03/2025,1,1,32,3,2,1,8,4,5,5,3,3,4,3,1,3,2,2,4,4,3,3,3,3,3,10,5,1,,,,,,2,2,2,3,5,4,2,8,5,1,1,30,30,3,3,1,1,,,1,,,,1,,,1,1,,,,,,,4,4,3,2,2,4,3,1,1,2,2,2,2,1,2,2,4,1,3,,,1,1,1,,,1,,,,4,1,,,,,,3,3,3,3,2,6,1,4,5,,2,1,Mobile,1,0.849,,0.823,4
296310,04/03/2025,1,1,,4,3,2,8,4,5,4,4,5,3,4,3,4,1,2,4,3,3,3,3,3,3,10,5,4,,,,,,3,2,3,0,5,5,3,5,5,4,2,98,3,4,3,1,1,,,,,,,,,,1,1,,,,,,,4,2,3,3,3,3,2,1,2,2,1,3,98,1,5,4,4,1,3,,,,,,,,1,,,,2,,1,1,,,,4,4,4,4,2,4,1,3,4,,5,1,Mobile,1,0.92,,0.892,6
296311,04/03/2025,1,1,,6,5,2,9,5,5,3,3,2,3,3,3,1,4,2,3,1,4,3,3,3,3,7,6,3,,,,,,98,1,2,8,5,8,5,10,9,3,1,3,2,4,4,1,1,,1,,,,,,,,1,1,,,,,,,6,2,4,2,2,3,2,2,2,3,3,4,4,1,5,4,2,1,2,,,1,,,,,,1,,,1,,1,,,,,4,4,4,4,2,4,1,3,5,,5,1,Mobile,1,0.928,,0.9,6
296312,04/03/2025,1,1,,3,2,1,6,3,4,4,4,5,4,4,4,3,1,2,4,4,3,3,4,4,3,5,10,2,,,,,,2,2,2,4,4,4,3,5,5,2,2,96,94,4,4,1,,,,,,,,1,,,,,,,,,1,,4,3,4,2,1,2,3,2,1,2,3,4,2,1,4,4,3,1,2,,,,,,,,1,,,,10,1,,,,,,4,4,3,2,2,5,1,3,5,,2,1,Mobile,1,0.681,,0.661,4
296315,04/03/2025,1,1,53,5,4,2,4,1,4,5,5,3,4,4,1,2,3,2,4,3,4,4,2,3,1,10,0,1,,,,,,4,98,1,2,9,0,5,5,6,0,1,1,4,1,5,,,1,,1,1,1,1,1,,,,,,1,,,,,8,5,3,3,3,3,2,2,2,1,2,4,1,1,2,4,4,2,4,,,1,1,1,1,,1,1,,,10,1,,,,,,3,3,3,4,3,4,1,3,5,,2,1,Mobile,1,0.969,,0.94,4
296316,04/03/2025,1,1,,5,4,2,5,2,5,2,2,3,4,3,1,3,2,2,4,3,4,3,3,4,2,4,10,1,,,,,,4,1,2,10,10,0,0,10,8,0,1,1,1,1,3,,1,,,,,,,,,,,,,1,,,,,10,4,4,2,4,2,1,4,3,1,1,1,1,1,0,4,2,2,4,,,,,,,,1,,,,10,1,,,,,,4,4,3,4,3,4,1,3,4,,3,1,PC,1,0.942,,0.914,4
296320,04/03/2025,1,1,,7,5,1,7,3,5,5,3,5,1,2,3,4,1,2,1,1,2,3,4,4,4,10,10,5,,,,,,1,1,1,0,5,5,3,5,1,5,1,8,2,5,5,1,1,1,1,,,,,,,,1,1,1,,,,,,5,1,4,1,1,4,4,1,1,4,2,3,2,2,,4,4,1,1,1,,1,,1,,1,,,,,0,,1,1,,,,3,3,2,2,1,6,1,1,6,,5,1,Mobile,1,0.845,,0.82,3
296323,04/03/2025,1,1,33,3,2,1,1,1,1,3,4,2,4,4,1,4,3,2,4,3,3,3,1,1,2,6,0,4,,,,,,2,2,3,7,8,4,9,7,3,2,1,5,5,3,3,,,1,,,,,,,,,,,,,,,1,,5,5,4,3,1,3,3,3,2,2,3,1,3,1,4,4,2,2,3,,,,,,,,1,,,,9,1,,,,,,4,3,3,4,4,1,1,2,4,,3,1,PC,1,1.065,,1.033,1
296325,04/03/2025,1,1,,2,1,2,6,3,1,4,4,5,4,4,4,1,3,2,4,3,3,3,2,2,1,5,3,1,,,,,,3,2,2,5,9,4,7,7,7,4,4,94,5,3,3,1,,,,,1,,,1,,,,,,,,,1,,5,4,98,98,3,3,98,2,1,1,2,2,1,1,3,4,4,1,2,,,,1,,,,,,,,9,1,,,,,,3,3,3,3,3,6,1,2,4,,99,1,Mobile,1,0.682,,0.661,1
296326,04/03/2025,1,1,34,3,2,1,5,2,5,4,3,5,4,4,1,3,2,2,4,3,2,3,3,4,4,8,7,1,,,,,,1,1,3,4,8,2,3,7,4,1,1,3,1,2,4,1,1,,,,,,,,,,,1,1,,,,,,3,1,98,3,98,2,3,1,1,3,2,4,98,2,,4,4,1,3,,,,,1,,,1,,,,7,1,,,,,,3,3,3,3,3,5,1,3,4,,3,1,Mobile,1,1.062,,1.03,4
296327,04/03/2025,1,1,54,5,4,2,9,5,5,5,3,5,1,,,,,2,1,1,4,2,4,4,4,10,10,5,98,98,98,98,98,4,3,1,0,2,7,1,10,1,10,4,94,11,7,5,1,1,1,,,,,,1,,,,,,,,,1,,1,1,98,4,4,4,3,1,1,2,1,1,1,1,4,4,3,1,1,,1,,,,,1,,,,,1,,,,1,,,2,2,1,3,1,6,5,,,,5,2,Mobile,1,,0.464,0.529,8
296328,04/03/2025,1,1,,5,4,1,8,4,5,4,3,3,3,4,1,3,4,2,3,4,2,3,4,4,3,10,10,5,,,,,,2,2,3,4,5,5,5,5,5,5,1,98,1,4,4,1,,,,,,,,1,,,,,,,,,1,,3,3,4,2,2,3,3,2,2,3,2,3,4,2,,4,2,1,2,,,1,,1,,,1,1,,,0,1,,,,,,4,4,3,3,2,5,1,4,5,,5,1,Mobile,1,0.772,,0.748,4
296329,04/03/2025,1,1,49,4,3,2,8,4,5,5,4,3,3,3,3,4,1,2,1,1,2,2,4,4,4,10,10,5,,,,,,1,1,3,0,0,9,1,10,10,1,1,2,2,4,3,1,,,,,,,,,,,,,,,,,1,,1,1,2,1,1,4,4,1,2,4,2,2,2,2,,4,4,1,2,1,,1,,1,,,1,,,,1,1,,,,,,3,3,3,3,2,6,1,2,5,,4,1,PC,1,0.92,,0.892,1
296330,04/03/2025,1,1,66,6,5,2,8,4,5,5,3,4,2,2,3,4,1,2,1,1,3,3,4,4,4,10,10,5,,,,,,2,1,1,0,1,10,1,10,0,8,1,8,9,7,5,1,1,,,,,,1,,,,1,1,1,,,,,,2,1,2,4,98,4,4,1,2,4,1,2,1,1,1,4,4,1,1,1,,1,,,,1,,,,,0,,1,1,1,,,3,3,2,2,2,6,1,1,6,,2,1,PC,1,1.107,,1.074,5
296331,04/03/2025,1,1,45,4,3,2,7,3,4,5,4,5,4,4,2,4,1,2,4,3,4,3,4,4,4,10,5,1,,,,,,2,3,2,4,5,4,1,6,5,1,4,98,8,5,4,1,1,,,1,1,,1,,,,1,1,1,1,,,,,1,3,2,2,3,2,1,1,1,2,3,2,1,1,2,4,4,1,4,,,,,,,,1,,,,6,,1,,,,,2,2,3,1,2,5,1,1,4,,4,1,Mobile,1,0.738,,0.716,6
296332,04/03/2025,1,1,,7,5,2,9,5,5,5,2,5,2,1,3,4,1,2,1,1,3,4,3,4,4,10,8,5,,,,,,2,1,1,0,2,9,0,10,5,8,1,8,9,7,5,1,1,1,1,,,,1,,,,,1,,,,,,,2,1,3,1,1,4,3,1,2,3,2,2,2,1,3,4,4,1,2,1,,1,,1,,1,,,,,2,,,1,,,,4,3,2,2,2,6,1,1,6,,4,1,Mobile,1,0.928,,0.9,4
296333,04/03/2025,1,1,30,3,2,2,8,4,5,4,3,4,3,1,3,4,1,2,3,1,2,1,4,4,4,10,7,4,,,,,,3,1,2,0,4,8,3,8,7,2,1,97,9,5,4,1,1,,,1,,,,,,,1,1,,,,,,,1,1,3,1,1,4,4,1,2,3,1,4,2,1,2,4,3,1,4,1,,,,1,,,,1,,,4,,1,1,,,,3,3,3,3,1,6,1,2,3,2002,5,1,Mobile,1,0.828,,0.804,3
296335,04/03/2025,1,1,,6,5,1,9,5,5,2,3,3,98,4,3,4,1,2,1,1,3,4,3,4,3,10,10,4,,,,,,2,1,2,1,1,7,1,10,5,5,1,3,2,4,3,1,,1,,,,,,,,,,1,,,,,,,3,1,4,1,2,4,4,2,2,3,1,4,4,1,5,4,4,1,4,,,1,,,,,1,,,,0,,,1,,,,4,4,4,4,2,5,1,2,6,,2,1,Mobile,1,0.951,,0.922,4
296336,04/03/2025,1,1,35,3,2,2,5,2,4,4,4,98,3,3,3,4,2,2,3,3,98,3,3,4,98,6,6,98,,,,,,3,1,4,3,6,4,3,5,5,5,1,7,7,3,1,,,,,,,,,,,,,,,,,,,,3,98,3,2,98,3,3,2,98,98,2,3,3,1,2,4,3,1,3,,,1,1,1,,1,1,,,,3,1,,,,,,4,3,98,98,2,3,1,1,2,1994,1,1,Mobile,1,1.116,,1.082,2
296337,04/03/2025,1,1,,4,3,1,9,5,2,4,3,2,2,4,1,3,2,2,3,1,2,3,1,1,1,6,0,98,,,,,,3,3,3,5,8,8,8,8,8,7,1,98,98,3,2,1,,,,,,,,,,,,,,,,,,1,4,4,3,2,1,2,2,2,2,1,2,4,2,2,,3,4,98,4,,,,,,,,1,1,,,7,1,,,,,,4,4,4,4,3,2,1,1,4,,3,1,Mobile,1,1.066,,1.034,9
296338,04/03/2025,1,1,,3,2,1,5,2,5,4,2,4,4,4,1,3,4,2,4,3,2,3,2,3,3,7,5,1,,,,,,4,4,1,4,7,2,3,8,5,2,1,9,4,1,4,1,1,1,,,,,1,,,,1,1,1,1,,,,,5,3,4,3,3,3,2,2,2,2,2,2,2,1,2,4,1,2,3,,,1,1,1,1,,1,,,,4,1,,,,,,4,4,4,4,2,5,1,3,4,,4,1,Mobile,1,1.062,,1.03,6
296341,04/03/2025,1,1,,3,2,2,8,4,5,4,3,5,3,1,3,2,4,2,4,3,3,3,3,3,4,8,9,1,,,,,,3,2,2,4,5,6,4,5,7,1,1,30,2,5,5,1,1,1,,1,1,,,1,,,,1,,,,,,,1,1,98,3,3,3,98,1,1,2,2,3,3,1,3,4,4,1,2,,,1,,,,,1,,,,10,,1,,,,,3,3,4,3,2,4,1,3,4,,3,1,Mobile,1,0.828,,0.804,5
296342,04/03/2025,1,1,,6,5,1,9,5,5,5,4,4,2,2,4,3,1,2,2,1,3,4,4,4,4,10,10,4,,,,,,2,2,1,0,3,8,1,9,5,5,1,8,3,5,5,1,1,1,,,,,,,,,1,,,,,,,,1,1,3,3,3,4,2,1,2,3,2,4,3,1,1,4,2,1,2,1,,1,,1,,1,,,,,1,,1,1,,,,4,4,2,3,1,6,1,3,5,,1,1,PC,1,0.951,,0.922,1
296343,04/03/2025,1,1,55,5,4,2,5,2,3,3,3,2,4,4,1,2,3,2,4,3,4,4,1,1,1,2,3,1,,,,,,2,2,1,9,10,2,6,8,10,0,1,4,3,1,5,1,1,,,,,,1,,,,,,,1,,,,,7,5,2,2,3,2,1,3,2,1,3,1,1,1,5,4,3,2,3,,,,1,,1,,1,,,,10,,,,,1,,3,4,3,4,2,4,1,1,6,,5,1,Mobile,1,1.287,,1.248,4
296344,04/03/2025,1,1,,3,2,1,9,5,2,5,2,5,4,3,3,1,2,2,4,3,1,2,3,2,3,10,5,3,,,,,,2,3,1,7,7,4,7,6,7,4,2,97,1,2,4,1,,,,,,,,,1,,,1,,,,,,,4,5,4,3,3,4,4,1,1,1,1,2,1,2,,4,4,1,2,,,,1,,,,,,,,6,1,,,,,,3,3,3,4,4,1,1,3,5,,5,1,Mobile,1,0.96,,0.931,7
296346,04/03/2025,1,1,23,2,1,1,5,2,5,4,3,2,2,2,3,4,1,2,2,1,3,3,4,4,4,7,10,5,,,,,,2,2,2,0,3,10,1,10,3,8,1,8,9,6,4,1,,,,,1,1,,,,,,1,,,,,,,98,1,3,2,2,4,4,1,2,4,1,3,2,2,,4,4,1,2,1,,1,,1,,1,,,,,1,,1,1,,,,3,3,3,2,2,6,1,4,4,,1,1,Mobile,1,1.116,,1.083,5
296347,04/03/2025,1,1,,6,5,2,8,4,5,5,4,4,2,1,4,1,3,2,1,1,3,2,4,4,4,10,10,5,,,,,,1,2,1,0,5,10,5,10,7,5,1,8,3,7,5,1,1,,,1,,,,,,,1,1,1,,,,,,3,1,4,2,2,4,4,1,1,4,1,2,1,2,,4,2,1,2,1,1,1,,1,,,,,,,10,,1,1,,,,2,3,2,2,1,6,1,4,4,,5,1,Mobile,1,1.107,,1.074,5
296348,04/03/2025,1,1,,5,4,1,8,4,5,4,3,3,2,1,4,3,1,2,2,1,2,2,3,3,3,7,9,4,,,,,,2,2,1,3,5,5,3,5,5,5,1,3,3,5,5,1,1,,,,,,,,,,,1,,,,,,,8,2,98,3,3,3,3,2,2,3,2,2,3,2,,4,4,1,2,,,1,,1,,,,,,,8,,1,,,,,3,3,3,3,1,6,1,1,3,1990,3,1,Mobile,1,0.772,,0.748,7
296352,04/03/2025,1,1,,6,5,2,2,1,5,4,4,4,4,4,4,3,1,2,3,1,4,4,3,3,3,5,5,2,,,,,,3,4,1,0,0,0,0,0,0,0,1,97,9,5,4,,1,,,,,,,,,,,,1,,,,,,5,3,2,2,2,2,2,3,1,1,2,3,1,1,1,4,3,98,3,,,,,,,,,1,,,7,1,,,,,,4,4,4,4,1,6,1,4,4,,1,1,Mobile,1,1.322,,1.283,4
296354,04/03/2025,1,1,,6,5,1,9,5,5,4,4,2,3,4,1,3,4,2,1,1,1,1,4,4,4,9,5,5,,,,,,1,2,1,0,4,8,0,10,6,5,1,2,2,5,5,1,1,,1,,,,,,,,,1,1,,,,,,2,1,4,1,1,4,3,1,1,4,2,3,3,1,5,4,3,1,3,1,,,,1,,1,,,,,2,,1,1,,,,3,4,2,2,1,6,1,1,6,,5,1,Mobile,1,0.951,,0.922,6
296355,04/03/2025,1,1,,5,4,2,9,5,5,5,4,5,2,1,3,4,1,2,2,1,4,4,4,4,3,10,10,5,,,,,,1,1,1,3,0,8,0,10,5,7,1,8,11,7,5,1,1,,,,,,,1,,,1,1,1,,,,,,2,1,4,2,2,4,4,1,2,3,2,3,3,2,,4,4,1,2,1,,1,,1,,1,,,,,1,,1,,,,,3,3,2,2,1,6,1,1,6,,4,1,Mobile,1,0.631,,0.612,1
296356,04/03/2025,1,1,,4,3,1,8,4,5,4,2,4,3,2,3,4,2,2,2,1,2,2,4,3,3,5,9,5,,,,,,3,2,3,3,7,7,4,7,7,3,2,2,2,4,3,1,1,,,,,,,,,,,1,1,,,,,,6,2,3,2,2,3,3,2,2,3,3,3,3,2,,4,4,1,4,1,,1,,,,,,,,,3,1,,,,,,3,4,3,3,1,6,1,1,4,,4,1,PC,1,0.943,,0.914,5
296359,04/03/2025,1,1,,1,1,2,8,4,3,4,2,3,4,4,2,1,3,2,4,3,3,2,2,3,1,6,1,1,,,,,,2,2,3,8,9,1,8,8,10,3,1,30,1,2,3,,,,,,1,1,,,,,,,,,,,1,,6,3,3,3,4,3,1,3,2,1,3,4,1,1,5,4,2,98,2,,,,1,1,1,,,,,,7,1,,,,,,4,3,3,3,3,3,1,2,4,,3,1,Mobile,1,1.189,,1.154,3
296360,04/03/2025,1,1,,4,3,2,9,5,5,4,2,4,1,1,3,4,1,2,1,1,2,1,4,4,3,10,8,5,,,,,,1,1,1,0,4,10,6,10,7,8,1,2,2,7,3,,,,,,,1,,,,,,,,,,,1,,2,2,4,1,1,4,4,1,1,2,1,2,1,1,0,4,3,1,1,1,1,1,,,,1,1,1,,,0,1,,,,,,4,4,4,4,2,5,1,1,4,,5,1,PC,1,0.771,,0.748,2
296362,04/03/2025,1,1,37,3,2,1,8,4,4,4,4,4,4,4,1,4,3,2,4,3,3,2,3,2,3,4,5,1,,,,,,2,4,3,5,7,3,3,7,10,0,1,97,4,3,4,1,1,1,,1,1,,,1,,,,1,1,,,,,,1,4,3,1,3,2,1,1,1,1,2,2,2,2,,4,4,1,2,,,,,1,1,,1,,,,1,1,,,,,,4,4,3,3,2,3,1,3,4,,5,1,Mobile,1,0.914,,0.886,6
296363,04/03/2025,1,1,32,3,2,2,8,4,5,5,3,5,4,4,1,3,4,2,4,4,1,1,4,4,3,10,7,5,,,,,,1,2,3,0,7,7,2,9,7,5,1,2,3,3,4,1,,,,1,1,,,,,,,,,,,,1,,1,2,2,2,2,3,3,1,1,2,1,3,98,1,1,4,4,1,2,,,1,,1,,,1,,,,1,1,,,,,,98,98,2,98,2,6,1,4,3,1994,4,1,Mobile,1,0.828,,0.804,5
296366,04/03/2025,1,1,,4,3,1,8,4,5,4,3,2,3,4,3,1,4,2,3,1,2,2,4,4,4,10,10,3,,,,,,1,1,3,1,4,6,0,10,6,5,1,2,2,4,4,,1,,,,,,,,1,,,1,,,,,,,4,1,4,2,2,3,1,1,2,4,2,3,2,2,,4,3,1,3,,,1,,1,,,1,,,,1,1,,,,,,4,4,3,3,2,5,1,1,4,,2,1,Mobile,1,0.943,,0.914,3
296367,04/03/2025,1,1,,2,1,2,7,3,5,5,4,5,3,4,1,3,4,2,2,1,3,3,3,4,3,8,7,3,,,,,,3,3,3,0,6,9,4,10,10,6,1,97,2,6,2,1,,,,1,,,,,,,,1,,,,,,,5,1,3,2,2,3,2,2,1,3,3,3,3,1,2,4,3,1,1,1,,1,,,,,1,,,,7,,1,,,,,3,3,2,2,1,6,1,1,4,,2,1,Mobile,1,0.649,,0.629,6
296369,04/03/2025,1,1,,3,2,2,9,5,3,4,3,3,4,3,4,3,2,2,4,4,3,3,2,3,2,5,2,2,,,,,,2,3,2,6,7,3,5,10,10,7,1,97,96,2,4,1,,1,,,1,,,,,,,,,,,,,1,2,2,4,2,1,4,3,2,2,1,4,4,98,1,5,4,4,1,4,,,,1,1,,1,,,,,9,1,,,,,,4,3,98,4,3,3,1,3,4,,1,1,Mobile,1,0.949,,0.92,7
296370,04/03/2025,1,1,,7,5,2,5,2,5,5,3,4,3,3,3,4,1,2,2,1,3,3,3,4,4,10,8,3,,,,,,2,2,3,1,3,10,4,9,6,5,1,30,3,5,5,1,,,1,,,,,1,,,,,,,,,1,,5,1,4,1,3,3,2,1,2,4,2,3,3,1,5,4,3,1,4,,,1,,,,1,1,,,,4,,1,1,,,,4,4,2,3,2,6,1,1,6,,5,1,PC,1,1.385,,1.343,2
296371,04/03/2025,1,1,,4,3,2,9,5,5,3,3,2,4,4,1,3,2,2,4,4,2,3,1,2,1,1,3,1,,,,,,1,1,2,10,10,5,4,10,10,2,1,1,1,3,4,1,1,,,1,,,,,,,,,,1,,,,1,10,5,4,1,1,3,2,4,3,1,2,2,2,99,,4,3,2,4,,,,,,,,1,,,,3,1,,,,,,4,4,3,4,1,6,1,4,4,,5,1,Mobile,1,0.771,,0.748,4
296374,04/03/2025,1,1,,7,5,1,5,2,5,2,3,4,2,1,4,3,2,2,1,1,4,4,3,3,4,10,10,5,,,,,,4,1,3,1,1,10,1,10,2,5,1,8,3,6,4,,1,,,,,,,,,,,1,,,,,,,1,1,4,3,1,4,3,1,1,4,3,4,4,2,,4,4,1,4,,,,,,,1,,,,,0,,1,,,,,4,3,98,3,1,6,1,1,6,,4,1,Mobile,1,1.419,,1.376,5
296375,04/03/2025,1,1,44,4,3,1,8,4,3,3,3,3,4,4,2,1,4,2,4,4,98,98,2,1,1,0,3,1,,,,,,3,3,2,8,8,3,10,10,10,2,1,30,4,1,3,,,,,,,,,,,1,,,,,,,1,,7,5,3,1,1,1,1,2,1,1,2,2,1,1,1,4,3,2,2,,,,1,1,1,,1,1,,,10,1,,,,,,3,4,2,98,2,2,1,1,4,,3,1,PC,1,1.288,,1.249,1
296376,04/03/2025,1,1,,5,4,1,2,1,1,2,2,2,4,4,1,4,2,2,4,3,2,3,1,2,1,1,1,1,,,,,,2,2,3,5,5,5,10,5,8,3,1,6,6,3,3,,,,1,,,,,,,,,,,,,,1,,3,4,3,2,2,3,2,2,2,1,1,2,2,1,3,4,3,2,4,,,,,,,,1,,,,10,1,,,,,,3,3,3,3,4,1,1,1,4,,3,1,PC,1,0.968,,0.939,1
296378,04/03/2025,1,1,55,5,4,2,9,5,5,5,4,4,3,3,4,3,1,2,2,1,4,4,3,4,3,10,8,3,,,,,,2,1,1,0,3,5,2,10,6,5,1,8,3,5,4,1,1,,,,,,,,,,1,1,,,,,,,4,1,3,2,1,4,3,1,1,3,2,3,2,1,2,4,4,1,3,1,,1,,1,,,,,,,7,,1,,,,,3,3,3,3,2,5,1,1,6,,2,1,Mobile,1,0.631,,0.612,1
296379,04/03/2025,1,1,,8,5,2,3,1,5,4,3,4,3,3,2,3,4,2,4,3,3,4,4,98,98,9,10,5,,,,,,1,1,4,1,1,8,3,8,4,5,1,8,8,6,4,,1,,,,,,,,,,1,1,1,,,,,,1,2,4,3,4,4,3,2,1,3,2,4,4,1,5,4,4,1,3,,,,1,,,,,,,1,10,,1,,,,,3,4,3,3,2,4,1,3,1,1951,1,1,Mobile,1,1.322,,1.283,9
296380,04/03/2025,1,1,27,2,1,1,8,4,5,3,1,4,4,4,1,2,4,2,4,4,2,2,3,3,4,7,2,1,,,,,,3,2,2,2,8,0,0,10,5,0,1,97,7,2,5,,1,,,,,,,1,,,,1,,,,,,,3,2,3,1,3,1,2,2,1,3,2,3,98,1,2,4,3,1,1,,,1,1,1,,,1,1,,,10,1,,,,,,4,4,3,3,1,6,1,1,4,,2,1,Mobile,1,0.892,,0.865,5
296381,04/03/2025,1,1,60,6,5,2,9,5,4,3,4,3,3,3,2,1,3,2,4,4,3,3,3,3,2,5,6,1,,,,,,3,2,3,9,10,2,5,10,10,5,1,1,1,1,4,,1,1,,,,,,,,,1,,,1,,,,,5,98,3,2,2,3,2,3,3,2,3,3,3,1,5,4,4,1,4,,,1,,,,,,,,,7,1,,,,,,3,3,3,3,2,5,1,2,5,,2,1,Mobile,1,0.999,,0.969,7
296383,04/03/2025,1,1,46,4,3,2,9,5,5,5,3,5,3,3,3,4,1,2,2,1,2,2,4,4,3,10,10,2,,,,,,2,3,3,5,7,7,5,10,5,3,1,97,8,5,4,1,1,,1,1,,,,,,,,1,1,,,,,,1,1,3,2,2,3,3,1,2,3,2,4,3,1,2,4,3,1,2,,,,,,,,1,,,,2,1,,,,,,4,4,3,4,2,5,1,3,5,,3,1,Mobile,1,0.771,,0.748,1
296384,04/03/2025,1,1,,5,4,1,8,4,2,4,4,2,3,3,1,3,4,2,3,4,2,3,2,3,3,7,5,5,,,,,,1,2,1,3,5,5,2,5,8,5,1,3,3,3,4,1,1,1,,1,1,1,,1,1,,1,1,,,,,,,4,4,4,1,1,3,4,2,2,2,2,3,3,1,2,4,4,1,4,,,1,,1,,1,1,,,,2,1,,,,,,4,4,3,3,4,1,1,1,2,1990,3,1,Mobile,1,1.04,,1.009,1
296386,04/03/2025,1,1,,2,1,2,5,2,5,5,4,4,4,4,3,1,2,2,4,3,2,3,3,4,3,10,8,2,,,,,,2,2,2,0,5,7,1,10,2,0,2,97,1,4,3,1,1,,,1,1,1,,,,,,1,,,,,,,1,2,3,2,3,3,2,2,2,2,1,2,3,1,2,4,4,1,3,,,1,1,1,,,,,,,5,,1,,,,,3,3,3,2,1,5,1,1,7,,3,1,Mobile,1,1.089,,1.057,4
296387,04/03/2025,1,1,29,2,1,1,2,1,1,4,3,98,4,4,1,2,3,2,4,3,2,2,1,1,1,6,0,1,,,,,,2,3,3,6,10,10,10,6,8,0,1,4,4,2,5,1,,1,,,,,1,,,,,,,,,,1,,5,5,4,1,1,1,1,2,2,1,1,3,1,99,,4,4,2,2,,,,1,,1,,1,,,,10,1,,,,,,4,4,4,3,4,1,1,1,4,,5,1,PC,1,1.119,,1.086,7
296389,04/03/2025,1,1,44,4,3,2,9,5,5,4,4,5,3,3,3,4,1,2,2,1,4,4,4,4,4,10,9,5,,,,,,4,1,3,0,6,8,3,8,7,6,1,8,9,5,4,1,1,,,1,,,,,,,1,1,,,,,,,98,1,3,2,3,4,4,1,1,4,2,4,3,2,,4,4,1,98,1,,1,,,,1,1,,,,3,,1,1,,,,4,3,3,3,2,6,1,4,4,,1,1,PC,1,0.771,,0.748,4
296390,04/03/2025,1,1,78,7,5,1,4,1,5,5,4,2,2,4,3,4,1,2,2,1,3,3,4,4,3,10,10,5,,,,,,3,2,3,2,8,8,8,9,8,5,1,3,2,4,4,1,1,,,,,,,,,,,1,,,,,,,5,1,3,2,2,4,4,1,1,3,3,4,4,2,,4,4,1,5,1,,1,,1,,1,,,,,5,1,,,,,,4,4,4,4,1,5,1,4,6,,3,1,Mobile,1,1.355,,1.314,4
296391,04/03/2025,1,1,,5,4,2,6,3,2,5,4,4,4,3,2,1,3,2,4,3,4,4,1,2,1,10,5,1,,,,,,2,4,3,1,5,1,5,2,6,1,4,96,4,2,2,,,,,,,1,,,,,,,,,,,1,,1,4,1,4,4,2,1,1,1,1,1,1,1,1,0,4,3,1,1,,,1,,,,,,,,,10,1,,,,,,98,98,98,98,3,2,1,2,5,,3,1,Mobile,1,0.757,,0.734,6
296392,04/03/2025,1,1,,5,4,2,9,5,4,3,3,3,4,4,4,1,2,2,3,3,3,3,2,3,3,4,5,3,,,,,,3,1,3,3,5,4,5,8,9,4,2,97,3,3,4,,1,1,,,,,,,,,1,,,,,,,,3,2,2,98,3,2,2,2,2,2,2,3,3,1,5,4,4,1,2,,,,1,1,,,1,,,,4,1,,,,,,3,4,3,3,2,5,1,3,4,,99,1,Mobile,1,0.68,,0.659,3
296394,04/03/2025,1,1,,4,3,2,8,4,1,4,2,1,4,1,1,2,4,2,4,4,3,3,1,1,3,5,4,2,,,,,,2,3,3,9,10,0,10,8,8,0,1,6,6,1,4,,,1,,,,,,,,,,,,,,,1,,3,4,98,2,2,3,4,2,2,1,2,2,98,1,3,4,4,1,5,,,,,1,,,,,,,7,1,,,,,,4,4,98,4,4,1,1,1,4,,4,1,PC,1,0.966,,0.937,1
296395,04/03/2025,1,1,,6,5,2,5,2,5,4,4,4,4,3,2,1,3,2,4,3,98,4,2,2,1,2,5,1,,,,,,3,2,2,10,10,3,8,10,10,4,1,1,1,1,5,,1,1,,1,,,,1,,,,,,1,,,,,9,5,3,4,3,3,1,3,3,1,2,2,1,1,2,4,2,2,2,,,,1,,1,1,1,,,,9,1,,,,,,4,4,3,3,3,4,1,3,4,,3,1,Mobile,1,1.385,,1.343,3
296396,04/03/2025,1,1,22,1,1,1,7,3,4,5,4,5,4,4,1,2,3,2,3,3,3,3,3,4,2,9,6,1,,,,,,3,1,2,7,7,4,1,7,10,0,3,99,99,3,4,1,,,,1,1,,,,,,1,1,1,1,,,,,4,3,4,4,4,3,1,2,1,1,2,2,1,2,,4,3,1,2,,,,1,1,1,,1,1,,,10,1,,,,,,3,4,2,2,2,5,1,3,4,,3,1,PC,1,0.716,,0.694,4
296397,04/03/2025,1,1,,1,1,2,5,2,5,4,3,4,98,2,3,4,1,2,1,1,3,3,4,4,3,8,8,5,,,,,,1,1,1,0,6,10,3,9,5,6,1,2,9,6,5,1,,,,,,,,,1,,,,,,,,1,,2,1,3,1,2,4,4,1,1,2,2,3,98,1,5,3,4,1,2,1,,1,,,,1,,1,,,5,,1,,,,,4,3,2,98,1,6,1,4,4,,2,1,Mobile,1,1.089,,1.057,4
296398,04/03/2025,1,1,,6,5,2,8,4,5,5,4,5,2,2,4,3,1,2,2,1,3,4,4,4,4,9,7,4,,,,,,2,2,2,3,5,7,3,10,5,5,1,8,8,6,1,,,,,,,,,,,,,,,,,,,,2,1,3,2,1,4,3,2,2,3,3,4,3,2,,4,3,1,4,,,1,,,,,,,,,1,,1,,,,,4,98,3,3,1,6,1,1,6,,3,1,Mobile,1,1.107,,1.074,2
296399,04/03/2025,1,1,25,2,1,1,5,2,2,2,3,2,4,4,1,2,3,2,4,3,2,4,1,2,3,10,1,1,,,,,,3,2,3,8,8,2,8,8,10,0,1,7,1,2,2,1,1,,,1,1,1,,,,,,,1,1,,,,,8,3,3,3,3,3,2,3,3,3,3,3,3,1,2,2,3,1,4,,,,1,,,,,,,,2,1,,,,,,3,3,4,4,4,2,1,2,5,,2,1,Mobile,1,1.505,,1.46,4
296400,04/03/2025,1,1,,5,4,2,5,2,3,3,3,3,4,4,1,2,3,2,4,3,2,3,1,2,2,7,2,2,,,,,,3,3,3,10,10,7,10,5,10,3,1,1,1,1,3,1,,,,,,,,,,,1,,,1,,,,,8,5,3,98,2,3,2,3,3,1,2,2,1,2,,4,4,2,5,,,,1,,,,,,,,9,1,,,,,,4,4,98,4,3,2,1,3,5,,3,1,Mobile,1,1.287,,1.248,4
296401,04/03/2025,1,1,,6,5,2,8,4,5,5,4,5,2,1,3,4,1,2,2,1,3,4,4,4,4,8,6,4,,,,,,3,2,2,1,5,8,3,7,6,5,1,8,9,6,5,1,1,,,,,,,,,,1,1,,,,,,,2,1,4,4,2,3,3,1,2,4,2,3,2,1,2,4,3,1,3,,,1,,,,,,,,,4,,1,1,,,,3,3,3,3,3,5,1,1,4,,1,1,Mobile,1,1.107,,1.074,3
296402,04/03/2025,1,1,49,4,3,2,4,1,4,5,3,5,3,4,1,3,4,2,4,2,4,4,4,2,3,10,7,1,,,,,,3,2,2,6,7,2,5,5,5,5,2,3,1,1,4,1,1,,1,1,1,,,,,,,1,1,,,,,,5,2,2,3,3,3,1,2,2,3,3,4,3,2,,4,4,1,3,,,1,,1,,,,,,,6,1,,,,,,3,3,3,3,2,5,1,4,6,,3,1,Mobile,1,1.183,,1.148,3
296403,04/03/2025,1,1,,5,4,2,9,5,5,4,3,5,3,4,4,3,1,2,4,3,2,2,4,4,4,6,9,3,,,,,,1,2,2,1,5,7,3,9,9,4,1,3,3,5,5,1,1,,,,,,,,,,,1,,,,,,,2,2,3,3,2,3,3,1,2,3,2,3,2,1,4,4,3,1,2,,1,1,,1,,,1,1,,,3,,1,1,,,,3,3,2,2,2,5,1,1,4,,1,1,PC,1,0.631,,0.612,5
296405,04/03/2025,1,1,,7,5,2,9,5,5,4,4,4,3,1,1,3,4,2,2,1,3,3,1,3,3,10,7,5,,,,,,2,2,2,3,3,8,3,8,3,5,1,8,8,5,4,,1,1,,,,,,,,,1,1,,,,,,,8,2,4,1,2,4,4,3,3,3,3,3,3,2,,4,4,1,3,,,1,,1,,,,,,,1,1,,,,,,3,3,2,2,1,6,1,1,3,1958,3,1,PC,1,0.928,,0.9,3
296406,04/03/2025,1,1,36,3,2,2,9,5,2,3,3,2,4,4,1,4,2,2,4,3,3,3,1,2,1,4,2,1,,,,,,3,2,2,8,10,4,3,8,10,1,1,98,4,2,5,1,,,,1,,,1,1,,,,,,,,,1,,3,4,4,2,2,2,1,2,3,1,2,4,2,1,1,4,2,2,3,,,,1,1,,,1,1,,,0,1,,,,,,3,4,3,3,3,3,1,1,4,,2,1,Mobile,1,0.937,,0.908,7
296407,04/03/2025,1,1,36,3,2,1,5,2,2,2,3,2,4,4,1,2,3,2,2,1,2,3,1,1,2,3,5,2,,,,,,2,3,3,7,10,3,10,9,9,0,2,5,5,1,2,,,,,1,,,,,,,,,,1,,,,,3,2,3,2,3,3,1,3,3,1,1,4,2,1,3,4,2,1,3,,,1,,,,,,,,,4,1,,,,,,4,4,3,3,3,1,1,2,5,,5,1,PC,1,1.432,,1.389,2
296408,04/03/2025,1,1,78,7,5,1,3,1,2,3,4,3,4,4,1,2,4,2,4,3,98,4,1,1,1,5,5,1,,,,,,4,3,2,10,10,0,4,1,9,2,2,1,1,1,4,,1,1,,,,,,,,,,,,1,,,,,5,3,4,2,2,2,1,3,2,1,3,3,2,1,99,4,2,98,5,,,,,,1,,1,,,,10,1,,,,,,4,4,4,4,3,1,1,3,1,1956,1,1,Mobile,1,1.827,,1.772,6
296409,04/03/2025,1,1,29,2,1,2,5,2,4,5,4,5,4,4,4,2,1,2,4,3,98,3,2,3,3,4,6,98,,,,,,3,3,3,5,8,3,3,9,10,3,3,98,94,3,4,1,1,,,,,,,1,,,,1,1,,,,,,5,98,98,2,98,4,2,2,1,2,3,4,4,2,,4,4,1,3,,,1,,,,,,,,,5,1,,,,,,3,2,4,2,2,5,1,1,3,2000,3,1,Mobile,1,1.173,,1.138,3
296410,04/03/2025,1,1,,6,5,1,9,5,2,3,3,2,3,4,1,4,3,2,2,1,3,3,2,4,1,9,4,3,,,,,,3,1,1,2,5,5,3,8,7,3,1,3,3,3,5,1,1,1,,,,,,,,,1,1,,,,,,,2,3,4,2,4,2,2,1,1,2,2,3,3,1,2,4,3,1,2,,,1,,,,,,,,,6,,1,,,,,3,3,2,3,3,2,1,1,6,,4,1,Mobile,1,1.282,,1.244,4
296411,04/03/2025,1,1,,5,4,2,7,3,4,3,2,1,4,4,4,1,3,2,4,3,2,2,2,3,1,1,5,1,,,,,,2,2,1,8,10,3,8,8,10,0,1,1,1,1,4,,1,1,,,,,,,,,,,,1,,,,,6,5,4,2,2,2,3,3,3,1,3,3,1,1,2,4,3,2,3,,,,,,,,1,,,,1,1,,,,,,4,4,2,4,2,6,1,3,5,,5,1,Mobile,1,0.604,,0.586,6
296412,04/03/2025,1,1,29,2,1,2,8,4,2,4,3,5,4,4,2,1,3,2,4,3,3,2,1,1,1,0,5,1,,,,,,3,2,2,10,10,0,7,7,10,0,1,97,1,1,5,1,,,,,,,,1,,,,1,,,,,,,5,5,3,2,4,2,3,2,2,1,4,2,2,1,1,4,2,1,3,,,,,,,,1,1,,,10,1,,,,,,4,4,4,4,4,2,1,1,4,,5,1,Mobile,1,1.174,,1.139,4
296413,04/03/2025,1,1,27,2,1,2,6,3,1,5,5,3,4,4,1,4,2,2,3,3,3,3,1,1,3,8,1,1,,,,,,3,1,3,8,10,3,10,10,10,0,1,6,6,2,4,1,,,1,,,,,,,,,,,,,,1,,8,4,3,2,3,3,3,3,2,1,2,2,2,2,,4,4,1,4,,1,1,,1,1,,1,,,,2,1,,,,,,4,4,2,4,4,1,1,1,4,,3,1,PC,1,0.682,,0.661,5
296414,04/03/2025,1,1,55,5,4,2,8,4,5,5,4,5,1,2,4,3,1,2,1,1,3,3,4,4,4,10,10,5,,,,,,1,1,2,0,9,10,2,10,9,8,1,8,9,6,4,1,1,,,1,1,,,,,,,1,,,,,,,3,1,4,2,2,4,4,1,1,4,1,3,2,1,5,4,3,1,1,1,,1,,1,,,1,,,,2,,1,1,1,,,4,3,4,2,1,5,1,1,6,,4,1,Mobile,1,0.753,,0.73,5
296415,04/03/2025,1,1,,3,2,2,7,3,5,4,4,4,4,4,1,2,3,2,1,3,3,3,4,4,2,10,6,3,,,,,,1,4,3,7,7,4,2,8,7,3,4,10,3,3,4,1,1,,,,,,1,,,,,1,1,,,,,,3,2,3,2,3,2,3,2,2,3,1,4,3,1,2,4,2,1,4,,,1,1,1,,1,1,1,,,5,1,,,,,,3,3,2,2,2,4,1,4,4,,4,1,Mobile,1,0.617,,0.599,3
296416,04/03/2025,1,1,47,4,3,1,9,5,5,5,4,5,1,2,4,3,1,2,1,1,2,3,4,4,4,10,10,5,,,,,,1,2,3,0,3,10,3,10,2,8,1,8,9,7,5,1,,,,,,,,,,,,,,,,,1,,1,1,2,1,1,4,4,1,1,3,1,2,2,1,2,4,4,1,1,1,,,,,,1,,,,,1,,1,,,,,3,3,2,2,1,6,1,4,4,,5,1,Mobile,1,0.79,,0.767,1
296417,04/03/2025,1,1,26,2,1,2,5,2,1,2,3,2,3,4,2,1,3,2,4,4,2,1,1,98,1,6,0,1,,,,,,2,2,1,7,10,6,8,10,10,3,1,4,4,1,5,1,,,,1,,,1,1,,,,,,,,,1,,8,5,3,2,2,3,2,3,3,2,2,2,1,1,3,4,2,98,4,,,,1,,1,,1,,,,7,,,,,1,,4,4,4,4,4,5,1,3,4,,2,1,Mobile,1,1.144,,1.11,7
296418,04/03/2025,1,1,22,1,1,2,7,3,2,4,2,3,2,3,3,4,1,2,2,1,4,4,2,3,3,9,7,5,,,,,,3,2,2,3,9,9,9,9,9,8,2,8,9,5,3,,1,1,,,1,,,,,,1,1,1,,,,,,3,2,3,1,2,3,3,2,2,3,2,3,3,1,2,4,4,1,2,,,1,,1,,1,1,,,,1,,1,,,,,3,3,3,3,3,4,1,1,4,,3,1,Mobile,1,0.875,,0.849,1
296419,04/03/2025,1,1,24,2,1,2,5,2,5,5,3,2,98,4,4,3,1,2,3,1,3,3,4,4,4,10,8,5,,,,,,4,3,3,1,3,6,3,10,7,4,1,2,3,5,4,1,1,,,1,1,,,,,,,1,1,,,,,,4,1,3,2,2,3,1,2,2,3,2,4,3,1,2,3,3,1,2,,,1,,1,,,1,1,,,6,,1,1,,,,4,4,3,3,1,5,1,1,4,,4,1,Mobile,1,1.089,,1.057,6
296421,04/03/2025,1,1,,2,1,1,7,3,1,4,2,1,4,4,1,3,4,2,4,4,1,1,2,2,1,10,3,1,,,,,,1,1,2,7,9,4,8,7,7,5,1,99,99,3,5,,,,,,,,1,1,1,,,,,,,,1,,8,5,4,1,1,4,2,3,3,1,1,1,1,1,2,4,3,2,4,,,,,,,,1,1,,,7,1,,,,,,3,4,2,4,3,3,1,1,7,,4,1,Mobile,1,0.698,,0.677,1
296422,04/03/2025,1,1,,6,5,1,4,1,5,3,3,1,4,4,4,1,3,2,4,3,2,3,3,3,2,1,9,1,,,,,,2,3,2,6,7,5,3,8,8,1,1,30,4,1,5,1,1,1,,,,,1,1,,,,1,1,1,,,,,7,4,4,2,2,4,1,2,2,2,2,2,3,2,,4,3,1,3,,,,,,,,1,,,,10,1,,,,,,4,4,2,3,2,6,1,1,6,,3,1,Mobile,1,1.355,,1.314,4
296424,04/03/2025,1,1,,7,5,1,6,3,5,4,4,5,2,2,3,4,2,2,2,1,3,3,3,4,4,9,10,5,,,,,,1,1,1,1,3,10,5,10,5,9,1,8,9,7,4,,,1,1,1,1,1,,,,,1,1,1,,,,,,1,1,3,1,1,4,4,1,1,3,2,2,2,1,2,4,3,1,1,1,,1,,,,,,,,,1,,1,1,,,,4,4,3,3,2,4,1,1,6,,3,1,Mobile,1,0.845,,0.82,5
296425,04/03/2025,1,1,57,5,4,2,4,1,5,5,4,5,3,3,2,1,3,2,4,3,4,4,4,4,4,10,10,1,,,,,,2,2,2,5,5,5,3,5,5,5,2,97,1,4,4,1,1,,,,,,,,,,,1,,,,,,,5,3,3,4,3,4,4,3,3,3,3,4,4,1,3,4,4,1,3,1,,1,,1,,,1,,,,10,1,,,,,,4,4,4,4,2,5,1,2,4,,1,1,Mobile,1,0.9,,0.873,5
296426,04/03/2025,1,1,29,2,1,2,7,3,1,4,3,4,4,4,2,4,1,2,1,3,98,4,1,98,98,9,0,1,,,,,,4,1,3,6,10,0,10,8,10,0,1,1,1,1,2,1,,,,,,,1,,,,,,,,,,1,,3,98,2,1,4,3,1,2,2,2,2,4,2,1,5,4,2,1,3,1,,,,,,,,,,,10,1,,,,,,4,4,4,4,4,4,1,2,4,,3,1,PC,1,0.682,,0.661,5
296427,04/03/2025,1,1,,3,2,2,6,3,5,5,3,3,4,3,3,4,1,2,4,3,4,3,4,3,3,10,10,1,,,,,,3,4,2,5,5,6,6,10,8,4,1,3,2,4,5,1,1,1,,1,,,1,,,,,1,1,,,,,,4,3,3,3,3,3,3,2,2,2,2,4,4,1,5,4,2,1,4,,,,1,1,,,1,,,,6,,1,,,,,4,4,4,4,1,6,1,1,3,1990,3,1,Mobile,1,0.617,,0.599,3
296429,04/03/2025,1,1,,5,4,1,9,5,5,5,3,5,3,3,4,3,1,2,3,3,2,2,4,4,4,9,8,5,,,,,,2,1,2,2,7,7,3,10,7,4,1,30,3,3,5,1,1,,,,,,,,,,,1,,,,,,,4,1,4,2,2,3,3,1,2,3,2,2,2,2,,4,3,1,2,,,1,,1,,,1,,,,8,1,,,,,,3,3,2,2,1,6,5,1,3,1997,4,1,PC,1,0.647,,0.628,4
296430,04/03/2025,1,1,,5,4,2,6,3,3,4,3,3,4,4,1,2,3,2,4,4,4,3,1,2,2,8,6,3,,,,,,3,1,3,10,10,5,10,10,10,8,2,1,1,1,2,,,,,1,,,1,,,,,,,1,,,,,8,98,4,2,2,3,2,4,3,3,4,4,3,1,5,4,3,1,4,,,1,,1,,,,,,,2,1,,,,,,4,3,4,4,3,5,1,2,5,,4,1,Mobile,1,0.767,,0.744,2
296431,04/03/2025,1,1,58,5,4,2,7,3,5,5,3,5,2,1,4,3,2,2,1,1,4,4,4,4,4,10,10,4,,,,,,2,2,1,0,5,10,2,10,5,4,1,3,9,7,5,1,1,,,1,1,,,,,,,1,,,,,,,1,1,3,4,2,4,2,1,1,4,2,4,2,1,3,4,4,1,4,,,1,,,,,,,,,10,,1,1,,,,3,3,3,3,2,4,1,2,5,,5,1,Mobile,1,0.561,,0.544,5
296432,04/03/2025,1,1,,2,1,2,8,4,5,4,4,5,3,1,4,3,1,2,3,3,3,3,2,4,3,9,8,4,,,,,,3,1,3,1,5,8,2,9,5,3,1,3,2,5,4,1,,,,,1,,,,,,,1,1,,,,,,3,1,3,2,2,4,3,2,2,3,2,4,4,1,5,3,3,1,3,,,1,,,,,1,,,,5,,1,,,,,4,4,3,3,2,5,1,4,4,,2,1,Mobile,1,0.871,,0.845,5
296433,04/03/2025,1,1,,6,5,2,8,4,5,4,4,5,3,2,4,3,1,2,2,1,3,3,3,3,3,8,8,3,,,,,,3,3,2,2,2,7,1,8,6,4,1,3,3,6,5,1,1,,,,,,,,,,,1,,,,,,,4,2,3,2,3,2,1,2,2,2,2,2,2,2,,4,4,1,3,1,,1,,1,,,,1,,,4,,1,,,,,3,3,3,3,2,5,1,1,5,,3,1,PC,1,1.107,,1.074,3
296434,04/03/2025,1,1,66,6,5,2,4,1,5,5,4,4,3,4,4,3,2,2,4,3,3,2,3,4,98,10,7,3,,,,,,2,1,1,1,8,7,6,9,9,4,1,30,1,5,5,,1,,,,,,,,,,1,1,1,,,,,1,2,2,4,2,1,2,1,1,2,98,2,4,3,2,,4,3,1,98,,,,,,,,1,,,,2,,1,,,,,4,4,4,4,2,5,1,4,4,,4,1,PC,1,1.322,,1.283,2
296436,04/03/2025,1,1,23,2,1,2,7,3,5,4,3,2,2,3,2,4,3,2,3,2,2,2,2,4,2,3,6,3,,,,,,3,2,3,4,8,4,5,9,7,4,1,7,7,2,2,,1,,,,1,,,,,,,1,,,,,,,3,2,3,3,2,3,3,2,2,3,3,4,2,1,4,3,2,1,5,,,,1,,,,,,,,6,1,,,,,,4,2,3,3,2,6,1,1,2,2012,5,1,Mobile,1,0.649,,0.629,2
296437,04/03/2025,1,1,32,3,2,2,9,5,2,4,1,5,4,4,2,1,4,2,4,4,3,4,1,1,1,3,0,1,,,,,,2,1,1,8,10,2,7,6,10,0,1,4,4,1,5,1,,,,,,,1,,,,,,,,,,1,,9,5,4,1,2,1,1,3,3,1,2,3,1,1,4,4,3,1,1,,,,1,1,1,,1,,,,10,1,,,,,,4,4,4,4,4,1,1,2,4,,4,1,Mobile,1,0.937,,0.908,6
296438,04/03/2025,1,1,38,3,2,2,8,4,4,5,3,4,4,4,1,4,2,2,4,3,2,4,3,3,2,0,3,2,,,,,,1,1,2,8,10,2,2,10,10,1,1,9,4,1,4,1,1,1,,1,,,,,,,,,,1,,,,1,8,5,3,1,1,2,1,3,3,2,2,4,2,1,3,4,4,1,4,,,1,1,1,1,,1,,,,7,1,,,,,,3,3,3,3,2,5,1,3,4,,3,1,Mobile,1,0.892,,0.865,4
296439,04/03/2025,1,1,74,7,5,2,9,5,5,4,3,5,3,1,4,3,1,2,3,3,3,4,4,4,4,10,9,4,,,,,,2,2,2,3,3,3,3,7,3,6,1,97,99,5,5,,1,,1,,,,,,,,1,1,,,,,,,4,2,4,4,4,4,2,2,98,98,98,98,98,1,5,4,4,1,3,,,1,,1,,,,,,,8,1,,,,,,4,4,4,4,2,5,1,1,4,,2,1,PC,1,0.928,,0.9,5
296440,04/03/2025,1,1,,7,5,2,5,2,4,3,2,1,4,4,1,2,4,2,4,3,2,3,1,3,1,1,1,1,,,,,,3,1,2,10,7,4,6,7,8,1,1,1,1,1,5,1,1,1,,1,1,1,1,1,,,,,,1,,,,,8,5,3,1,1,3,1,3,3,1,2,1,1,1,2,4,2,2,4,,,,,1,,,1,,,,8,1,,,,,,3,4,3,3,2,5,1,3,5,,4,1,Mobile,1,1.491,,1.446,4
296441,04/03/2025,1,1,46,4,3,2,8,4,5,5,4,5,98,98,4,3,1,2,2,1,3,4,4,4,4,10,8,4,,,,,,3,2,1,4,8,8,8,8,8,8,1,8,3,5,4,1,1,,,1,1,,,,,,1,1,1,,,,,,1,1,4,1,1,3,1,1,1,3,2,4,2,1,4,4,3,1,98,,,1,,1,,,,,,,5,,1,,,,,3,3,98,98,2,5,1,2,5,,4,1,Mobile,1,0.92,,0.892,1
296442,04/03/2025,1,1,,6,5,2,9,5,4,3,3,4,4,3,2,3,1,2,4,3,3,3,1,3,2,3,5,1,,,,,,2,2,1,8,9,5,6,7,10,0,1,5,5,3,5,1,1,,,,,,,,,,,,1,,,,,,6,3,3,2,2,3,2,3,3,3,3,3,4,2,,4,4,1,5,1,,,,,,,,,,,8,1,,,,,,3,3,3,3,3,2,1,4,5,,5,1,Mobile,1,0.999,,0.969,4
296443,04/03/2025,1,1,57,5,4,1,4,1,4,3,3,1,2,4,1,4,3,2,3,4,3,3,2,2,2,0,3,3,,,,,,3,1,2,10,8,6,8,9,8,5,1,1,1,2,3,1,1,,,,,,,1,,,1,,,1,,,,1,8,4,3,2,3,3,3,3,4,1,3,3,3,2,,4,1,2,5,,,1,,,,1,1,1,,,10,,,,,1,,4,4,3,4,3,3,1,2,5,,4,1,Mobile,1,0.993,,0.963,2
296444,04/03/2025,1,1,32,3,2,1,8,4,5,4,3,2,4,4,3,1,4,2,4,2,1,1,3,4,2,10,7,2,,,,,,1,3,2,3,8,5,3,10,6,3,1,3,3,2,3,,1,,1,,,,,1,,,,1,,,,,,,7,2,3,3,3,3,4,2,3,3,1,2,4,1,5,2,3,1,4,,,,,1,,,,,,,9,,1,,,,,4,4,3,2,1,5,1,1,4,,4,1,Mobile,1,0.849,,0.823,4
296445,04/03/2025,1,1,,4,3,2,8,4,5,4,4,4,3,4,4,3,2,2,3,3,3,3,4,4,2,10,10,1,,,,,,3,3,2,4,5,3,3,6,6,1,1,97,3,4,5,,,,,,,,,1,1,,,1,,,,,,,6,3,3,3,3,2,1,3,3,3,3,3,3,2,,4,2,1,3,,,,,,,,1,,,,10,,1,,,,,3,3,3,98,2,6,1,3,5,,1,1,Mobile,1,0.92,,0.892,5
296446,04/03/2025,1,1,,2,1,2,5,2,5,4,4,5,3,3,4,3,1,2,2,1,3,3,3,4,4,6,6,4,,,,,,3,2,2,4,3,7,0,10,5,4,1,3,3,5,3,1,1,,,,,,,,,,,1,,,,,,,4,3,3,2,2,3,3,2,2,2,2,3,2,1,4,4,4,1,3,,,1,,1,,,,,,,4,1,,,,,,3,2,3,3,2,6,1,1,4,,4,1,Mobile,1,1.089,,1.057,3
296447,04/03/2025,1,1,,3,2,1,1,1,1,4,2,1,4,4,1,4,3,2,4,4,3,4,1,1,1,1,1,1,,,,,,2,1,2,9,9,1,10,6,8,0,1,6,6,2,4,,,,1,,,,,,,1,,,,,,,1,,7,5,2,3,3,2,1,2,1,1,2,3,2,2,,4,4,98,5,,,,1,1,,,1,,,,1,1,,,,,,3,3,3,3,4,1,1,1,6,,3,1,PC,1,1.065,,1.033,5
296448,04/03/2025,1,1,,5,4,1,6,3,4,5,4,4,3,4,1,3,4,2,3,3,3,4,4,4,4,10,10,3,,,,,,3,2,2,0,7,5,0,10,10,5,1,7,8,2,5,1,1,,,,,,,,,,1,1,,,,,,,1,1,3,2,2,2,1,1,1,2,1,3,2,1,1,4,2,1,1,,,1,,1,,1,1,,,,4,,1,1,,,,4,4,2,3,2,4,1,3,5,,5,1,Mobile,1,0.619,,0.601,5
296450,04/03/2025,1,1,,5,4,1,9,5,4,5,3,1,4,4,2,1,3,2,4,3,2,3,1,3,1,0,3,1,,,,,,1,2,1,8,10,4,6,3,8,1,1,9,4,3,5,,1,1,,,,,1,,,,,,,1,,,,,5,5,4,1,1,4,3,4,2,1,3,2,1,2,,4,4,2,1,,,1,,,,1,1,,,,5,1,,,,,,4,4,2,4,2,5,1,4,6,,5,1,Mobile,1,0.696,,0.676,4
296452,04/03/2025,1,1,,3,2,1,4,1,5,3,3,2,4,4,3,1,4,2,2,3,3,4,4,3,3,8,7,4,,,,,,1,2,2,0,5,5,4,10,7,4,2,7,2,4,4,1,1,,,,,,,,,,,1,,,,,,,3,1,3,4,3,4,4,1,2,4,2,3,2,2,,4,3,1,2,,,1,,,,1,1,,,,5,1,,,,,,3,3,1,2,2,6,1,1,7,,2,1,PC,1,1.014,,0.984,3
296453,04/03/2025,1,1,,5,4,1,8,4,5,3,3,2,4,4,4,1,2,2,4,3,3,3,4,4,3,5,3,1,,,,,,2,2,2,5,7,5,0,10,7,0,1,7,7,2,4,1,,,,,,,,,,,1,,,,,,,,3,3,3,1,2,2,1,1,1,2,2,3,2,1,5,4,4,2,4,,,1,,,,,1,,,,5,1,,,,,,4,3,3,3,1,5,1,3,5,,3,1,Mobile,1,0.772,,0.748,1
296454,04/03/2025,1,1,33,3,2,1,6,3,3,4,2,3,3,4,1,4,3,2,3,4,2,98,2,98,3,5,4,3,,,,,,3,2,2,8,8,5,7,8,10,4,1,97,1,1,4,1,1,,1,,1,1,,,,,1,1,1,1,,,,,7,4,4,2,1,3,1,2,2,2,2,4,2,1,5,4,4,98,4,,,1,1,1,1,,1,1,,,6,1,,,,,,4,4,4,4,2,4,1,4,5,,3,1,Mobile,1,0.864,,0.838,6
296456,04/03/2025,1,1,39,3,2,2,9,5,1,4,4,2,4,4,1,4,2,2,4,1,4,3,1,1,1,2,1,1,,,,,,4,2,2,6,10,5,10,6,10,0,1,6,6,2,4,,,1,1,,,,,,,,,,,,,,1,,4,5,4,4,4,1,2,2,2,1,2,3,2,1,5,4,3,1,5,,,,1,1,,,,,,,8,1,,,,,,3,4,4,3,4,2,1,1,4,,4,1,PC,1,0.729,,0.708,1
296458,04/03/2025,1,1,49,4,3,1,8,4,5,5,3,1,3,2,3,1,4,2,2,1,2,2,4,4,3,10,9,5,,,,,,1,1,1,0,5,6,1,10,3,1,1,2,2,5,5,1,1,1,,,,,,1,1,,1,1,1,,,,,,2,1,4,1,2,4,4,1,2,4,2,4,3,2,,4,3,1,2,1,,1,,1,,1,1,1,,,7,,1,,,,,4,4,3,3,2,6,1,1,4,,4,1,Mobile,1,0.943,,0.914,4
296459,04/03/2025,1,1,29,2,1,2,6,3,1,4,3,3,4,4,1,4,2,2,4,3,4,4,1,1,1,7,0,1,,,,,,2,4,2,6,10,0,10,5,5,0,1,6,6,1,5,1,,,,,,,,,,,,,,,,,1,,1,5,4,3,4,4,3,2,2,1,2,2,2,2,,4,4,1,4,,,,1,,,,1,1,,,10,1,,,,,,3,4,3,3,4,4,1,1,6,,2,1,PC,1,0.682,,0.661,4
296461,04/03/2025,1,1,,5,4,2,5,2,4,3,3,2,4,4,1,2,3,2,4,3,3,4,4,3,1,3,0,1,,,,,,1,1,3,10,10,0,5,10,10,0,1,1,1,1,3,1,1,,,,,,,1,,,,,,1,,,,,8,2,3,4,3,3,1,3,2,1,3,3,2,1,2,4,2,1,4,,,,,,,,1,,,,10,1,,,,,,4,4,3,4,2,4,1,2,5,,3,1,PC,1,1.014,,0.984,6
296462,04/03/2025,1,1,,7,5,2,9,5,5,4,3,4,2,3,4,1,2,2,3,1,3,2,2,3,3,10,5,98,,,,,,3,1,3,2,5,7,5,9,5,7,1,3,3,5,3,,1,1,1,,,,,,,1,1,1,1,,,,,,4,2,4,2,98,4,3,2,2,3,3,4,4,1,3,4,2,1,3,1,,1,1,1,,1,1,,,,7,,1,,1,,,3,3,3,3,2,5,1,4,5,,3,1,Mobile,1,0.928,,0.9,3
296463,04/03/2025,1,1,66,6,5,2,8,4,5,5,3,3,2,1,4,3,1,2,2,1,3,1,4,4,4,8,10,2,,,,,,3,1,1,1,2,9,1,10,6,4,1,8,9,6,5,1,1,1,1,,,,,,,,1,1,1,,,,,,3,1,3,2,3,4,4,1,2,4,2,3,4,1,4,4,1,1,3,,,1,,,,,1,,,,5,,1,,,,,2,2,2,2,1,6,1,3,5,,3,1,Mobile,1,1.107,,1.074,6
296464,04/03/2025,1,1,,3,2,2,5,2,4,5,4,3,4,4,4,3,2,2,4,3,4,3,2,3,3,10,5,1,,,,,,4,3,3,6,10,0,7,8,8,3,2,10,1,2,2,,,,,1,,,,,,,,1,,,,,,,7,3,3,4,3,4,2,2,2,4,3,2,3,2,,4,2,1,3,,,1,,,,,,,,,5,1,,,,,,3,3,4,2,3,4,1,3,5,,1,1,Mobile,1,1.116,,1.082,3
296466,04/03/2025,1,1,,4,3,1,3,1,1,2,3,2,4,4,4,1,3,2,3,4,98,4,1,1,1,8,0,1,,,,,,3,1,1,8,7,3,10,6,5,3,1,5,5,4,4,1,,,,,,,,,,,,,,,,,1,,4,5,2,2,2,3,2,2,2,1,2,2,2,2,,4,3,1,4,,,,,,,,1,,,,1,1,,,,,,3,3,3,3,4,1,1,2,6,,2,1,PC,1,1.183,,1.147,3
296467,04/03/2025,1,1,,5,4,1,8,4,5,4,3,5,2,3,3,4,1,2,2,1,2,3,4,4,4,10,9,5,,,,,,1,1,1,1,5,9,3,10,5,7,1,2,2,4,5,1,,,,1,,,1,1,,,1,1,1,,,,,,7,1,4,2,2,4,3,2,1,4,2,3,2,1,5,4,3,1,4,1,,1,,1,,1,,,,,2,,1,1,,,,4,3,3,3,1,5,1,1,4,,4,1,Mobile,1,0.772,,0.748,4
296468,04/03/2025,1,1,,6,5,1,9,5,5,5,3,2,3,4,3,4,1,2,1,1,3,3,4,4,3,10,7,5,,,,,,3,2,2,4,5,9,2,98,6,4,1,8,3,5,5,1,1,1,1,,,,,,,,1,1,1,,,,,,3,1,4,1,1,4,3,1,1,4,1,2,3,2,,4,4,1,2,,,1,,1,,1,,,,,1,,,1,,,,3,3,2,3,1,5,1,4,2,1964,5,1,Mobile,1,0.951,,0.922,5
296469,04/03/2025,1,1,,8,5,2,9,5,5,4,2,3,3,98,1,4,3,2,98,4,4,98,3,98,3,2,10,98,,,,,,2,2,4,0,4,7,0,10,6,5,1,99,99,4,3,,,,,,,,,,,1,,,,,,,1,,1,1,3,4,3,3,1,2,1,3,3,4,3,1,99,4,4,1,3,,,,,,,,,,,1,5,,1,,,,,3,3,3,3,2,99,1,1,6,,4,1,Mobile,1,0.928,,0.9,4
296470,04/03/2025,1,1,,5,4,2,6,3,4,4,4,3,4,4,1,2,3,2,3,3,2,3,2,3,2,6,5,1,,,,,,2,2,2,4,6,5,3,5,8,3,1,3,3,4,4,,1,,,,,,,,,,1,1,,1,,,,,5,3,3,3,3,2,3,2,1,98,3,3,3,1,2,4,2,1,3,,,1,,1,,,1,,,,5,1,,,,,,3,2,3,4,2,5,1,3,5,,4,1,PC,1,0.604,,0.586,6
296473,04/03/2025,1,1,,5,4,2,8,4,3,4,3,2,2,3,3,4,1,2,2,1,3,2,3,3,3,10,3,5,,,,,,2,2,2,0,98,98,98,98,98,98,1,8,8,5,2,1,,,,,,,,,,,,,,,,,1,,3,1,4,98,98,3,3,1,1,2,1,2,98,2,,4,4,1,3,,,1,,1,,,,,,,1,,1,,,,,3,4,3,3,3,5,1,4,4,,3,1,PC,1,1.029,,0.998,1
296475,04/03/2025,1,1,31,3,2,1,8,4,3,4,2,5,4,4,1,2,3,2,4,3,3,2,2,2,2,7,3,1,,,,,,1,2,3,4,8,3,6,8,10,5,1,4,4,2,3,1,,,,1,1,,,,,,,,,,,,1,,6,3,2,1,1,1,1,1,1,1,2,3,1,1,5,2,3,1,1,,,,,1,,,,,,,8,1,,,,,,3,4,4,3,3,4,1,1,6,,4,1,Mobile,1,1.159,,1.125,3
296478,04/03/2025,1,1,,4,3,1,8,4,5,4,5,3,4,98,1,4,3,2,4,3,2,4,3,4,2,10,6,5,,,,,,2,3,2,0,8,8,8,8,8,8,3,30,94,5,4,,,,,,,,,1,,,,,,,,,1,,1,3,98,3,98,4,4,2,1,1,1,1,98,2,,4,4,1,1,,,,1,1,,,1,,,,9,1,,,,,,1,3,3,4,1,6,1,1,3,1990,3,1,Mobile,1,0.943,,0.914,3
296481,04/03/2025,1,1,,4,3,2,9,5,4,5,4,5,3,4,4,3,1,2,4,1,3,2,3,4,3,8,5,2,,,,,,3,3,2,1,8,7,5,7,7,3,1,8,3,4,4,1,1,1,,,,,,,,,,1,,,,,,,1,1,4,2,98,3,3,1,1,2,2,3,2,1,4,4,3,1,3,,,1,,1,,,,1,,,6,1,,,,,,98,98,3,4,2,5,1,4,2,1988,5,1,Mobile,1,0.83,,0.806,5
296482,04/03/2025,1,1,,5,4,2,9,5,2,5,4,5,4,4,1,2,4,2,4,3,3,3,1,2,2,7,3,1,,,,,,2,1,3,6,8,3,3,5,10,2,1,10,4,1,5,1,1,1,,1,,,1,,,,1,,,,,,,,7,4,3,1,2,2,3,2,1,2,2,3,3,1,1,4,2,1,2,,,,1,,1,,1,,,,5,,,,,1,,4,4,3,4,3,1,1,3,4,,5,1,Mobile,1,0.851,,0.826,7
296486,04/03/2025,1,1,35,3,2,2,6,3,1,3,2,3,4,4,1,4,2,2,4,4,3,2,1,1,1,4,0,1,,,,,,3,2,2,6,8,0,10,5,5,0,2,6,6,3,3,,,,1,,,,,,,,,,,,,,1,,1,5,1,1,1,2,3,1,1,1,1,1,1,2,,4,3,2,3,,,,1,,,,1,,,,10,1,,,,,,3,3,3,2,4,4,1,1,4,,5,1,PC,1,0.648,,0.629,1
296487,04/03/2025,1,1,,4,3,1,4,1,4,5,3,2,3,4,4,1,3,2,3,1,4,4,2,3,3,10,5,3,,,,,,3,2,2,3,8,0,1,7,5,1,1,97,3,3,4,,1,,,,,,,,,,,1,,,,,,,5,2,2,2,2,2,2,1,1,2,2,4,98,1,1,4,3,1,4,,,1,,,,,,,,,8,1,,,,,,4,4,3,4,3,5,1,2,5,,3,1,Mobile,1,1.213,,1.176,6
296488,04/03/2025,1,1,,2,1,1,8,4,2,3,2,2,4,4,1,2,4,2,4,3,2,3,1,1,2,1,0,1,,,,,,1,1,1,9,10,7,10,10,10,1,1,9,4,1,5,1,,,,,,,,,,,1,,,1,,,,,8,5,3,2,3,2,1,3,3,2,4,4,3,1,2,2,3,2,4,,,,1,1,1,,1,,,,10,1,,,,,,4,4,4,4,4,1,1,4,4,,3,1,PC,1,1.203,,1.167,6
296489,04/03/2025,1,1,,6,5,2,5,2,4,4,2,5,4,4,2,1,4,2,4,3,4,2,3,3,2,8,4,1,,,,,,3,2,2,5,9,6,1,9,9,2,1,30,4,2,4,1,1,,,,,1,,,,,1,1,1,1,,,,,2,4,3,2,2,98,1,2,2,98,3,1,3,1,2,4,2,1,2,,,1,,,,,1,,,,10,1,,,,,,3,4,3,3,2,5,1,3,5,,4,1,Mobile,1,1.491,,1.446,5
296490,04/03/2025,1,1,26,2,1,1,1,1,1,4,1,1,3,4,1,2,4,2,4,3,3,1,1,1,1,0,0,2,,,,,,3,1,3,9,9,1,10,1,9,0,1,6,6,2,4,,,,1,,,,,,,1,,,,,,,1,,5,5,2,1,3,3,3,2,2,1,1,2,2,2,,4,4,2,5,,,,,,,,1,1,,,10,1,,,,,,4,4,3,4,4,1,1,1,4,,2,1,PC,1,1.119,,1.086,1
296492,04/03/2025,1,1,,4,3,1,7,3,1,5,2,2,4,4,1,2,4,2,4,3,3,2,2,1,2,0,1,1,,,,,,1,3,2,7,9,0,10,5,4,1,2,5,5,1,4,1,,,,,,,,,,,,,,,,,1,,3,5,4,4,4,3,3,3,2,1,1,2,1,1,1,4,3,1,4,,,,,,,,1,,,,8,1,,,,,,4,1,1,4,4,1,1,2,5,,3,1,PC,1,0.738,,0.716,2
296493,04/03/2025,1,1,47,4,3,2,9,5,5,5,3,5,2,1,3,4,1,2,1,1,3,3,4,4,4,10,10,5,,,,,,2,1,1,0,3,9,2,10,4,5,1,8,9,6,4,1,,,1,,,,,,,,,,,,,,1,,2,1,4,1,1,4,3,1,2,3,2,2,2,2,,4,3,1,1,1,,,,,,1,,,,,0,,1,1,,,,3,3,2,3,1,6,1,1,4,,4,1,Mobile,1,0.771,,0.748,1
296494,04/03/2025,1,1,66,6,5,1,4,1,3,3,2,4,4,4,1,2,4,2,4,4,3,3,1,2,1,2,2,2,,,,,,2,3,1,5,10,3,7,7,10,3,1,30,4,1,4,1,,1,,1,,1,1,,,,,,,,,,,1,7,1,3,4,4,2,1,3,3,1,2,3,2,2,,4,4,1,4,,,,1,1,1,,1,,,,9,1,,,,,,4,4,3,3,3,2,1,3,5,,1,1,PC,1,1.851,,1.796,4
296495,04/03/2025,1,1,,5,4,2,5,2,4,4,3,5,4,4,1,2,4,2,4,3,3,3,1,3,1,8,2,1,,,,,,1,1,1,10,10,8,10,10,10,3,1,99,99,1,5,1,1,,1,,,,,,,,,,,1,,,,,10,5,4,3,4,1,1,4,4,2,4,4,1,2,,4,4,2,3,,,,1,,1,,1,,,,10,1,,,,,,4,4,2,4,3,4,1,2,5,,4,1,PC,1,1.014,,0.984,2
296497,04/03/2025,1,1,,6,5,2,8,4,5,5,5,5,3,4,3,4,1,2,2,1,3,3,4,4,4,10,9,2,,,,,,1,1,1,0,3,5,1,9,1,2,1,8,2,4,5,1,,,,1,1,,,,1,,1,1,1,,,,,,1,1,3,1,4,3,2,1,2,4,1,3,1,2,,4,4,1,2,,,1,,,,,,,,,0,,1,,,,,4,3,2,3,2,6,1,3,5,,5,1,PC,1,1.107,,1.074,5
296498,04/03/2025,1,1,,2,1,1,7,3,5,98,98,98,98,98,3,2,1,2,3,3,2,4,2,3,2,6,6,98,,,,,,98,98,98,6,7,4,4,4,6,5,98,5,6,98,3,,,,,,,1,,,,,,1,,,,,,,5,98,2,2,1,1,3,2,2,3,1,2,2,1,2,4,1,2,2,,,,1,,,,,,,,6,,,1,,,,1,1,2,3,2,4,1,1,4,,3,1,Mobile,1,0.665,,0.645,3
296499,04/03/2025,1,1,64,6,5,1,6,3,5,5,4,5,3,4,4,3,2,2,4,2,1,4,4,4,4,10,10,1,,,,,,3,3,2,3,5,2,0,6,3,1,1,98,3,4,5,,1,1,,,,,,,,,1,1,1,,,,,,1,2,3,3,2,3,2,1,2,2,2,2,3,2,,4,4,1,2,,,1,,1,,,1,,,,6,1,,,,,,3,3,3,3,1,5,1,1,3,1990,1,1,Mobile,1,0.845,,0.82,4
296500,04/03/2025,1,1,,2,1,1,9,5,3,4,3,5,2,1,3,2,4,2,3,1,3,3,2,3,3,10,7,5,,,,,,3,2,3,5,5,5,5,7,7,5,2,97,1,4,2,1,,,,,,,,,,,,1,1,1,,,,,5,3,3,1,2,3,2,2,2,2,2,2,3,1,4,3,3,1,2,,,,,,,,,,,1,8,1,,,,,,3,3,98,3,3,4,1,2,4,,4,1,PC,1,1.022,,0.991,2
296501,04/03/2025,1,1,56,5,4,2,6,3,4,4,3,5,3,4,3,4,2,2,2,1,3,2,3,4,4,8,8,2,,,,,,2,1,1,2,2,7,4,8,4,3,1,8,8,6,4,,1,,,,,,1,,,,,1,,,,,,,3,2,4,2,2,3,3,1,2,4,2,3,3,2,,4,4,1,2,,,1,,,,1,,,,,2,,1,1,,,,4,3,4,3,3,4,1,2,5,,3,1,PC,1,0.604,,0.586,5
296502,04/03/2025,1,1,49,4,3,1,8,4,5,5,4,4,2,2,1,3,4,2,2,1,3,3,3,4,4,9,5,4,,,,,,2,2,1,2,4,7,3,8,6,3,1,3,3,4,5,1,1,1,1,,,,,,,,,1,,,,,,,3,1,3,2,2,3,2,1,2,3,2,3,3,2,,4,4,1,3,1,,1,,1,,1,1,,,,3,1,,,,,,3,3,3,2,2,5,1,1,4,,3,1,PC,1,0.943,,0.914,4
296503,04/03/2025,1,1,,4,3,2,6,3,1,3,4,4,4,4,1,3,4,2,4,3,3,3,1,1,1,5,0,98,,,,,,3,4,1,5,7,2,10,5,5,1,4,94,94,3,5,1,,,1,,,,,,,,,,,,,,1,,1,3,3,3,3,4,1,2,2,1,2,2,1,1,2,4,2,98,3,,,,,,,,1,,,,10,1,,,,,,3,3,2,3,4,1,1,1,4,,1,1,PC,1,0.72,,0.699,5
296504,04/03/2025,1,1,,4,3,2,9,5,5,5,4,3,3,4,3,4,1,2,2,1,3,3,4,4,4,9,8,5,,,,,,1,1,1,0,4,10,5,10,8,6,1,8,8,7,5,1,,,,,,,,,1,,1,1,,,,,,,2,1,4,1,2,4,3,1,2,3,1,2,2,1,3,4,3,1,1,1,,,,,,,,,,,3,,1,1,,,,3,3,2,3,2,6,1,1,4,,4,1,Mobile,1,0.771,,0.748,2
296505,04/03/2025,1,1,25,2,1,1,8,4,2,4,3,2,4,4,1,2,3,2,4,3,3,3,1,2,1,2,1,1,,,,,,3,1,1,8,10,6,9,9,10,4,1,4,4,2,4,1,,1,,,,,,1,,,,,,,,,1,,7,5,4,1,2,3,2,3,2,1,3,3,1,1,2,1,4,1,3,,,,,,1,,,,,,9,1,,,,,,4,4,4,4,4,2,1,1,4,,3,1,Mobile,1,1.203,,1.167,4
296508,04/03/2025,1,1,23,2,1,1,5,2,2,4,2,2,4,4,2,1,4,2,4,4,2,2,1,1,1,5,1,1,,,,,,3,2,3,7,9,3,10,10,10,5,1,4,4,1,3,1,,,,,,,1,,,,,1,,1,,,,,9,5,4,4,3,2,4,2,2,1,1,3,2,1,2,1,2,1,4,,,,1,,1,,1,,,,9,1,,,,,,4,4,4,4,4,1,1,1,4,,4,1,Mobile,1,1.505,,1.46,7
296509,04/03/2025,1,1,,6,5,2,9,5,5,5,3,5,3,1,3,4,1,2,2,1,3,3,4,4,2,10,8,4,,,,,,4,98,3,0,6,10,5,9,5,5,1,97,2,4,4,,1,,1,,,,,,,,,1,,,,,,,1,2,3,2,98,4,3,1,1,2,1,3,2,1,5,4,4,1,2,1,,,,,,,,,,,2,,1,1,,,,3,2,2,2,1,6,1,1,6,,5,1,Mobile,1,0.928,,0.9,5
296510,04/03/2025,1,1,,2,1,2,5,2,2,5,3,5,4,4,1,3,4,2,4,3,2,3,2,2,3,2,3,2,,,,,,2,2,3,7,9,3,7,8,10,3,1,9,4,1,2,1,,,,,1,,,,,,,,,1,,,,,8,3,98,2,2,98,1,3,2,1,3,2,2,2,,99,4,98,3,,,,1,1,,,1,,,,6,,,,,,1,2,98,98,3,3,4,1,4,4,,2,1,Mobile,1,1.469,,1.425,9
296511,04/03/2025,1,1,46,4,3,2,6,3,5,5,4,5,4,4,1,2,3,2,4,3,98,98,98,98,98,10,10,98,,,,,,98,2,4,5,98,98,98,98,98,98,2,98,98,4,1,,,,,,,,,,,,,,,,,,,,98,98,98,98,98,98,98,2,98,98,98,4,98,2,,4,4,98,98,,,,,,,,,,,1,10,1,,,,,,4,4,4,4,1,6,1,1,1,1996,3,1,Mobile,1,0.686,,0.665,4
296513,04/03/2025,1,1,,7,5,2,6,3,5,5,5,5,3,98,3,4,1,2,98,3,3,4,4,4,3,10,10,3,,,,,,3,1,3,0,7,5,2,9,5,5,1,98,3,4,4,,1,,1,,,,,,,,1,1,1,,,,,,1,1,1,3,3,3,3,1,1,3,2,3,98,1,2,4,3,1,98,,,1,,1,,1,,,,,5,,,,,,1,4,98,98,98,2,5,1,4,5,,5,1,Mobile,1,0.825,,0.8,4
296514,04/03/2025,1,1,30,3,2,2,9,5,5,5,4,5,4,4,1,2,4,2,4,3,2,4,3,3,4,7,5,3,,,,,,3,2,2,4,6,1,1,10,8,0,2,3,2,3,4,1,,,,1,1,1,1,,,,,1,,,,,,,6,1,2,4,4,1,2,2,2,4,3,4,4,2,,4,3,1,1,,,1,1,1,1,1,,,,,10,1,,,,,,3,3,2,3,2,6,1,3,4,,3,1,Mobile,1,0.694,,0.674,2
296515,04/03/2025,1,1,64,6,5,2,8,4,3,3,3,2,4,4,3,1,4,2,3,1,3,3,3,3,1,5,5,2,,,,,,3,3,3,7,9,1,6,8,8,2,4,97,1,3,3,1,,1,,,,,,,,,,,,1,,,,,5,4,3,98,3,3,2,3,3,1,2,2,2,1,2,4,3,2,5,,,,,,,,,,,1,5,1,,,,,,4,4,3,3,3,4,1,1,6,,3,1,Mobile,1,1.512,,1.467,2
296516,04/03/2025,1,1,,8,5,1,9,5,4,5,4,5,3,4,3,1,4,2,3,3,2,4,4,4,1,10,8,3,,,,,,2,2,2,6,6,3,2,4,3,3,2,2,1,3,4,1,1,1,,,,,1,1,,,,1,,,,,,,7,1,4,4,4,3,1,1,2,2,3,3,2,1,1,4,3,1,3,,,,1,1,1,,1,,,,8,1,,,,,,3,4,4,4,1,5,1,1,3,1990,1,1,PC,1,1.024,,0.993,3
296517,04/03/2025,1,1,,4,3,1,6,3,4,3,2,2,4,4,1,2,3,2,4,3,3,3,1,2,1,5,5,1,,,,,,1,2,1,8,10,0,0,8,10,0,1,9,4,2,5,1,1,1,,,,,1,1,,,1,,1,1,,,,,1,5,2,4,4,4,2,2,1,1,1,1,1,1,1,3,4,1,2,,,,,,,,1,,,,9,1,,,,,,3,3,3,3,2,3,1,1,6,,4,1,Mobile,1,0.756,,0.734,5
296520,04/03/2025,1,1,,4,3,1,4,1,5,5,4,4,4,3,3,2,4,2,4,4,98,3,4,3,3,5,4,1,,,,,,2,2,2,5,4,0,1,5,5,3,2,98,98,4,5,1,1,,,,,,,,,,1,1,1,1,,,,,98,3,3,2,2,4,1,98,98,98,2,4,3,1,5,4,4,1,4,,,,1,,,,1,,,,1,1,,,,,,3,3,98,2,2,6,1,2,4,,3,1,Mobile,1,1.126,,1.092,3
296521,04/03/2025,1,1,50,5,4,2,9,5,3,5,3,5,4,4,4,1,2,2,4,4,2,3,3,2,2,9,4,1,,,,,,1,3,2,5,5,2,5,5,6,0,4,98,94,4,2,,,,,,,,,1,,,,1,,,,,,,4,3,3,3,3,1,2,2,2,2,2,3,3,2,,4,4,1,2,,,,,,,,1,,,,10,1,,,,,,4,4,4,4,2,4,1,2,5,,5,1,Mobile,1,0.862,,0.837,4
296522,04/03/2025,1,1,,5,4,2,9,5,4,5,5,5,3,4,1,2,4,2,3,3,3,3,1,3,2,7,6,3,,,,,,2,2,2,7,5,3,7,7,8,4,2,3,1,4,5,1,,,,,,,,,,,1,1,1,1,,,,,2,4,4,1,2,3,4,2,2,1,2,4,4,2,,4,3,1,2,,,1,,1,,,,,,,4,1,,,,,,3,2,2,3,3,4,1,2,5,,4,1,Mobile,1,0.68,,0.659,5
296523,04/03/2025,1,1,,6,5,2,3,1,5,3,2,2,2,2,2,4,3,2,2,1,3,4,98,3,4,10,0,98,,,,,,3,2,2,10,10,5,5,10,10,5,1,1,1,1,4,,1,1,,,,,,,,,1,1,1,1,,,,,8,3,98,3,2,3,3,3,3,3,3,3,3,1,5,4,4,1,4,,,,,,,,1,,,,10,1,,,,,,4,3,3,4,3,4,1,2,5,,1,1,Mobile,1,1.322,,1.283,5
296524,04/03/2025,1,1,,5,4,1,9,5,5,4,4,5,4,4,4,1,2,2,4,3,2,3,2,4,3,7,4,3,,,,,,2,1,2,7,7,1,4,6,6,3,1,1,2,2,5,1,1,1,,,,,,,,,1,,,,,,,,6,4,3,3,4,3,2,2,2,3,3,3,1,2,,4,4,1,3,,,,1,1,1,,1,1,,,10,1,,,,,,3,3,3,3,1,6,5,1,3,1990,4,1,PC,1,0.647,,0.628,5
296525,04/03/2025,1,1,23,2,1,2,7,3,2,2,4,5,4,4,1,4,3,2,3,3,3,3,2,3,2,8,1,1,,,,,,2,2,2,7,10,3,7,8,9,0,1,4,1,2,2,1,,,,,,,,,,,,1,,,,,,,4,4,3,2,3,3,2,3,2,2,2,4,3,2,,4,3,1,3,,,1,1,1,1,,1,,,,5,1,,,,,,4,4,4,4,4,3,1,1,6,,1,1,Mobile,1,0.875,,0.849,4
296526,04/03/2025,1,1,,5,4,2,7,3,5,4,3,3,2,2,3,4,1,2,2,1,3,4,3,3,3,10,9,5,,,,,,98,1,3,5,5,7,4,8,4,5,2,3,3,4,3,1,,,,,,,,,,,,1,,,,,,,5,2,3,1,98,4,98,2,2,3,98,3,4,2,,4,4,1,4,,,1,,1,,,1,,,,5,1,,,,,,3,3,3,3,2,5,1,1,4,,1,1,Mobile,1,0.561,,0.544,3
296527,04/03/2025,1,1,,6,5,2,9,5,5,5,5,5,4,4,4,3,1,2,3,3,2,3,3,4,3,10,5,2,,,,,,2,2,3,2,5,5,2,8,4,0,2,7,7,4,3,1,1,1,,,,,,,,,1,1,1,,,,,,1,3,3,3,3,3,1,1,2,2,2,3,2,1,5,4,2,1,2,,,,1,1,,,1,,,,7,1,,,,,,3,3,3,3,1,5,1,4,2,1982,1,1,Mobile,1,0.928,,0.9,4
296528,04/03/2025,1,1,,8,5,2,6,3,5,4,3,5,4,3,1,3,4,2,3,3,2,4,2,4,3,10,8,2,,,,,,3,2,3,4,4,4,2,7,3,3,1,99,99,3,4,,1,,,,,,1,,,,,1,,,,,,,3,2,2,3,3,3,2,2,2,2,2,3,3,2,,4,4,1,4,,,1,,,,,,,,,7,,1,,,,,3,3,3,3,2,5,1,2,1,1962,1,1,Mobile,1,0.825,,0.8,3
296529,04/03/2025,1,1,,5,4,2,4,1,4,5,3,3,3,2,4,2,1,2,2,1,98,3,4,3,4,9,5,2,,,,,,4,4,3,0,4,4,0,10,6,0,4,94,94,98,4,1,1,,,,,,,,,,,1,,,,,,,1,3,98,4,4,4,4,2,2,4,4,4,4,1,1,4,2,1,5,,,1,,,,1,,,,,10,1,,,,,,3,2,4,4,2,6,1,1,6,,4,1,Mobile,1,0.969,,0.94,4
296530,04/03/2025,1,1,,3,2,1,9,5,3,4,2,4,4,4,1,2,3,2,4,4,2,2,1,3,1,0,0,1,,,,,,1,1,2,10,10,4,10,10,10,5,1,1,1,1,4,1,1,1,,1,1,,,1,,,,,,1,,,,,10,5,4,2,1,2,3,4,2,1,3,2,2,2,,4,4,2,5,,,,1,,1,,1,,,,0,1,,,,,,4,4,3,1,3,4,1,2,5,,4,1,Mobile,1,0.972,,0.943,4
296531,04/03/2025,1,1,23,2,1,2,7,3,5,4,1,5,4,4,3,4,1,2,4,4,2,2,4,4,4,10,9,2,,,,,,2,1,2,1,9,9,1,10,8,0,1,3,2,2,5,1,1,,,,,,,,,,,1,,,,,,,2,1,3,1,2,3,2,1,1,2,1,3,2,1,2,3,3,1,4,,,1,1,,1,,1,,,,1,,1,1,,,,3,4,3,3,2,6,1,3,4,,3,1,Mobile,1,0.649,,0.629,4
296532,04/03/2025,1,1,39,3,2,2,6,3,2,4,4,2,4,4,1,2,3,2,4,4,3,3,2,2,2,5,4,3,,,,,,3,2,3,6,8,5,10,10,10,4,1,4,4,2,3,1,,,,,,,,,,,,,,,,,1,,6,4,98,98,98,2,1,3,2,1,3,4,3,1,2,4,3,1,3,,,,1,1,1,,1,,,,1,1,,,,,,3,3,3,3,3,4,1,2,5,,4,1,Mobile,1,0.833,,0.808,1
296534,04/03/2025,1,1,40,4,3,2,9,5,5,5,4,5,3,3,3,4,1,2,1,1,2,4,4,4,4,10,10,3,,,,,,2,1,2,0,5,5,2,10,10,2,1,99,2,3,4,,1,,,,1,,,,,,1,1,1,,,,,,1,1,4,2,1,4,4,1,1,4,3,3,4,1,5,4,3,1,2,,,1,,,,,,,,,10,,1,,,,,4,3,3,3,2,6,1,1,4,,5,1,Mobile,1,0.771,,0.748,4
296535,04/03/2025,1,1,71,7,5,2,8,4,5,5,4,5,2,1,3,4,1,2,2,1,3,3,4,4,4,10,10,5,,,,,,3,1,1,0,5,9,1,10,7,7,1,8,9,7,4,1,,1,1,,,,,,,1,,,,,,,1,,7,1,3,1,1,4,4,1,2,4,2,2,1,1,2,4,3,1,2,1,,,,,,1,,,,,2,,1,1,1,,,4,3,2,2,2,6,5,4,6,,4,1,PC,1,1.107,,1.074,4
296536,04/03/2025,1,1,,6,5,1,6,3,5,4,3,3,2,1,3,4,1,2,2,1,4,3,3,3,3,10,10,5,,,,,,3,2,2,98,98,98,2,9,7,5,1,7,2,4,4,1,,1,1,,,,,,,,,,,,,,1,,1,2,2,98,3,3,98,1,2,3,2,3,2,2,,4,4,1,2,,,1,,1,,,,,,,10,,,,,,1,4,4,4,4,2,5,1,1,6,,99,1,PC,1,0.845,,0.82,3
296538,04/03/2025,1,1,27,2,1,1,7,3,2,4,2,2,3,3,4,3,1,2,3,3,2,3,2,2,2,7,2,3,,,,,,1,2,1,4,5,7,4,7,9,4,3,97,4,3,5,,,,,1,,,,1,,,,,,,,,1,,1,4,4,2,2,3,4,2,2,2,3,3,3,1,2,3,4,1,2,,,1,1,1,1,,1,,,,3,1,,,,,,4,4,3,3,4,1,1,1,6,,1,1,Mobile,1,0.897,,0.87,1
296540,04/03/2025,1,1,,3,2,1,8,4,1,5,3,5,4,4,1,2,4,2,4,3,2,3,1,2,1,7,1,1,,,,,,3,3,1,5,10,3,7,6,7,0,4,96,4,1,4,,,,,,,,,1,,,,,,,,,1,,2,5,2,2,3,2,3,1,1,1,1,1,1,2,,4,4,2,1,,,,1,1,,,1,1,,,10,1,,,,,,2,2,2,2,4,1,1,3,4,,5,1,Mobile,1,0.891,,0.865,7
296541,04/03/2025,1,1,27,2,1,1,5,2,5,5,98,98,4,4,3,1,2,2,4,3,98,3,4,4,1,10,10,1,,,,,,3,4,3,2,8,5,2,10,8,2,2,1,1,3,3,1,1,,,,1,,,,,,,,,,,,1,,2,3,3,4,3,2,3,1,1,1,3,4,2,1,5,4,4,1,3,,,,,,,,1,,,,8,1,,,,,,4,4,4,2,2,5,1,4,5,,99,1,Mobile,1,1.116,,1.083,4
296542,04/03/2025,1,1,62,6,5,2,4,1,5,5,4,5,3,1,3,1,4,2,2,1,3,4,4,4,3,10,9,3,,,,,,1,2,2,0,5,7,3,10,4,5,1,97,2,6,5,1,1,,,,,,1,,,,,1,,,,,,,1,1,1,1,98,4,3,1,1,4,2,4,2,1,2,4,2,1,2,,,1,,1,,,,,,,5,,1,1,,,,4,3,98,3,1,6,1,1,2,1973,3,1,PC,1,1.322,,1.283,4
296543,04/03/2025,1,1,,5,4,2,9,5,5,5,4,5,3,4,4,1,3,2,3,1,98,98,3,4,98,9,6,4,,,,,,3,2,2,2,4,6,3,10,5,3,1,3,3,5,4,1,1,,,1,,,1,,,,,1,1,,,,,,3,2,98,4,98,3,98,1,1,2,3,3,3,2,,4,3,1,4,,,1,,1,,,,,,,6,,1,,,,,3,2,3,3,1,6,1,1,2,1995,4,1,Mobile,1,0.631,,0.612,5
296544,04/03/2025,1,1,,5,4,2,5,2,5,3,3,5,2,2,3,4,1,2,2,1,3,3,4,4,4,10,9,5,,,,,,1,1,2,0,8,10,3,10,8,9,1,8,3,6,4,1,1,,,,,,,,,,,,1,,,,,,1,1,4,1,2,4,4,1,1,3,3,3,1,1,4,4,3,1,2,1,,1,,,,1,,,,,1,,1,1,,,,3,4,98,3,1,6,1,1,6,,5,1,Mobile,1,0.942,,0.914,6
296546,04/03/2025,1,1,68,6,5,1,8,4,5,4,4,5,4,4,4,3,1,2,2,1,3,4,4,4,4,10,8,4,,,,,,2,1,2,0,8,8,3,10,8,4,1,2,2,4,5,,1,1,,,,,,,,,1,1,1,,,,,,3,1,4,2,1,3,3,1,1,3,2,3,2,2,,4,4,1,2,,,1,,1,,1,,,,,0,,1,,,,,3,3,3,2,1,5,1,1,2,9999,4,1,PC,1,1.134,,1.1,3
296550,04/03/2025,1,1,,6,5,2,5,2,3,5,3,5,4,4,1,3,2,2,4,4,3,3,2,4,4,10,10,1,,,,,,2,1,1,1,3,8,3,10,9,0,1,98,2,4,4,,1,,,,,,,,,,,1,,,,,,,1,1,4,2,2,3,2,1,1,3,2,3,2,1,1,4,4,1,2,,,,,,,,1,,,,10,1,,,,,,3,3,3,4,3,4,1,3,5,,99,1,Mobile,1,1.892,,1.835,5
296551,04/03/2025,1,1,27,2,1,2,8,4,5,5,2,4,3,4,1,3,2,2,3,2,4,3,4,4,4,7,5,5,,,,,,3,2,2,3,7,7,7,9,6,4,1,2,2,5,1,,,,,,,,,,,,,,,,,,,,3,2,4,1,1,4,4,2,2,3,2,3,98,1,4,4,3,1,3,,,1,1,1,,1,1,1,,,0,1,,,,,,3,2,4,3,2,6,1,1,3,2000,5,1,Mobile,1,0.871,,0.845,1
296552,04/03/2025,1,1,,5,4,2,8,4,5,5,4,2,3,4,3,4,1,2,4,3,3,3,3,3,2,9,5,3,,,,,,3,2,2,9,10,5,4,10,7,8,2,1,1,1,5,1,1,1,,,,,1,,,,1,1,1,,,,,,7,4,3,2,3,3,3,2,2,2,2,3,3,2,,4,4,1,3,,,1,,,,,1,,,,8,1,,,,,,3,3,3,3,2,6,1,3,5,,2,1,Mobile,1,0.753,,0.73,4
296553,04/03/2025,1,1,,5,4,2,6,3,2,3,3,2,4,4,1,2,4,2,4,4,4,4,1,1,1,4,0,1,,,,,,2,2,2,10,8,3,8,6,8,2,1,1,5,1,3,,,1,,,,,,,,,,,,1,,,,,5,5,3,3,3,2,1,2,2,1,2,2,1,1,3,4,2,1,3,,,1,1,1,1,,1,,,,10,1,,,,,,4,4,4,3,3,1,1,2,4,,3,1,PC,1,0.757,,0.734,5
296554,04/03/2025,1,1,,5,4,1,9,5,2,2,2,1,3,4,1,4,3,2,4,4,3,3,4,2,1,2,9,1,,,,,,1,1,3,10,10,10,1,10,10,2,1,1,4,3,3,1,,1,,,,,,1,,,,,,,,,1,,9,5,4,2,1,4,1,4,2,1,3,4,2,1,2,3,3,1,5,,,,1,1,,,1,,,,5,1,,,,,,4,4,4,4,3,1,1,2,5,,5,1,PC,1,0.872,,0.846,1
296555,04/03/2025,1,1,,2,1,1,5,2,3,5,5,3,4,4,2,1,3,2,4,3,2,2,3,3,2,6,5,1,,,,,,3,2,3,6,8,3,4,10,10,2,1,1,3,2,3,,1,,,,1,,,1,,,,1,,,,,,,1,3,3,1,1,3,1,2,1,2,2,3,1,1,0,3,3,1,2,,,,1,,,,1,1,,,7,1,,,,,,3,4,3,4,2,4,1,3,4,,3,1,Mobile,1,1.525,,1.479,6
296556,04/03/2025,1,1,53,5,4,1,3,1,4,4,4,3,3,3,2,3,4,2,4,4,2,3,3,4,2,6,7,1,,,,,,4,2,2,8,3,0,5,8,8,0,4,97,1,3,4,1,1,,,1,,,,,,,1,,,1,,,,,7,3,3,4,3,2,2,1,2,2,2,3,3,99,,4,4,1,1,,,,1,,,,1,1,,,5,1,,,,,,3,98,3,4,2,5,1,3,4,,5,1,Mobile,1,0.993,,0.963,3
296557,04/03/2025,1,1,22,1,1,2,8,4,1,5,2,5,4,4,1,4,3,2,4,4,98,98,98,2,4,7,0,1,,,,,,3,2,2,7,8,98,8,8,8,0,2,5,5,1,4,1,1,1,1,,,,1,,,1,1,,,1,,,,,98,98,98,4,98,3,98,2,2,2,2,3,2,1,5,4,4,98,2,,,1,1,1,,,1,,,,7,1,,,,,,2,2,2,2,3,4,1,3,4,,3,1,PC,1,0.914,,0.887,1
296558,04/03/2025,1,1,,6,5,2,6,3,4,5,4,4,3,3,3,4,1,2,4,3,3,3,4,3,3,10,10,2,,,,,,2,2,1,2,7,5,2,10,8,6,1,2,3,4,5,1,1,1,,1,1,,,,,,,1,,,,,,,4,1,4,3,2,4,2,1,2,4,2,4,4,1,3,4,4,1,3,,,1,,1,,1,,,,,5,,1,1,,,,4,3,3,3,3,5,1,3,4,,3,1,Mobile,1,0.888,,0.862,2
296559,04/03/2025,1,1,29,2,1,1,7,3,5,5,3,3,2,3,3,1,4,2,3,1,3,4,4,4,3,10,5,5,,,,,,1,2,1,0,4,8,2,10,3,3,1,2,2,5,5,1,,,,,,,,1,,,1,,,,,,,,7,1,4,1,1,4,3,1,1,3,1,2,2,2,,4,4,1,2,,,1,,1,,1,1,,,,3,1,,,,,,3,3,2,1,2,6,1,1,7,,2,1,Mobile,1,0.665,,0.645,4
296560,04/03/2025,1,1,27,2,1,2,8,4,5,2,3,5,4,4,3,1,4,2,3,1,3,3,3,3,3,10,10,1,,,,,,4,1,2,1,3,6,2,9,7,1,2,2,2,5,3,,,1,,1,1,,,,,,1,1,,,,,,,4,2,3,1,2,98,2,2,3,3,3,3,3,2,,4,3,1,3,,,,1,,,,,,,,5,,1,1,,,,98,3,98,98,1,6,1,1,7,,3,1,Mobile,1,0.871,,0.845,5
296561,04/03/2025,1,1,,4,3,2,9,5,4,4,2,5,3,3,3,4,1,2,2,1,3,3,3,3,3,10,8,4,,,,,,2,1,2,2,5,8,4,8,8,5,1,2,3,5,5,1,1,,,,,,,,,,1,1,1,,,,,,4,1,4,3,3,4,4,2,2,3,2,2,2,2,,4,2,1,2,,,1,,1,,,,,,,2,1,,,,,,3,3,3,3,2,5,1,2,5,,4,1,Mobile,1,0.83,,0.806,4
296562,04/03/2025,1,1,41,4,3,2,9,5,3,4,4,2,4,4,2,1,4,2,4,3,3,3,3,98,2,3,3,1,,,,,,2,3,3,8,7,5,7,7,10,0,1,99,99,1,5,,1,,,,1,,,,,,,1,1,1,,,,,7,5,2,1,2,2,1,2,2,2,3,4,3,2,,4,4,1,2,,,,,,,,1,,,,8,1,,,,,,3,4,3,98,3,4,1,2,4,,3,1,Mobile,1,1.054,,1.022,4
296563,04/03/2025,1,1,,4,3,2,6,3,4,5,2,5,4,4,1,2,3,2,4,1,3,4,4,1,3,5,5,1,,,,,,98,3,2,10,10,0,1,9,5,3,3,1,94,1,2,,1,,,1,,,,,,,,,1,,,,,,5,98,2,3,4,4,2,3,2,2,3,4,3,1,2,4,2,1,3,,,,1,,,,,,,,5,1,,,,,,3,2,3,3,2,4,1,3,4,,3,1,Mobile,1,0.738,,0.716,4
296564,04/03/2025,1,1,35,3,2,1,9,5,5,5,2,4,1,1,3,4,1,2,1,1,3,4,3,4,4,10,7,5,,,,,,1,1,1,0,5,8,4,7,3,6,1,8,8,5,5,1,1,1,,1,,,,1,1,,1,1,,,,,,,2,2,4,1,2,4,3,1,1,4,3,4,3,2,,4,3,1,2,1,,1,,,,1,,,,,1,,1,,,,,4,3,3,3,2,5,1,1,4,,2,1,Mobile,1,0.712,,0.69,2
296565,04/03/2025,1,1,32,3,2,1,8,4,3,3,3,1,4,3,2,1,3,2,4,3,3,3,2,2,2,2,5,1,,,,,,2,2,2,10,10,3,5,10,10,0,1,1,1,1,4,,,,,1,1,,,1,,,,,,1,,,,,8,4,4,4,2,3,2,4,3,1,3,3,2,2,,3,4,1,4,,,,1,1,,,,,,,8,1,,,,,,4,4,3,4,3,4,1,2,5,,2,1,Mobile,1,1.159,,1.125,4
296566,04/03/2025,1,1,,4,3,2,4,1,1,4,3,3,4,2,2,1,4,2,4,1,4,3,4,1,2,9,7,1,,,,,,3,2,3,10,5,6,10,10,10,0,2,5,5,1,3,1,,,,,,,1,,,,,,,1,,,,,6,3,2,3,3,3,3,3,3,1,3,3,3,1,1,4,4,1,4,,,1,,,,,,,,,6,1,,,,,,4,4,4,4,4,3,1,2,5,,3,1,Mobile,1,1.154,,1.12,4
296567,04/03/2025,1,1,,8,5,2,3,1,4,3,3,4,2,3,3,4,1,2,98,4,2,4,3,3,3,10,8,3,,,,,,1,2,1,1,2,6,2,4,2,3,1,7,3,4,3,,1,,,,,,,,,,1,,,,,,,,3,2,1,2,1,4,3,1,1,3,2,98,3,2,,4,4,1,2,,,1,,,,,,,,,6,1,,,,,,4,4,2,2,2,6,1,2,1,1950,3,1,PC,1,1.424,,1.381,2
296568,04/03/2025,1,1,,5,4,1,5,2,5,5,3,5,3,3,3,4,1,2,2,1,2,3,4,4,4,10,10,5,,,,,,1,2,3,1,4,10,4,10,4,5,1,8,9,6,5,1,1,1,,,,,,,,,1,1,1,,,,,,2,1,4,1,1,4,4,1,1,4,2,3,2,2,,4,4,1,2,1,,,,,,,,,,,4,,1,1,,,,3,4,3,3,1,6,1,1,4,,3,1,PC,1,0.965,,0.936,5
296569,04/03/2025,1,1,60,6,5,2,9,5,5,4,3,2,3,4,1,3,2,2,3,2,3,4,3,4,2,10,6,2,,,,,,3,2,3,5,5,4,2,6,3,5,2,3,1,4,5,1,,1,,,,,,,,,,1,,,,,,,5,3,3,2,1,4,3,2,2,1,3,3,3,1,5,4,3,1,3,,,1,,1,,,,,,,2,1,,,,,,3,3,3,3,2,5,1,2,5,,4,1,Mobile,1,0.928,,0.9,4
296570,04/03/2025,1,1,,5,4,2,9,5,4,5,4,2,3,3,1,4,3,2,3,4,2,3,3,3,3,9,3,3,,,,,,2,2,2,2,3,4,3,9,5,4,1,99,3,4,5,1,1,,1,,,,,,,,,1,,,,,,,2,2,3,2,3,3,3,1,2,3,2,3,3,2,,4,4,1,4,,,1,,1,,1,1,,,,8,1,,,,,,3,3,2,3,2,5,1,1,4,,5,1,Mobile,1,0.68,,0.659,5
296571,04/03/2025,1,1,,5,4,2,8,4,5,2,4,2,4,2,3,4,1,2,2,2,3,4,3,4,4,10,9,4,,,,,,3,1,2,1,1,5,0,10,2,2,1,7,3,5,4,1,1,1,,1,,,,,,,1,1,,,,,,,2,1,4,4,3,3,1,2,2,3,3,3,4,1,5,4,3,1,2,,,1,,1,,,,,,,7,,1,1,,,,4,4,4,3,1,5,5,1,2,1992,3,1,Mobile,1,0.753,,0.73,4
296572,04/03/2025,1,1,48,4,3,1,7,3,2,3,3,3,4,4,1,2,3,2,4,4,3,4,1,3,1,0,0,1,,,,,,2,2,2,10,10,3,9,7,10,3,1,1,4,1,5,1,1,,1,1,,,,,,,,,,1,,,,,8,5,4,2,2,4,1,3,3,1,3,2,2,1,2,4,3,2,2,,,,1,,1,,1,,,,9,,,,,1,,4,4,3,4,3,1,1,2,4,,4,1,Mobile,1,0.947,,0.919,4
296573,04/03/2025,1,1,,5,4,1,9,5,5,5,2,5,3,3,3,4,1,2,2,1,3,3,2,4,4,10,9,4,,,,,,3,2,2,0,8,8,5,10,8,3,1,8,8,5,4,1,1,1,1,,,,,,,,1,1,1,1,,,,,1,1,4,3,2,3,2,1,2,4,3,3,2,1,5,4,4,1,2,1,,1,,,,,,,,,7,,1,1,1,1,,3,3,3,3,2,5,1,1,4,,3,1,Mobile,1,0.647,,0.628,5
296574,04/03/2025,1,1,,2,1,1,8,4,5,5,3,5,4,3,1,3,4,2,3,4,2,2,3,3,3,1,7,1,,,,,,1,2,1,0,1,10,1,10,10,2,1,7,2,6,2,1,,,,,,,,,,,1,1,1,,,,,,1,1,4,3,3,2,3,1,1,3,2,3,2,1,1,3,4,1,1,,,1,1,,,,,,,,5,,1,,,,,3,3,2,4,1,5,1,1,7,,3,1,Mobile,1,0.892,,0.865,4
296576,04/03/2025,1,1,,4,3,2,9,5,5,5,3,5,2,1,3,4,1,2,1,1,4,3,4,4,4,10,10,5,,,,,,3,2,2,0,1,9,1,9,1,8,1,8,8,7,4,,1,,,,1,,,,,,1,1,,,,,,,1,1,4,2,2,4,3,1,2,3,2,3,2,2,,4,3,1,3,,,1,,,,,,,,,5,1,,,,,,3,3,3,3,2,5,1,1,4,,3,1,Mobile,1,0.771,,0.748,3
296577,04/03/2025,1,1,28,2,1,1,8,4,5,5,5,5,3,2,4,3,1,2,4,3,2,4,4,4,4,10,7,2,,,,,,1,1,3,1,5,6,2,10,5,2,1,3,8,5,3,1,1,,,1,,,,,,,1,1,1,,,,,,1,2,1,1,1,3,3,1,2,3,2,3,3,1,2,4,2,1,2,,,1,,,,,1,,,,8,,1,1,,,,3,3,3,4,2,6,1,4,4,,2,1,Mobile,1,0.892,,0.865,5
296578,04/03/2025,1,1,,7,5,1,6,3,5,4,4,2,3,4,1,4,3,2,2,1,3,3,3,3,3,8,10,5,,,,,,3,1,1,0,4,7,2,9,8,6,1,7,3,5,4,1,1,,,,,,,,,,1,1,,,,,,,3,1,98,4,3,4,2,1,1,4,2,4,4,2,,4,4,1,5,,,1,,,,,,,,,2,,1,1,,,,4,3,3,4,1,6,1,1,6,,4,1,Mobile,1,0.845,,0.82,4
296579,04/03/2025,1,1,,2,1,1,1,1,1,3,3,1,4,4,1,3,4,2,4,3,3,4,1,1,1,2,2,1,,,,,,1,2,1,8,10,5,10,10,10,2,1,5,5,3,5,1,1,,,,,,1,,,,,,,1,,,,,6,5,4,2,4,3,2,3,2,1,2,2,2,1,1,4,3,2,5,,,1,,,,,,,,,8,1,,,,,,4,4,3,3,3,1,1,3,4,,2,1,PC,1,1.119,,1.086,3
296580,04/03/2025,1,1,28,2,1,2,4,1,1,5,1,1,3,4,4,3,1,2,4,3,98,3,1,2,1,3,4,1,,,,,,3,2,3,7,8,4,10,5,7,0,1,6,6,2,4,1,,,,,,,,,,,,,,,,,1,,6,5,3,2,3,3,2,3,2,1,1,2,3,2,,4,4,1,3,,,,1,,,,1,,,,6,1,,,,,,3,3,3,3,4,4,1,1,4,,1,1,PC,1,1.092,,1.06,6
296581,04/03/2025,1,1,,2,1,1,8,4,2,4,2,1,4,4,4,1,2,2,4,3,2,3,98,2,1,3,2,1,,,,,,2,3,1,6,10,10,10,10,10,3,1,4,4,1,4,1,,1,,,,,,1,,,,,,,,,1,,4,4,3,2,2,3,2,2,2,1,2,3,2,1,3,2,3,98,4,,,,1,,1,,1,,,,10,1,,,,,,4,4,4,3,3,2,1,1,4,,2,1,Mobile,1,1.203,,1.167,2
296582,04/03/2025,1,1,,3,2,2,4,1,3,5,3,5,4,4,2,3,1,2,4,3,4,4,3,3,3,6,7,1,,,,,,3,3,4,4,6,4,4,3,4,0,4,94,99,4,1,,,,,,,,,,,,,,,,,,,,5,3,98,3,98,3,98,98,98,98,98,2,98,2,,4,4,1,3,,,1,,,,,,,,,6,1,,,,,,98,98,98,98,2,6,1,3,4,,3,1,Mobile,1,1.352,,1.311,3
296583,04/03/2025,1,1,34,3,2,1,6,3,1,5,3,2,4,4,1,3,4,2,4,4,4,3,1,1,98,7,2,2,,,,,,2,2,3,8,7,6,10,10,10,7,2,99,99,3,2,,,1,,,,,,,,,,,,,,,1,,8,98,4,2,2,3,3,3,2,3,3,4,3,1,5,4,3,1,98,,,,,,,,,1,,,0,1,,,,,,3,3,3,3,4,1,1,3,5,,2,1,PC,1,0.664,,0.644,4
296584,04/03/2025,1,1,,6,5,2,9,5,4,5,5,5,4,4,4,3,1,2,4,3,4,4,4,4,4,10,10,3,,,,,,3,98,2,0,5,10,3,5,0,5,1,7,9,7,5,,1,,,,,,,,,,1,,,,,,,,1,1,4,98,2,4,2,1,1,2,2,3,4,2,,4,1,1,3,,1,1,,,,,1,,,,3,1,,,,,,3,3,3,3,2,6,1,1,2,1974,2,1,Mobile,1,0.999,,0.969,2
296585,04/03/2025,1,1,,5,4,2,7,3,4,5,5,5,3,4,1,3,4,2,98,1,3,3,4,1,1,10,8,2,,,,,,3,3,2,2,98,98,98,98,98,98,1,97,98,4,3,,1,,,,,,,,,,,1,1,,,,,,2,2,2,3,3,3,2,2,2,3,2,3,2,2,,4,4,1,3,,,1,,,,,1,1,,,6,,1,1,,,,3,98,2,3,2,5,1,1,4,,99,1,PC,1,0.604,,0.586,3
296586,04/03/2025,1,1,,5,4,1,3,1,1,3,3,1,4,3,4,1,3,2,4,3,1,3,1,2,1,0,0,1,,,,,,2,1,3,7,7,1,10,5,4,1,2,6,6,2,3,,1,,1,,,,,,,,,,,1,,,,,6,4,4,2,2,2,1,2,2,1,1,1,1,1,2,4,3,2,3,,,,,,,,1,,,,10,1,,,,,,4,3,2,4,3,1,1,1,4,,3,1,PC,1,0.968,,0.939,1
296589,04/03/2025,1,1,,4,3,2,6,3,5,5,5,5,3,3,4,3,1,2,3,1,4,3,4,4,3,8,6,1,,,,,,3,3,4,2,2,4,5,5,5,2,1,3,3,4,3,1,1,,,,,,,,,,,1,,,,,,,2,98,98,98,2,3,98,2,1,3,2,3,3,1,1,4,4,1,4,,,1,,,,,,,,,9,1,,,,,,3,2,3,2,2,5,1,1,4,,5,1,Mobile,1,0.686,,0.665,4
296590,04/03/2025,1,1,,2,1,1,1,1,1,4,2,1,4,4,1,3,4,2,4,4,1,2,1,1,2,5,4,1,,,,,,1,1,2,10,5,3,3,5,7,2,1,97,6,3,5,1,,1,,,,,,,,,,,,,,,1,,8,4,4,2,2,3,1,3,3,1,3,2,1,2,,4,4,2,2,,,,,,,,,,,1,7,1,,,,,,4,4,3,3,4,1,1,1,4,,1,1,PC,1,1.119,,1.086,7
296591,04/03/2025,1,1,,3,2,2,8,4,4,5,4,5,4,3,1,2,3,2,4,1,4,3,3,3,2,1,1,1,,,,,,3,3,3,0,10,0,5,10,10,0,1,98,10,1,3,1,1,1,,1,1,,,,,,1,1,1,,,,,,3,3,3,3,3,3,1,1,1,2,2,3,3,1,1,4,3,1,3,,,,,,,,1,,,,10,1,,,,,,3,3,3,3,3,5,1,2,4,,3,1,Mobile,1,0.892,,0.865,5
296593,04/03/2025,1,1,35,3,2,2,5,2,5,5,4,3,4,4,2,3,4,2,4,2,98,2,1,3,98,5,7,1,,,,,,3,4,1,2,98,0,4,8,7,4,2,97,99,2,3,,,,,1,1,,,1,,,,,,,,,1,,3,98,3,98,98,4,4,2,98,98,1,3,98,2,,4,4,1,3,,,,1,1,1,,1,,,,7,1,,,,,,3,4,4,4,2,6,1,1,3,1998,5,1,Mobile,1,1.036,,1.005,6
296594,04/03/2025,1,1,,5,4,1,8,4,4,5,5,1,4,4,3,2,1,2,4,4,1,4,1,1,1,0,9,1,,,,,,1,1,1,10,10,0,10,10,10,0,1,1,1,1,5,1,1,1,1,1,,1,1,1,1,,,,,1,,,,,1,5,1,4,4,4,1,4,1,1,2,2,1,1,4,4,3,2,5,,,,1,1,1,,1,,,,10,,,,,1,,4,4,3,4,3,2,1,3,4,,5,1,Mobile,1,0.831,,0.806,6
296595,04/03/2025,1,1,,5,4,1,9,5,5,1,2,1,4,4,1,2,4,2,4,3,1,3,2,2,1,0,7,1,,,,,,1,1,2,10,10,6,7,10,8,4,1,1,1,2,5,,,,,,,,,1,1,,,,,1,,,,1,9,5,4,1,1,4,3,3,3,1,2,3,1,2,,3,3,2,4,,,,1,,1,,1,1,,,8,1,,,,,,4,4,4,4,2,5,1,3,5,,5,1,Mobile,1,0.647,,0.628,7
296596,04/03/2025,1,1,,4,3,2,9,5,4,5,3,5,4,4,4,3,1,2,4,1,4,3,4,4,4,5,10,3,,,,,,2,2,2,2,5,5,2,5,5,3,1,3,3,5,4,1,1,1,,1,1,,1,,,,,1,1,,,,,,3,1,3,3,2,2,2,1,1,3,2,1,2,1,4,4,4,1,1,,,,,,,,,1,,,10,,1,,,,,3,3,2,3,2,5,1,1,7,,5,1,Mobile,1,0.83,,0.806,5
296598,04/03/2025,1,1,69,6,5,2,4,1,3,4,3,2,4,4,4,1,3,2,4,3,2,4,1,3,3,7,3,2,,,,,,3,4,3,0,1,2,1,5,5,1,2,30,3,4,3,1,1,,,,,,,,,,,1,,,,,,,3,2,3,2,98,2,1,1,1,3,2,3,3,2,,4,4,1,3,,,1,,,,,,,,,5,1,,,,,,98,3,98,98,3,5,1,3,5,,3,1,Mobile,1,1.807,,1.752,4
296599,04/03/2025,1,1,,7,5,1,6,3,5,4,3,5,2,3,3,1,4,2,3,4,3,3,4,3,4,9,5,4,,,,,,1,2,1,1,4,10,3,10,3,5,1,8,3,5,5,,1,1,,,,,1,,,,1,1,,,,,,,2,1,3,2,1,3,3,1,1,4,3,4,3,1,1,4,3,1,1,,,1,,,,,,,,,1,,1,,,,,2,2,2,2,1,6,1,4,6,,2,1,Mobile,1,0.845,,0.82,1
296600,04/03/2025,1,1,32,3,2,1,1,1,1,3,2,2,4,4,1,2,3,2,4,4,2,3,2,1,1,0,1,1,,,,,,2,1,2,10,8,5,10,10,9,5,1,5,5,2,5,,,1,1,,,,,,,,,,,,,,1,,9,5,3,2,1,3,2,3,2,1,2,3,1,2,,4,4,2,4,,,,,,,,1,,,,8,1,,,,,,4,4,2,4,4,1,1,2,4,,3,1,PC,1,1.065,,1.033,4
296601,04/03/2025,1,1,,1,1,1,5,2,5,4,3,5,4,4,2,1,3,2,3,3,2,1,1,2,2,4,4,4,,,,,,1,2,2,5,6,1,5,2,2,6,3,12,5,5,3,,,,,,,1,,,,,,,,1,,,,,5,4,2,1,2,1,1,2,1,2,1,2,1,1,3,1,3,2,4,,,,1,,,,,,,,4,,,,1,,,2,2,3,2,3,3,1,2,4,,3,1,Mobile,1,1.116,,1.083,4
296602,04/03/2025,1,1,25,2,1,2,6,3,1,5,3,3,4,4,1,3,4,2,4,3,98,2,1,1,1,5,1,1,,,,,,3,4,3,7,7,0,10,8,8,0,2,6,6,98,3,1,,1,1,,,,,,,,,,,,,,1,,1,98,98,2,2,3,3,3,2,1,3,2,98,1,4,4,3,98,98,,,1,,,,,1,,,,10,1,,,,,,3,2,2,4,4,1,1,1,4,,2,1,PC,1,0.682,,0.661,7
296604,04/03/2025,1,1,49,4,3,2,5,2,5,4,3,4,3,3,3,1,4,2,3,2,2,3,3,3,3,6,10,3,,,,,,3,3,2,5,5,5,2,9,5,2,2,3,3,5,4,,1,,,1,,,,,,,1,1,1,,,,,,3,2,4,2,2,3,3,2,2,3,3,3,3,2,,4,3,1,3,,,,,1,1,1,,,,,9,1,,,,,,4,3,3,3,2,5,1,2,4,,3,1,Mobile,1,1.151,,1.117,4
296605,04/03/2025,1,1,,3,2,2,4,1,1,4,3,5,4,4,4,1,2,2,4,3,98,4,1,2,2,2,5,3,,,,,,4,3,3,3,5,5,10,5,5,0,3,97,6,4,2,1,,,,,,,,,,,,,,,,,1,,1,3,2,3,3,2,2,2,2,1,2,3,2,1,5,4,4,1,3,,,,1,,,,,,,,6,1,,,,,,3,3,3,3,4,4,1,1,4,,1,1,PC,1,1.039,,1.008,5
296606,04/03/2025,1,1,24,2,1,2,5,2,3,5,5,4,4,4,2,3,1,2,4,3,3,4,1,3,1,0,5,1,,,,,,4,2,3,10,10,2,9,9,10,0,1,1,1,1,2,,,,,1,,1,1,1,,,,,,1,,,,,8,5,4,2,1,3,4,4,4,2,4,4,2,1,0,4,3,1,5,,,,,,,,1,,,,10,1,,,,,,4,3,4,4,4,4,1,3,4,,5,1,Mobile,1,1.488,,1.443,6
296607,04/03/2025,1,1,,5,4,2,5,2,4,5,5,2,4,4,3,4,1,2,2,1,3,3,4,3,4,10,8,3,,,,,,4,2,1,4,5,5,3,5,7,3,1,3,2,4,5,1,1,,,,,,,,,,1,1,,,,,,,4,2,4,98,1,98,2,1,1,3,2,3,3,2,,4,3,1,4,1,,,,1,,1,,,,,8,,1,,,,,4,4,3,4,2,4,1,3,5,,5,1,Mobile,1,1.014,,0.984,2
296608,04/03/2025,1,1,,7,5,2,9,5,5,5,4,5,2,1,3,4,1,2,1,1,3,3,4,4,3,10,10,5,,,,,,2,1,1,1,2,10,5,10,4,6,1,8,2,6,4,,,,,,,,,,,1,,,,,,,1,,1,1,4,4,98,4,98,1,2,3,2,3,2,2,,4,4,1,2,,,1,,,,1,,,,,1,,1,1,1,,,98,98,1,2,1,5,1,1,2,,3,1,PC,1,0.928,,0.9,5
296610,04/03/2025,1,1,,2,1,2,7,3,5,4,3,3,4,4,1,4,3,2,4,3,3,3,3,3,3,5,5,1,,,,,,4,2,3,5,10,1,2,8,5,0,3,98,1,2,3,1,1,,,1,1,,,,,,,,1,,,,,,4,3,3,4,4,2,1,2,2,2,2,2,3,1,5,3,3,1,2,,,1,1,,,,1,,,,5,,1,,,,,3,3,3,3,2,5,1,2,4,,4,1,PC,1,0.649,,0.629,4
296611,04/03/2025,1,1,,7,5,1,8,4,5,4,2,2,2,2,3,1,4,2,2,1,3,3,4,4,4,10,5,3,,,,,,3,3,1,0,5,5,2,9,9,6,1,30,3,4,5,1,1,1,,,,,,1,,,1,1,1,,,,,,1,1,3,1,1,4,1,1,1,4,3,3,3,1,5,4,4,1,4,,,1,,1,,1,,,,,1,1,,,,,,4,4,3,3,2,5,1,1,6,,5,1,Mobile,1,1.134,,1.1,4
296612,04/03/2025,1,1,,2,1,2,1,1,1,5,3,1,4,4,4,2,3,2,4,4,3,3,1,2,2,6,0,1,,,,,,2,3,1,7,8,3,10,4,7,2,2,6,6,2,4,1,,,,,,,,,,,,,,,,,1,,5,5,98,3,98,4,4,1,1,1,2,2,1,2,,4,4,98,4,,,,,,,,1,,,,4,1,,,,,,3,3,2,3,4,1,1,1,4,,1,1,PC,1,1.092,,1.06,5
296613,04/03/2025,1,1,,3,2,1,1,1,1,4,4,1,4,4,1,4,3,2,4,4,98,3,1,1,2,1,0,98,,,,,,1,2,2,5,3,1,10,5,4,1,98,96,96,2,2,,,,1,,,,,,,,,,,,,,1,,1,5,2,1,1,3,3,1,1,1,2,2,1,1,5,4,4,98,4,,,1,,,,,,,,,9,1,,,,,,3,3,3,3,4,1,1,1,4,,2,1,PC,1,1.065,,1.033,1
296615,04/03/2025,1,1,,5,4,1,4,1,4,5,4,5,3,3,4,2,3,2,3,3,3,4,3,2,3,10,5,2,,,,,,3,3,2,3,4,4,3,5,8,1,2,7,98,4,3,1,1,,,,,,,,,,1,1,1,,,,,,3,2,2,98,98,2,1,1,1,2,2,2,2,2,,4,4,1,2,,,1,1,,,,1,,,,5,1,,,,,,4,3,98,3,2,4,1,3,5,,3,1,Mobile,1,0.993,,0.963,5
296616,04/03/2025,1,1,39,3,2,2,6,3,1,98,3,2,98,98,4,1,3,2,98,4,3,3,1,1,98,5,0,98,,,,,,4,2,3,8,8,0,10,98,98,0,98,6,6,2,1,,,,,,,,,,,,,,,,,,,,98,98,98,3,98,2,98,98,2,98,2,98,98,2,,4,4,1,4,,,1,1,,,,,,,,5,1,,,,,,3,3,3,3,4,99,1,2,4,,3,1,PC,1,0.648,,0.629,5
296617,04/03/2025,1,1,24,2,1,2,6,3,1,98,3,98,4,3,1,2,4,2,4,4,98,4,1,98,98,5,0,1,,,,,,3,2,3,98,98,98,10,10,10,0,1,5,5,98,1,,,,,,,,,,,,,,,,,,,,5,98,3,2,98,3,98,98,98,98,98,98,98,2,,4,4,98,98,,,,,,,,,,,1,9,1,,,,,,4,4,4,98,4,3,1,2,4,,1,1,PC,1,0.682,,0.661,5
296618,04/03/2025,1,1,,5,4,2,4,1,3,4,4,2,3,3,2,1,4,2,3,1,3,4,3,3,3,8,7,3,,,,,,2,2,3,1,5,5,5,8,8,6,1,3,2,4,5,1,1,,,1,,,,,,,,1,,,,,,,5,1,3,1,1,2,1,1,1,4,2,3,3,1,2,4,3,1,4,,,1,,1,,,1,1,,,5,,1,1,,,,4,3,3,3,3,3,1,1,4,,2,1,Mobile,1,1.229,,1.192,4
296619,04/03/2025,1,1,,7,5,1,5,2,3,5,4,4,3,3,1,3,4,2,3,1,3,4,3,2,3,10,10,3,,,,,,3,1,2,1,4,7,0,5,2,2,1,3,3,4,5,1,1,1,1,,,,,1,,,,1,,,,,,,1,2,3,3,2,2,3,1,1,3,2,3,98,1,5,4,4,1,3,,,1,,,,,,,,,0,,1,,,,,3,3,3,3,3,1,1,2,5,,2,1,Mobile,1,1.938,,1.88,4
296620,04/03/2025,1,1,,2,1,1,1,1,3,3,4,3,4,4,1,3,4,2,4,3,4,3,1,1,1,0,1,4,,,,,,2,4,2,8,7,3,9,5,1,2,3,5,1,3,5,,,,,,,,1,,,,,1,,1,,,,,6,5,4,4,1,1,1,3,2,1,3,3,1,1,1,4,3,1,2,,,,,,,,1,,,,10,1,,,,,,3,4,1,3,3,1,1,2,6,,1,1,Mobile,1,1.456,,1.412,1
296621,04/03/2025,1,1,,2,1,2,7,3,5,5,4,3,4,4,1,4,2,2,3,4,98,2,4,4,98,8,7,1,,,,,,2,3,1,2,8,4,1,9,9,0,1,2,1,1,4,1,1,,,,1,,,1,,,,1,1,1,,,,,3,1,2,2,2,2,98,2,98,1,2,4,98,2,,2,3,1,1,,,,,,,,1,,,,9,,,,,,1,4,3,4,3,1,6,1,1,7,,2,1,Mobile,1,0.649,,0.629,4
296622,04/03/2025,1,1,35,3,2,1,4,1,1,5,4,5,4,3,1,3,4,2,98,3,3,3,1,1,1,5,0,98,,,,,,3,4,3,2,2,2,10,2,2,2,4,98,99,4,4,1,,1,,,,,,,,,,,,,,,1,,1,3,2,4,4,4,2,1,1,1,1,1,1,2,,4,4,98,4,,,,1,1,,,,,,,5,1,,,,,,3,3,3,3,4,1,1,1,6,,1,1,PC,1,1.065,,1.033,3
296624,04/03/2025,1,1,,4,3,1,6,3,5,5,5,2,1,98,4,3,1,2,2,4,2,3,4,4,3,10,7,5,,,,,,1,4,2,5,10,10,10,10,10,10,3,98,30,4,5,,,,,,,,,1,,,,,,,,,1,,1,3,4,1,2,4,4,1,1,1,1,1,2,1,5,4,3,98,4,1,,1,,1,,1,1,1,,,4,1,,,,,,3,3,3,3,1,6,5,1,1,1976,4,1,Mobile,1,0.703,,0.682,2
296626,04/03/2025,1,1,,2,1,1,1,1,1,5,1,1,4,3,1,4,3,2,4,1,98,2,1,1,1,4,0,98,,,,,,3,1,2,5,6,3,10,5,9,1,2,99,99,3,5,,,1,,,,,,,,,,,,,,,1,,5,5,4,1,4,3,1,2,1,1,2,2,1,2,,99,3,2,4,,,,1,,,,,,,,10,1,,,,,,4,4,1,4,4,1,1,1,4,,5,1,PC,1,1.119,,1.086,4
296628,04/03/2025,1,1,,6,5,1,4,1,5,5,3,5,2,1,2,4,3,2,2,1,3,2,4,4,4,10,10,5,,,,,,2,1,1,0,5,10,0,10,5,5,1,8,2,7,4,,1,,1,,,,,,,,,1,1,,,,,,1,1,3,2,4,4,3,1,2,3,2,4,2,1,1,4,2,1,2,1,,,,,,,,,,,5,,1,,,,,4,4,2,3,1,6,1,2,4,,4,1,Mobile,1,1.355,,1.314,4
296629,04/03/2025,1,1,,5,4,2,5,2,4,4,3,4,3,4,1,2,4,2,4,1,98,4,1,3,2,7,5,1,,,,,,3,1,3,9,9,1,9,9,9,2,2,1,1,2,4,1,1,1,,1,,,1,,,,1,1,1,1,,,,,8,98,2,2,2,2,2,3,3,3,3,4,3,1,3,4,4,1,4,,,,1,1,,,1,,,,8,1,,,,,,4,3,3,3,2,4,1,3,5,,4,1,Mobile,1,1.014,,0.984,9
296630,04/03/2025,1,1,,5,4,2,4,1,4,3,3,4,4,4,4,1,3,2,4,1,98,4,98,3,2,10,10,1,,,,,,3,2,3,10,9,5,5,7,5,2,2,1,1,2,4,1,1,1,,,,,,,,,1,1,1,1,,,,,8,4,98,3,98,3,2,3,3,98,3,3,3,2,,4,4,98,3,,,1,1,1,,,,,,,10,1,,,,,,4,4,4,4,2,4,1,1,7,,2,1,Mobile,1,0.969,,0.94,6
296631,04/03/2025,1,1,71,7,5,1,6,3,5,2,4,5,3,3,3,4,1,2,1,1,3,4,4,4,4,10,9,5,,,,,,1,1,3,0,2,8,2,10,1,5,1,8,9,7,5,1,,,,,,,,,,,,,,,,,1,,1,1,4,1,1,4,4,1,1,2,1,2,1,2,,4,4,1,2,1,,1,,,,1,,,,,0,,1,1,1,,,2,3,2,1,1,6,1,1,4,,3,1,PC,1,0.845,,0.82,5
296632,04/03/2025,1,1,47,4,3,2,8,4,5,5,4,5,2,4,3,1,4,2,3,1,3,2,3,3,2,6,9,5,,,,,,3,2,2,1,5,5,5,5,5,3,1,8,2,4,4,1,1,1,,,,,,1,,,,1,,,,,,,1,3,1,2,98,4,3,1,1,2,1,2,1,1,1,4,2,1,2,1,,1,,1,,1,1,,,,9,,1,,,,,3,4,3,3,3,5,1,1,6,,5,1,Mobile,1,0.92,,0.892,3
296633,04/03/2025,1,1,27,2,1,2,8,4,1,4,3,4,3,4,4,3,1,2,4,4,3,4,1,1,1,3,2,3,,,,,,4,2,2,7,5,5,10,7,9,0,1,6,6,2,2,,,1,1,,,,,,,,,,,,,,1,,1,4,1,2,2,4,1,2,2,1,2,3,2,1,2,4,4,1,4,,,,,,,,1,,,,6,1,,,,,,3,4,4,2,4,4,1,2,4,,1,1,PC,1,0.914,,0.887,5
296634,04/03/2025,1,1,,6,5,2,4,1,5,4,3,3,3,3,3,4,1,2,3,1,3,4,4,3,3,10,6,5,,,,,,3,3,3,0,4,4,0,10,3,1,2,7,2,4,4,,1,,,,,,,,,,,1,,,,,,,1,1,4,3,2,3,1,1,98,3,2,2,4,1,3,4,1,1,3,,,,,,,,1,,,,5,1,,,,,,3,3,3,3,1,6,1,1,6,,3,1,Mobile,1,1.322,,1.283,2
296635,04/03/2025,1,1,,7,5,1,9,5,5,4,3,4,3,4,3,1,4,2,4,4,3,3,3,1,4,10,10,3,,,,,,1,1,2,0,3,3,1,10,3,3,1,7,3,4,5,1,1,,1,,,,1,,,,,1,,,,,,,2,1,4,1,1,4,4,1,1,4,1,4,4,2,,4,4,1,4,,,,,1,,,1,1,,,1,,1,1,,,,4,4,3,3,2,6,1,1,6,,5,1,PC,1,0.951,,0.922,5
296636,04/03/2025,1,1,,7,5,1,9,5,5,5,2,3,2,4,3,4,1,2,1,4,2,3,4,4,3,8,10,5,,,,,,2,2,1,1,5,6,1,8,3,3,1,8,98,5,5,1,1,1,1,,,,1,,,,1,1,1,,,,,,2,2,3,2,2,3,4,1,1,3,1,2,1,1,5,4,3,1,2,,,1,,1,,1,,,,,5,,1,1,1,,,3,3,3,2,1,6,1,1,6,,5,1,Mobile,1,0.951,,0.922,4
296637,04/03/2025,1,1,,6,5,1,9,5,3,4,3,4,98,4,3,1,4,2,98,2,3,3,3,3,3,8,5,3,,,,,,2,2,2,3,5,5,6,6,6,6,1,97,8,4,5,,1,1,1,,,,,,,,,1,,,,,,,4,2,3,2,2,3,98,2,2,3,2,3,3,99,,4,99,1,2,1,,,,1,,1,1,,,,4,1,,,,,,4,3,3,3,2,2,1,2,4,,4,1,Mobile,1,1.299,,1.26,4
296638,04/03/2025,1,1,,5,4,2,4,1,3,4,4,2,4,4,2,1,4,2,4,3,98,3,1,98,98,1,1,1,,,,,,2,2,3,8,10,3,7,10,10,3,2,9,1,1,5,,1,,,,,,,,,,,1,,1,,,,,8,98,3,3,2,98,1,3,98,1,3,3,98,2,,4,4,98,4,,,1,,,,,1,,,,9,1,,,,,,4,4,3,3,2,4,1,4,4,,2,1,Mobile,1,1.229,,1.192,3
296640,04/03/2025,1,1,51,5,4,1,9,5,4,4,3,1,4,4,1,3,2,2,3,3,1,3,3,3,3,8,1,1,,,,,,2,2,2,4,8,1,2,10,10,1,2,97,4,1,4,1,1,1,,,,,,,,,,1,,,,,,,1,2,4,1,1,3,1,1,1,2,2,3,2,1,2,4,3,1,4,,,1,,1,,,1,,,,10,1,,,,,,4,4,3,3,2,4,1,2,4,,3,1,Mobile,1,0.696,,0.676,3
296642,04/03/2025,1,1,44,4,3,2,9,5,5,4,3,5,98,4,3,4,1,2,98,1,98,3,3,3,3,7,7,98,,,,,,3,1,3,3,5,5,3,8,7,98,1,97,98,5,5,1,1,,,,1,,,1,,,,1,,,,,,,3,2,3,98,98,3,3,1,2,3,2,3,98,1,2,4,4,1,4,,,1,,1,,,,,,,3,,1,,,,,3,98,3,3,2,6,1,1,3,1990,3,1,Mobile,1,0.771,,0.748,5
296643,04/03/2025,1,1,,4,3,1,1,1,1,98,2,4,4,4,1,4,2,2,4,4,3,98,1,1,2,7,0,98,,,,,,2,2,3,5,8,5,10,8,9,3,2,6,6,98,98,,,,,,,,,,,,,,,,,,,,2,4,3,2,98,3,1,2,2,1,2,2,1,2,,4,4,1,98,,,,,1,,,,1,,1,8,1,,,,,,98,3,2,3,4,1,1,1,4,,2,1,PC,1,1.183,,1.147,7
296644,04/03/2025,1,1,27,2,1,2,8,4,4,4,3,4,3,3,3,1,4,2,2,1,3,2,3,4,3,8,6,5,,,,,,1,2,3,5,5,3,4,6,5,5,2,97,1,4,4,1,,,,1,1,,,,,,1,1,1,1,,,,,4,98,3,2,3,4,3,2,2,2,2,4,3,2,,4,2,1,4,,,1,,1,,1,,,,,1,1,,,,,,4,3,3,2,2,4,1,2,6,,3,1,PC,1,0.937,,0.909,1
296645,04/03/2025,1,1,,3,2,2,4,1,1,2,2,2,4,4,2,1,4,2,4,3,3,3,1,1,1,3,0,1,,,,,,98,2,2,8,10,3,8,8,8,0,1,9,4,1,3,,,,,,,,1,,,,,,,,,,1,,7,5,3,1,3,1,1,3,3,1,3,3,98,1,1,4,3,98,3,,,,1,,1,,1,,,,10,1,,,,,,4,4,4,4,4,2,1,2,4,,3,1,Mobile,1,1.039,,1.008,4
296646,04/03/2025,1,1,,8,5,1,9,5,2,3,3,4,3,3,2,1,4,2,4,3,3,3,2,1,2,10,4,3,,,,,,1,1,1,10,10,5,5,5,10,5,1,4,4,3,5,1,1,,,,,,,,,,,1,,,,,,,6,4,3,2,3,3,3,3,3,3,2,3,98,1,2,4,3,1,4,,,,1,1,,,1,,,,5,1,,,,,,4,4,3,4,3,1,1,1,7,,3,1,PC,1,1.282,,1.244,4
296647,04/03/2025,1,1,,2,1,1,7,3,4,4,2,4,4,4,1,4,3,2,4,4,2,2,3,3,4,8,6,2,,,,,,3,3,2,1,5,0,8,9,9,2,1,3,3,4,5,1,1,1,,1,1,,,1,,,,1,,,,,,,2,2,1,98,3,3,1,1,2,3,3,3,98,1,4,3,3,1,3,,,1,,,,,1,1,,,8,1,,,,,,4,4,3,3,2,4,1,3,4,,1,1,Mobile,1,0.716,,0.694,3
296648,04/03/2025,1,1,,7,5,2,9,5,5,5,4,4,2,2,3,4,1,2,2,1,3,4,3,4,4,10,9,5,,,,,,1,2,1,1,3,9,4,9,4,6,1,8,2,6,5,1,1,1,1,,,,,,,,1,1,1,,,,,,3,1,4,1,98,4,4,2,2,3,2,3,2,2,,4,2,1,2,1,,1,,1,,1,,,,,0,,1,1,,,,3,3,2,3,2,5,1,1,2,1957,3,1,PC,1,0.928,,0.9,3
296649,04/03/2025,1,1,31,3,2,1,8,4,5,5,2,5,4,4,4,3,1,2,3,3,3,3,3,4,4,9,5,3,,,,,,3,1,2,1,6,3,1,9,8,1,1,3,3,3,4,1,1,,,1,1,1,1,1,1,,,1,,,,,,,4,2,3,1,2,3,2,2,2,3,3,3,3,1,4,4,3,1,2,,,1,1,1,,,1,1,,,3,1,,,,,,3,3,2,2,2,5,1,1,4,,4,1,Mobile,1,0.849,,0.823,3
296650,04/03/2025,1,1,,2,1,2,5,2,5,4,3,1,4,4,1,2,3,2,4,4,2,3,3,3,1,5,7,1,,,,,,2,1,2,6,10,1,5,10,10,1,1,1,1,1,4,,1,,,,1,,,1,,,,1,,1,,,,,6,5,3,2,3,3,3,2,2,1,2,2,2,1,2,3,3,1,2,,,,,,1,,1,,,,10,1,,,,,,3,3,3,3,2,5,1,3,4,,5,1,Mobile,1,1.089,,1.057,2
296651,04/03/2025,1,1,24,2,1,2,5,2,5,4,3,5,3,2,4,3,1,2,3,4,2,98,4,4,98,10,8,2,,,,,,2,2,2,3,8,2,2,10,6,2,1,7,7,3,3,1,,,,1,,,,,,,1,1,1,,,,,,2,1,3,2,2,3,2,1,1,2,2,2,2,2,,4,3,1,2,,,1,,1,,,1,1,,,3,1,,,,,,3,98,98,98,2,5,1,4,4,,3,1,Mobile,1,1.089,,1.057,6
296652,04/03/2025,1,1,35,3,2,2,8,4,1,4,3,2,4,4,2,1,4,2,4,4,2,2,1,1,1,0,0,1,,,,,,1,3,1,7,9,0,9,10,5,0,1,97,5,1,5,1,,1,,,,,,,,,,,,,,,1,,5,5,1,4,4,4,1,3,3,1,2,2,2,1,5,4,2,2,4,,,,1,,1,,1,,,,10,1,,,,,,4,4,2,2,4,1,1,2,4,,2,1,PC,1,0.87,,0.844,7
296653,05/03/2025,1,1,,4,3,1,9,5,3,4,3,4,3,4,1,3,4,2,3,3,2,2,1,3,3,8,2,3,,,,,,2,2,2,1,9,4,4,7,9,2,2,30,98,4,4,1,,,,,,,,,,,,,,,,,1,,1,3,3,1,2,3,2,1,1,2,2,3,98,1,3,3,3,1,3,,,1,,1,,,1,,,,2,,,,,,1,3,3,2,2,3,3,1,4,6,,3,1,Mobile,1,1.08,,1.047,9
296654,05/03/2025,1,1,,4,3,1,6,3,4,5,5,5,3,3,3,1,4,2,4,4,3,3,3,3,4,10,10,3,,,,,,3,4,3,0,5,5,3,5,5,3,4,3,3,4,2,,1,,,,,,,,,,,1,,,,,,,1,1,3,3,2,3,3,1,2,4,2,3,4,1,1,4,3,1,1,,,1,,1,,,1,,,,5,1,,,,,,4,3,3,3,2,5,1,1,4,,5,1,Mobile,1,0.756,,0.734,2
296655,05/03/2025,1,1,23,2,1,2,7,3,5,5,3,4,2,4,3,4,1,2,2,1,3,2,3,4,4,10,9,3,,,,,,2,2,3,0,4,9,1,5,5,4,1,8,9,5,2,1,,,,1,,1,,,,,1,1,1,,,,,,3,2,98,1,2,4,4,1,1,2,2,3,2,2,,1,3,1,1,1,,1,,,,,,1,,,2,1,,,,,,3,2,2,1,1,6,1,3,4,,1,1,Mobile,1,0.649,,0.629,5
296656,05/03/2025,1,1,,7,5,1,6,3,5,5,4,4,3,3,3,4,1,2,4,3,2,3,4,4,3,10,10,4,,,,,,1,1,1,0,5,4,1,10,5,3,1,2,2,4,5,1,1,,1,,,,1,,,,1,1,1,,,,,,5,1,3,2,2,3,2,1,2,3,2,4,4,2,,4,4,1,4,1,,1,,1,,,1,1,,,3,,1,1,,,,3,3,2,3,1,5,1,1,6,,3,1,Mobile,1,0.845,,0.82,4
296657,05/03/2025,1,1,,4,3,1,8,4,5,5,4,4,2,2,3,4,1,2,1,1,3,4,3,4,4,10,8,5,,,,,,1,1,1,0,4,8,3,8,4,7,1,8,8,5,5,1,,1,1,,,,1,,,,1,1,1,,,,,,3,1,4,1,2,4,3,1,2,3,1,3,2,2,,4,4,1,1,1,,1,,,,1,,,,,2,,1,1,1,,,3,2,2,2,2,5,1,4,5,,5,1,Mobile,1,0.943,,0.914,4
296658,05/03/2025,1,1,,4,3,2,6,3,1,4,3,2,4,4,1,4,3,2,4,3,4,4,1,1,2,1,2,1,,,,,,3,2,2,5,8,3,9,6,3,0,1,97,6,2,4,,,,,,,,1,,,,,,,1,,,,,5,5,2,2,2,2,1,2,2,1,1,3,1,1,3,4,2,2,4,,,,,,,,1,,,,3,1,,,,,,3,4,4,4,4,4,1,2,5,,5,1,Mobile,1,0.72,,0.699,1
296659,05/03/2025,1,1,,5,4,2,7,3,5,5,4,2,3,4,3,4,1,2,2,4,3,3,3,4,4,9,10,98,,,,,,2,2,2,1,4,7,3,10,6,5,1,97,3,5,5,1,1,,,1,1,,,,,,1,1,1,,,,,,1,1,3,2,2,4,3,1,2,4,3,4,3,1,1,4,3,1,4,,,1,,1,,1,,,,,0,1,,,,,,4,3,3,3,2,5,1,2,4,,3,1,Mobile,1,0.561,,0.544,5
296660,05/03/2025,1,1,65,6,5,2,8,4,5,5,4,5,2,98,4,3,1,2,2,1,3,3,3,4,3,7,6,5,,,,,,1,1,2,1,6,8,5,2,4,5,1,97,2,6,4,1,1,,,1,,,,,,,1,1,,,,,,,2,2,2,2,2,3,3,1,1,3,2,2,2,1,5,4,4,1,1,,,,,,,1,,,,,6,1,,,,,,3,3,3,3,2,5,1,1,6,,2,1,Mobile,1,1.107,,1.074,9
296661,05/03/2025,1,1,66,6,5,1,8,4,5,4,3,4,3,3,1,3,4,2,2,3,2,3,3,3,2,6,5,3,,,,,,2,3,2,5,8,2,3,9,3,7,2,98,10,3,4,1,1,1,,,,,,,,,1,1,,,,,,,8,4,3,4,3,2,2,3,3,1,2,1,98,2,,4,4,1,2,,1,1,,1,,,1,1,,,5,1,,,,,,3,3,3,3,2,6,1,3,5,,4,1,Mobile,1,1.134,,1.1,4
296662,05/03/2025,1,1,,6,5,2,5,2,4,3,3,2,4,4,1,3,4,2,4,4,4,4,3,3,1,5,5,1,,,,,,2,2,1,10,10,0,6,4,8,3,1,1,1,3,4,1,1,,,,,,,,,,,,,1,,,,,7,5,4,1,1,3,1,3,3,1,2,2,1,1,1,4,4,2,5,,,,,,,,1,,,,10,1,,,,,,4,4,4,4,2,4,1,2,1,1962,3,1,Mobile,1,1.491,,1.446,2
296663,05/03/2025,1,1,,3,2,2,8,4,3,4,4,4,4,4,1,2,3,2,4,3,4,98,1,1,1,0,3,1,,,,,,3,1,2,5,98,98,98,98,98,98,1,97,5,1,3,1,1,,,,,,,1,,,,,1,1,,,,,4,98,2,4,2,2,1,2,2,1,3,2,2,1,5,4,3,98,3,,,1,1,1,1,,,,,,10,1,,,,,,3,3,4,4,3,4,1,3,4,,3,1,PC,1,1.132,,1.098,7
296664,05/03/2025,1,1,,6,5,2,6,3,5,4,3,5,3,4,3,4,1,2,98,4,3,4,3,4,3,10,9,3,,,,,,2,2,2,2,5,5,2,10,5,3,1,97,3,4,4,1,1,,,,,,,,,,1,1,1,,,,,,3,1,2,2,98,3,98,1,2,3,98,98,2,2,,4,4,1,2,,,1,,1,,,,,,,2,1,,,,,,3,3,2,3,1,6,1,4,6,,99,1,Mobile,1,0.825,,0.8,6
296667,05/03/2025,1,1,,7,5,1,6,3,4,4,3,2,4,4,1,2,3,2,4,3,2,4,3,4,1,8,7,2,,,,,,1,1,3,9,10,5,5,8,7,5,1,1,1,2,5,1,1,,,1,,,1,,1,,1,1,1,1,,,,,9,5,3,1,1,3,3,3,3,1,3,3,2,2,,4,4,2,5,,,1,,1,,,1,,,,0,1,,,,,,4,4,3,4,2,5,1,4,4,,4,1,Mobile,1,0.91,,0.883,5
296668,05/03/2025,1,1,,7,5,1,3,1,4,4,3,4,4,4,3,1,4,2,4,3,3,3,3,98,3,5,10,2,,,,,,3,2,3,0,2,5,2,8,7,1,1,3,3,5,4,,1,,,,1,,,,,,1,1,1,,,,,,3,1,4,2,2,4,4,2,3,4,2,4,4,1,1,4,4,1,3,,,1,,,,,,,,,3,1,,,,,,4,4,2,3,2,5,1,3,1,1955,3,1,Mobile,1,1.459,,1.415,6
296669,05/03/2025,1,1,46,4,3,2,5,2,3,5,4,3,4,4,3,1,2,2,3,4,98,3,98,2,1,10,6,1,,,,,,2,2,2,6,10,3,7,8,8,2,1,1,1,1,4,1,1,,,,,,1,1,,,,1,,,,,,,4,4,98,3,2,3,3,2,2,2,3,3,4,1,2,4,4,1,3,1,,1,1,1,,,1,,,,8,1,,,,,,3,98,3,3,3,5,1,1,4,,5,1,PC,1,1.572,,1.525,1
296670,05/03/2025,1,1,26,2,1,1,8,4,5,4,1,3,2,98,4,3,1,2,1,1,2,3,3,4,2,10,8,5,,,,,,2,2,3,2,5,5,5,5,5,5,1,97,2,3,5,1,,,,,1,,,,,,1,1,,1,,,,,3,1,3,2,1,4,2,1,2,3,3,4,98,1,0,2,3,1,1,1,1,1,,1,,,1,,,,8,1,,,,,,4,4,4,4,1,5,1,1,7,,1,1,Mobile,1,0.892,,0.865,3
296671,05/03/2025,1,1,,5,4,1,4,1,3,4,2,4,3,4,4,2,3,2,3,3,2,3,3,3,3,9,4,3,,,,,,2,1,4,0,8,8,3,10,10,2,1,97,99,3,3,1,,1,,,,,,,,,1,,,,,,,,2,1,4,4,1,4,1,1,1,3,3,3,3,1,1,4,2,1,4,,,1,1,1,1,,1,1,,,8,1,,,,,,4,4,4,4,3,5,1,1,6,,3,1,Mobile,1,1.259,,1.222,6
296672,05/03/2025,1,1,,4,3,1,7,3,4,4,3,5,3,3,4,1,3,2,1,1,2,4,3,3,3,10,5,3,,,,,,3,2,2,5,5,0,5,5,5,5,1,3,3,3,3,1,,,,,,,,1,,,,1,,,,,,,2,3,3,3,3,3,3,1,1,2,2,4,98,1,5,4,4,1,3,,,1,,1,,,,,,,10,1,,,,,,4,3,3,3,2,4,1,1,3,1991,4,1,Mobile,1,0.756,,0.734,4
296673,05/03/2025,1,1,29,2,1,2,8,4,5,4,3,2,3,2,3,1,4,2,3,1,2,3,2,4,3,2,8,3,,,,,,3,2,2,4,5,5,3,8,8,6,1,97,2,4,4,1,1,,,1,,,,,,,,1,,,,,,,4,2,3,2,2,3,3,2,3,3,2,3,3,1,5,4,4,1,4,,,,,,,,1,,,,2,,1,,,,,3,3,3,2,2,5,1,4,4,,1,1,Mobile,1,0.871,,0.845,5
296674,05/03/2025,1,1,57,5,4,1,6,3,4,5,3,4,4,3,2,1,3,2,4,3,4,3,3,3,2,8,6,1,,,,,,2,3,2,5,8,0,1,6,9,0,3,97,4,2,4,1,1,,,,,,,,,,1,1,,,,,,,3,4,3,2,3,3,1,1,1,1,2,2,1,1,1,4,3,1,3,,,1,,,,,,,,,5,1,,,,,,3,3,2,3,3,3,1,2,3,1972,1,1,Mobile,1,0.619,,0.601,4
296675,05/03/2025,1,1,,7,5,2,4,1,5,5,4,5,4,3,1,4,3,2,4,3,3,4,3,3,1,8,9,2,,,,,,1,1,2,9,6,2,7,9,6,2,1,1,1,1,5,1,1,,,1,,1,,,,,,1,,,,,,1,8,3,4,2,3,4,2,3,2,3,4,4,3,1,1,4,4,1,4,,,,,1,,,,1,,,10,1,,,,,,3,2,3,3,2,6,1,1,6,,1,1,Mobile,1,1.322,,1.283,3
296676,05/03/2025,1,1,52,5,4,2,4,1,4,4,4,98,3,98,2,4,1,2,98,4,98,98,98,98,98,5,5,1,,,,,,98,98,3,98,98,98,98,98,98,98,98,98,98,98,2,1,,,,,,,,,,,,,,,,,1,,98,98,98,98,98,98,98,98,98,98,98,98,98,2,,4,4,98,98,,,,,,,,,,,1,5,1,,,,,,98,98,98,98,2,5,1,3,5,,5,1,Mobile,1,0.969,,0.94,4
296677,05/03/2025,1,1,,6,5,2,8,4,5,3,3,5,3,3,4,2,1,2,4,4,3,3,2,3,1,4,5,3,,,,,,2,2,2,7,9,2,4,8,8,1,1,98,99,2,4,1,1,,,,,,,,,,1,,1,1,,,,,8,4,3,2,2,4,1,3,3,2,4,4,2,1,4,4,3,2,3,,,1,,1,,,1,,,,9,1,,,,,,4,4,4,4,2,5,1,1,4,,2,1,PC,1,1.107,,1.074,5
296678,05/03/2025,1,1,,8,5,1,9,5,5,5,3,4,2,1,1,4,3,2,2,1,3,3,2,3,4,8,9,4,,,,,,1,3,1,0,0,7,0,10,3,3,1,8,9,4,4,,,1,,,,,,,,,,1,,,,,,,5,1,4,4,4,4,4,1,1,4,2,4,2,2,,4,4,1,3,,,,,,,1,,,,,7,1,,,,,,98,98,4,4,2,5,1,2,1,1968,2,1,Mobile,1,0.951,,0.922,4
296679,05/03/2025,1,1,66,6,5,2,4,1,4,4,3,2,3,98,4,1,3,2,3,1,2,2,3,3,4,5,5,4,,,,,,4,2,3,0,5,5,4,10,7,6,3,98,2,5,4,1,1,1,,,,,,,,,,1,,,,,,,98,2,4,2,2,4,98,1,98,4,2,4,4,1,3,4,4,1,4,,,1,,,,,,,,,4,1,,,,,,4,4,98,98,2,4,1,1,6,,5,1,Mobile,1,1.424,,1.381,4
296680,05/03/2025,1,1,29,3,2,1,6,3,4,3,3,2,3,4,1,2,3,2,4,3,4,4,4,3,2,5,1,1,,,,,,3,2,3,8,7,0,6,7,5,1,1,97,4,1,4,,1,,,,,,,,,,,,1,,,,,,10,3,2,3,2,3,3,2,3,3,3,4,2,1,2,4,4,1,3,,,1,,,,,,,,,5,1,,,,,,3,3,2,3,2,1,1,3,4,,3,1,Mobile,1,0.681,,0.661,3
296681,05/03/2025,1,1,,5,4,2,4,1,2,3,3,1,4,4,1,2,3,2,4,4,98,3,2,3,2,5,5,1,,,,,,3,3,1,10,10,4,8,9,10,2,1,1,1,1,5,1,1,1,,,,,,,,,,,,1,,,,,9,5,3,3,2,3,2,3,3,1,3,2,2,1,1,4,3,2,4,,,,1,1,,,1,1,,,10,,,,,,1,4,4,3,4,3,4,1,2,5,,3,1,Mobile,1,1.213,,1.177,4
296682,05/03/2025,1,1,34,3,2,1,2,1,1,5,5,3,4,4,1,4,2,2,4,3,3,3,1,1,1,0,0,5,,,,,,3,4,1,0,10,0,10,5,98,0,4,94,94,1,5,,,,1,,,,,,,1,,,,,,,1,,1,5,2,1,2,3,3,2,2,1,1,2,98,1,5,4,3,98,3,,,,1,,,,1,,,,10,1,,,,,,3,4,4,4,4,1,1,1,4,,3,1,PC,1,1.065,,1.033,5
296683,05/03/2025,1,1,,5,4,2,5,2,4,5,5,3,4,4,3,1,4,2,4,4,3,4,1,4,4,10,5,1,,,,,,1,2,1,3,8,3,3,10,10,0,1,30,10,1,5,,1,,,1,,,1,,,,,1,,,,,,,6,98,4,4,2,4,2,1,2,2,2,4,4,1,2,4,3,1,1,,,,,,,,1,,,,3,,1,,,,,4,4,3,2,3,5,1,3,5,,1,1,Mobile,1,1.014,,0.984,4
296684,05/03/2025,1,1,,6,5,2,4,1,3,4,4,3,3,3,2,1,4,2,4,1,98,4,2,1,2,1,1,1,,,,,,4,4,1,10,10,0,5,10,10,5,1,1,1,1,5,,1,,,1,,,,,,,,,,1,,,,,10,98,4,4,4,2,1,3,3,1,3,4,3,1,5,4,2,1,4,,,,,,,,1,,,,10,1,,,,,,4,4,3,4,3,5,1,3,5,,1,1,Mobile,1,1.807,,1.752,6
296685,05/03/2025,1,1,,3,2,1,8,4,4,4,2,4,4,3,1,3,2,2,4,3,3,3,3,3,2,8,6,4,,,,,,2,2,2,3,8,6,3,6,7,3,2,3,3,4,2,,1,1,,,,,,,,,,1,,,,,,,5,2,3,3,2,3,3,2,2,3,1,4,98,1,2,4,3,1,2,,,1,,,,,,,,,8,,1,,,,,4,4,4,3,2,5,1,1,3,1990,4,1,Mobile,1,0.914,,0.886,2
296686,05/03/2025,1,1,46,4,3,2,6,3,1,3,3,4,4,4,1,4,3,2,4,1,4,4,2,1,1,9,0,5,,,,,,3,4,3,6,5,1,10,9,8,3,4,98,5,3,2,,,,,,,,,,,1,,,,1,,,,,5,4,1,2,3,3,1,2,2,1,1,3,2,1,1,4,2,1,4,,,1,,1,,,1,,,,9,1,,,,,,4,4,4,4,4,1,1,2,4,,1,1,PC,1,0.72,,0.699,1
296687,05/03/2025,1,1,,3,2,1,7,3,4,4,4,4,2,4,1,4,3,2,3,4,2,2,2,3,3,9,6,3,,,,,,2,2,2,5,7,7,6,7,8,5,1,7,7,3,4,,1,1,,1,,,,,,,,1,,1,,,,,3,3,3,2,2,2,3,1,2,2,1,3,1,1,0,3,3,1,3,,,,,1,,,,,,,3,1,,,,,,4,4,3,4,2,4,1,3,4,,3,1,Mobile,1,0.681,,0.661,4
296688,05/03/2025,1,1,30,3,2,2,8,4,5,5,5,5,3,3,3,4,1,2,2,1,3,3,4,4,98,8,5,3,,,,,,3,2,2,2,1,7,1,10,10,3,1,3,8,5,5,1,,,,,,,,,,,,1,,,,,,,3,1,3,3,98,4,3,1,1,2,1,4,3,2,,4,4,1,5,1,,1,,,,,,,,,5,1,,,,,,4,4,4,4,2,6,1,1,4,,3,1,Mobile,1,0.828,,0.804,4
296689,05/03/2025,1,1,,5,4,2,8,4,2,3,3,2,4,4,1,2,4,2,4,3,3,98,1,2,1,2,2,1,,,,,,1,1,2,8,9,5,7,7,10,4,1,4,4,2,5,1,,1,,,,,,1,,,,,,,,,1,,5,5,3,2,2,3,2,3,2,1,2,3,2,1,3,4,3,2,98,,,,1,,,,1,,,,5,1,,,,,,4,4,3,4,4,4,1,1,6,,4,1,PC,1,1.016,,0.985,7
296690,05/03/2025,1,1,22,1,1,2,5,2,5,5,5,5,2,2,3,4,1,2,2,1,2,2,3,4,4,9,5,5,,,,,,2,2,2,3,7,10,7,10,6,6,1,8,9,5,5,1,1,1,,,1,,,,1,,1,1,1,,,,,,2,1,3,1,1,4,3,1,2,3,3,3,2,1,2,3,2,1,2,1,1,1,,,,1,,,,,1,,1,,,,,3,3,2,2,2,5,1,1,6,,3,1,Mobile,1,1.089,,1.057,5
296691,05/03/2025,1,1,,2,1,2,6,3,1,5,5,2,4,4,1,3,2,2,4,3,3,3,1,1,1,7,0,1,,,,,,2,3,2,5,8,2,10,5,5,1,2,5,5,2,5,1,,,,,,,,,,,,,,,,,1,,6,1,3,2,2,3,1,2,2,2,2,2,2,2,,4,4,1,4,,,1,,,,,1,,,,3,1,,,,,,3,4,3,4,4,4,1,3,4,,1,1,PC,1,0.682,,0.661,1
296693,05/03/2025,1,1,,6,5,1,9,5,5,5,4,4,3,3,1,3,4,2,2,1,3,3,4,4,4,10,9,5,,,,,,1,2,1,2,5,9,2,9,3,5,1,3,3,5,5,1,1,1,1,,,,,,,,1,1,,,,,,,4,1,3,1,2,4,3,2,2,3,1,3,3,1,5,4,3,1,2,,,1,,,,,,,,,4,,1,1,,,,4,4,3,3,1,5,1,4,4,,4,1,Mobile,1,0.951,,0.922,3
296694,05/03/2025,1,1,31,3,2,2,8,4,5,5,2,5,4,4,2,4,3,2,4,3,3,3,3,4,3,7,9,1,,,,,,3,3,3,2,6,0,0,9,8,0,1,7,3,2,4,1,,,,,,,,,,,,1,,,,,,,2,4,1,2,2,2,3,1,1,98,2,3,98,1,2,4,4,1,3,,,,,,,,1,,,,6,,1,,,,,3,3,3,3,2,6,1,1,4,,3,1,Mobile,1,0.828,,0.804,5
296695,05/03/2025,1,1,53,5,4,2,8,4,3,3,3,4,3,98,4,1,3,2,4,3,3,3,1,2,98,8,5,1,,,,,,1,1,1,5,7,7,7,7,8,5,2,10,1,2,4,1,,1,1,,,,,,,,1,,,,,,,,6,98,3,2,2,3,2,2,2,2,3,3,3,1,2,4,3,1,3,,,1,,,,,,,,,1,1,,,,,,3,3,3,3,3,4,1,1,5,,3,1,Mobile,1,1.029,,0.998,7
296696,05/03/2025,1,1,,5,4,1,6,3,5,3,4,3,3,2,3,2,4,2,2,3,2,4,3,4,3,6,9,3,,,,,,2,2,2,0,5,5,1,1,5,1,1,3,3,5,5,1,1,,,,,,,,,,,,,,,,1,,4,2,4,2,2,4,2,2,3,3,2,3,3,1,2,4,3,1,3,,,,,1,,,,,,,1,1,,,,,,4,4,4,4,2,5,1,1,6,,2,1,Mobile,1,0.575,,0.558,2
296697,05/03/2025,1,1,,6,5,2,6,3,5,4,4,4,2,2,3,4,1,2,1,2,3,3,4,4,3,10,10,5,,,,,,2,2,2,2,3,9,4,6,5,5,2,97,11,6,4,,1,,1,,,,1,,,,,,1,,,,,,2,1,4,1,1,4,4,1,2,3,2,3,3,1,5,4,3,1,2,1,,,,,,1,,,,,1,,1,,1,,,3,3,3,4,1,6,99,1,6,,3,1,Mobile,1,0.825,,0.8,5
296698,05/03/2025,1,1,43,4,3,1,5,2,2,2,3,2,4,4,2,4,1,2,4,4,3,4,3,2,1,8,0,1,,,,,,1,2,1,6,8,7,7,8,9,4,1,97,1,1,5,1,,1,,,,,,,,,,,,,,,1,,2,4,4,1,3,2,2,2,2,1,1,2,1,1,5,4,3,1,1,,,,,,,,1,,,,10,1,,,,,,4,4,4,4,4,1,1,1,6,,3,1,Mobile,1,1.59,,1.543,4
296700,05/03/2025,1,1,,6,5,2,8,4,2,4,4,4,4,4,4,1,3,2,4,3,1,3,2,1,3,8,7,3,,,,,,3,1,2,3,8,2,2,7,10,1,1,7,10,2,5,1,1,1,,,,,,,,,1,1,,,,,,,6,1,4,1,1,4,4,3,3,4,2,4,4,2,,4,3,1,3,,,,1,1,,,1,,,,7,1,,,,,,4,3,3,3,3,2,1,1,2,1982,4,1,PC,1,1.493,,1.448,6
296701,05/03/2025,1,1,,7,5,1,8,4,5,5,3,4,3,2,3,1,4,2,2,1,2,3,3,3,4,10,9,4,,,,,,1,1,2,1,4,8,4,5,4,5,1,8,9,5,4,,1,,1,,,,,,1,,,,1,,,,,,2,1,4,1,2,4,4,1,1,3,1,3,2,2,,4,3,1,4,1,,1,,1,,1,,,,,1,,1,1,,,,3,3,2,2,1,5,1,1,6,,3,1,PC,1,1.134,,1.1,5
296704,05/03/2025,1,1,26,2,1,1,1,1,1,98,3,2,4,4,4,1,3,2,98,4,2,3,1,1,2,5,3,5,,,,,,1,3,2,1,3,1,5,8,7,2,2,4,6,4,5,1,,,,,,,1,1,,,,,,,,,1,,6,4,4,4,3,98,1,2,2,1,3,3,3,1,5,1,4,98,3,,,1,,,,,1,,,,8,1,,,,,,3,3,2,3,3,1,1,1,4,,1,1,PC,1,1.119,,1.086,1
296705,05/03/2025,1,1,,2,1,1,6,3,5,3,3,3,4,4,2,1,3,2,4,4,4,3,3,4,4,10,10,1,,,,,,2,4,1,4,10,0,0,10,0,0,4,98,1,1,5,,,,,1,1,,1,1,,,,1,,,,,,,1,3,3,2,3,2,3,1,1,2,2,4,2,1,1,4,3,1,2,,,,1,,,,,,,,10,1,,,,,,3,1,2,4,1,6,1,1,6,,3,1,Mobile,1,0.665,,0.645,4
296706,05/03/2025,1,1,,7,5,1,7,3,3,2,3,1,2,2,1,3,4,2,3,4,3,4,1,3,2,10,4,3,,,,,,2,2,2,8,7,5,6,9,9,5,1,1,1,4,4,1,1,1,1,,,,,,,,,1,,,,,,,7,3,3,2,3,3,2,3,2,3,3,3,4,1,1,4,2,2,5,,,,,1,,,1,,,,2,1,,,,,,3,3,98,3,3,2,1,4,5,,4,1,Mobile,1,1.155,,1.12,6
296707,05/03/2025,1,1,,5,4,2,5,2,4,5,4,5,3,3,3,4,2,2,2,1,3,3,3,3,3,5,8,2,,,,,,2,2,3,6,0,0,0,8,6,3,4,1,94,5,5,1,1,,,,,,,,,,,1,,,,,,,1,3,2,3,3,4,4,2,2,2,2,3,3,2,,4,2,1,5,,,1,,,,,,,,,9,,1,,,,,4,4,3,3,2,4,1,4,5,,4,1,Mobile,1,1.014,,0.984,4
296708,05/03/2025,1,1,,6,5,1,6,3,5,5,4,4,4,4,1,4,3,2,4,1,2,3,4,4,4,10,5,3,,,,,,3,2,4,0,5,2,0,10,3,0,1,2,3,4,5,1,1,1,,,,,,1,,,,1,,,,,,,1,1,3,4,4,3,2,1,1,4,1,4,4,1,1,4,4,1,3,,,1,,1,,,1,1,,,8,1,,,,,,4,3,3,3,2,6,1,1,2,1971,3,1,Mobile,1,0.845,,0.82,5
296710,05/03/2025,1,1,34,3,2,1,8,4,5,5,3,2,4,4,1,3,4,2,4,1,2,2,4,4,4,9,5,3,,,,,,1,1,3,2,3,4,1,9,5,5,1,3,2,3,2,1,,,,1,,,,,1,,,,,,,,1,,3,98,3,2,3,3,4,2,2,3,2,4,4,99,,4,4,1,1,,,,,1,,,1,1,,,6,1,,,,,,3,3,2,1,2,5,1,3,4,,4,1,Mobile,1,0.849,,0.823,5
296714,05/03/2025,1,1,,7,5,1,8,4,5,4,3,4,3,4,3,4,1,2,4,3,3,4,4,2,3,10,10,4,,,,,,2,2,2,0,4,10,3,10,10,6,1,97,2,4,5,,1,1,1,,,,,,,,1,1,1,,,,,,3,1,4,98,98,3,2,1,2,4,3,4,3,99,,4,4,1,3,,,,,,,,,,,1,9,,1,1,,,,4,3,3,98,2,5,1,2,2,1949,99,1,Mobile,1,1.134,,1.1,3
296715,05/03/2025,1,1,66,6,5,1,8,4,3,5,3,2,3,3,1,4,3,2,2,4,3,3,1,2,4,10,5,4,,,,,,1,1,2,3,5,5,6,5,7,6,1,30,4,4,4,1,1,,,,,,1,,,,,1,,1,,,,,1,4,4,1,1,3,4,2,1,2,4,4,4,1,5,4,4,1,3,,,1,,1,,,,,,,3,1,,,,,,4,4,3,4,3,1,1,3,4,,3,1,Mobile,1,1.549,,1.503,6
296716,05/03/2025,1,1,59,5,4,2,9,5,5,5,4,3,4,4,1,3,4,2,3,4,3,3,4,4,3,10,8,4,,,,,,2,2,2,1,3,5,0,10,2,98,2,97,3,5,4,1,1,,,1,,,,,,,1,1,1,,,,,,1,1,3,2,2,2,2,1,2,3,2,4,4,2,,4,3,1,98,,,,,,,,1,,,,6,,1,,,,,3,3,3,3,2,5,1,2,5,,4,1,Mobile,1,0.631,,0.612,2
296717,05/03/2025,1,1,,8,5,2,8,4,5,5,4,5,1,1,4,3,1,2,2,1,3,3,4,4,3,10,10,5,,,,,,3,3,2,0,2,7,2,5,3,6,1,8,3,5,3,1,,,,,,,,,,,,1,,,,,,,1,1,4,4,3,4,4,1,1,3,2,3,98,2,,4,3,1,2,1,,,,1,,1,,,,,0,1,,,,,,3,3,2,2,1,6,1,1,2,1968,1,1,Mobile,1,1.107,,1.074,2
296719,05/03/2025,1,1,,3,2,1,1,1,1,2,3,3,4,4,2,1,3,2,4,3,2,2,1,1,2,0,0,3,,,,,,2,3,1,10,10,5,10,2,7,0,4,94,6,1,4,,,,1,,,,,,,,,,,,,,1,,4,5,3,2,3,2,3,2,2,1,2,1,98,2,,4,4,98,2,,,,1,,1,,1,,,,10,1,,,,,,4,4,4,4,4,1,1,1,4,,1,1,PC,1,1.065,,1.033,2
296720,05/03/2025,1,1,,3,2,1,9,5,5,5,4,3,98,98,3,4,2,2,2,1,3,2,4,4,3,8,8,5,,,,,,1,3,2,3,5,5,5,5,5,5,1,99,2,4,4,1,1,,,,,,,1,,,1,1,,,,,,,6,1,2,1,1,3,3,1,2,2,1,2,1,1,5,2,4,1,2,1,,1,,,,,,,,,5,,1,,,,,3,3,2,2,1,5,1,4,4,,2,1,Mobile,1,0.712,,0.69,4
296722,05/03/2025,1,1,,5,4,1,3,1,4,4,2,1,3,4,1,2,4,2,4,3,3,3,1,3,1,10,5,1,,,,,,3,1,1,8,7,3,6,6,8,4,1,30,1,2,5,1,1,1,,1,1,1,1,1,,,,,,1,,,,,8,4,3,2,3,4,1,3,3,3,3,4,2,1,1,4,1,2,4,,,1,1,1,,,1,,,,6,1,,,,,,4,4,3,4,3,4,1,2,5,,1,1,Mobile,1,0.993,,0.963,2
296725,05/03/2025,1,1,44,4,3,2,8,4,5,4,4,2,3,4,3,4,1,2,4,1,3,1,3,4,4,6,9,1,,,,,,2,2,1,0,7,7,2,7,7,3,1,3,3,4,5,1,1,,,1,1,,1,1,,,,1,,,,,,,3,1,3,2,2,2,1,1,2,3,2,3,2,1,2,4,3,1,3,,,1,,1,,,1,1,,,6,,1,,,,,4,3,3,3,2,5,1,1,4,,5,1,Mobile,1,0.92,,0.892,3
296726,05/03/2025,1,1,,4,3,1,9,5,5,5,4,2,3,3,1,4,3,2,2,1,2,3,3,4,4,9,8,5,,,,,,1,2,1,2,5,9,4,8,5,4,1,8,8,6,5,1,1,1,,,,,1,,1,,1,1,1,,,,,,3,1,4,1,2,4,3,2,1,4,2,3,3,2,,2,3,1,3,1,,1,,1,,1,,1,,,1,,1,,,,,3,3,3,2,2,5,1,2,4,,5,1,Mobile,1,0.79,,0.767,5
296728,05/03/2025,1,1,,6,5,1,8,4,4,5,4,5,3,4,3,1,4,2,2,1,3,3,3,3,3,10,7,4,,,,,,2,1,1,3,4,6,2,8,7,4,2,3,3,5,5,1,1,,1,,,,,,,,,1,,,,,,,3,1,3,2,3,4,2,1,2,4,4,4,4,1,1,4,2,1,5,,,1,,,,,,,,,4,1,,,,,,98,3,2,98,2,5,1,3,5,,3,1,Mobile,1,1.221,,1.184,2
296730,05/03/2025,1,1,61,6,5,1,9,5,5,3,3,1,4,4,4,1,3,2,4,4,2,3,3,98,2,4,2,98,,,,,,2,1,2,9,9,1,5,7,8,1,1,1,94,1,4,,1,,,,,,,,,,,,,1,,,,,8,4,4,1,2,3,2,3,3,2,3,3,2,2,,4,4,98,4,,,,,1,,1,1,,,,3,1,,,,,,4,4,3,4,1,5,1,1,6,,3,1,PC,1,0.951,,0.922,5
296731,05/03/2025,1,1,,3,2,1,4,1,5,5,3,3,4,4,4,1,3,2,3,1,2,4,4,4,3,8,8,5,,,,,,1,1,2,4,10,10,8,10,10,8,1,3,2,3,2,1,1,,,1,,,,,,,1,1,,,,,,,3,3,4,2,3,3,3,1,1,2,3,4,3,2,,3,3,1,4,,1,1,,,1,,1,,,,8,1,,,,,,4,4,3,3,1,6,1,3,4,,2,1,PC,1,1.014,,0.984,4
296732,05/03/2025,1,1,,5,4,2,9,5,5,5,4,5,3,2,3,4,1,2,98,1,3,4,4,4,4,10,10,5,,,,,,3,2,2,0,2,9,0,10,8,8,1,8,2,6,2,1,,,,,,,,,,,,,,,,,1,,1,1,4,1,2,4,98,1,1,3,2,2,1,1,1,4,2,1,2,,,1,,,,,,,,,1,1,,,,,,98,98,98,98,2,6,1,2,5,,3,1,Mobile,1,0.631,,0.612,2
296733,05/03/2025,1,1,,1,1,2,8,4,1,5,2,3,98,3,4,1,2,2,4,4,3,2,2,2,2,3,0,1,,,,,,3,2,3,8,10,8,9,9,9,5,1,5,5,2,2,,,1,1,,,,1,,,,,,,1,,,,,7,4,4,2,3,2,1,3,3,3,3,3,3,2,,4,3,98,4,,,1,1,,,,1,1,,,5,1,,,,,,4,4,4,4,3,4,1,2,2,2008,3,1,PC,1,0.914,,0.887,1
296734,05/03/2025,1,1,,6,5,1,8,4,5,3,4,4,98,4,1,4,3,2,98,1,3,3,3,98,2,5,3,98,,,,,,3,98,3,98,5,5,5,6,6,5,2,97,99,4,2,,1,,,,,,,,,,1,,,,,,,,98,98,4,98,98,98,2,98,98,98,98,98,3,1,2,4,3,1,3,,,1,,,,,,,,,5,,1,,,,,4,4,4,4,2,5,1,4,5,,3,1,Mobile,1,1.134,,1.1,4
296735,05/03/2025,1,1,44,4,3,2,9,5,5,5,4,5,3,4,3,4,2,2,2,1,2,1,4,4,4,10,9,3,,,,,,2,1,1,2,8,6,3,9,8,2,1,7,2,3,5,1,1,1,1,1,1,,1,,,,1,1,1,,,,,,2,1,3,2,2,4,3,1,2,4,3,4,4,2,,4,4,1,3,1,,1,,1,,,1,,,,5,,1,,,,,3,3,2,3,2,5,1,1,3,1990,5,1,Mobile,1,0.771,,0.748,6
296736,05/03/2025,1,1,37,3,2,1,4,1,1,4,2,3,4,4,4,1,3,2,4,4,3,3,2,1,1,0,0,1,,,,,,1,3,2,5,7,3,10,5,5,98,2,5,99,4,5,1,,1,,,,,,,,,,,,,,,1,,6,5,3,1,2,3,2,2,3,1,1,2,1,1,5,99,3,2,3,,,,,,,,1,,,,9,1,,,,,,4,4,3,3,4,1,1,2,4,,4,1,PC,1,1.065,,1.033,1
296737,05/03/2025,1,1,,5,4,2,6,3,5,5,4,5,4,4,2,4,1,2,4,3,3,4,4,4,1,6,10,3,,,,,,2,3,1,5,10,0,4,9,4,0,3,97,1,1,5,,1,,,,1,,,,,,,1,,1,,,,,8,3,98,2,2,98,1,3,2,1,2,2,1,2,,4,4,2,4,,,,,1,,,,,,,10,1,,,,,,3,2,98,98,3,5,1,1,2,1996,5,1,Mobile,1,0.561,,0.544,4
296738,05/03/2025,1,1,23,2,1,2,5,2,1,5,3,3,3,4,4,3,1,2,3,3,3,2,1,1,2,6,5,1,,,,,,3,1,3,5,5,3,10,2,3,0,1,6,6,4,2,,,,1,,,,,,,,,,,,,,1,,3,3,3,2,3,1,1,2,2,2,2,2,2,2,,4,4,1,3,,,1,,,,,,,,,7,1,,,,,,3,4,3,3,4,4,1,1,4,,1,1,PC,1,1.144,,1.11,7
296740,05/03/2025,1,1,,3,2,1,3,1,2,5,3,5,3,3,1,3,4,2,3,4,4,3,1,2,2,10,5,1,,,,,,2,1,2,10,10,8,9,9,4,5,1,1,1,3,5,1,1,1,1,,,,,,,,,,,,,,,1,3,4,2,4,4,4,2,2,2,1,1,1,1,2,,4,4,1,2,,,1,1,,1,1,1,,,,3,1,,,,,,3,2,1,1,3,2,1,1,4,,1,1,PC,1,1.367,,1.326,6
296741,05/03/2025,1,1,,4,3,2,6,3,1,3,3,5,4,4,2,1,4,2,4,4,4,2,1,2,1,9,0,1,,,,,,3,3,1,10,10,1,10,5,10,0,1,9,5,1,5,,,1,,,,,,,,,,,,,,,1,,1,4,2,3,4,2,2,2,2,1,1,2,1,2,,4,4,1,3,,,,,,,,,1,,,9,1,,,,,,3,3,2,3,4,1,1,2,5,,1,1,PC,1,0.72,,0.699,5
296743,05/03/2025,1,1,36,3,2,2,8,4,5,5,4,5,3,2,3,4,2,2,2,1,4,4,4,4,4,10,10,3,,,,,,3,2,4,0,0,10,0,10,0,5,1,2,2,7,3,1,,,,,,,,,,,,1,,,,,,,1,1,3,1,1,4,4,1,1,4,2,2,4,1,2,4,3,1,2,,,1,1,,,,1,1,,,5,,1,1,,,,4,2,2,2,1,6,1,1,6,,3,1,PC,1,0.828,,0.804,6
296744,05/03/2025,1,1,,7,5,2,9,5,3,4,3,3,3,4,1,3,4,2,4,4,3,3,3,3,4,10,4,3,,,,,,1,2,1,2,4,5,2,8,7,5,1,2,2,4,5,1,1,1,1,1,,,,,,,,1,1,,,,,,3,1,4,1,1,3,3,1,2,4,3,4,3,1,5,4,4,1,4,,,1,,,,1,,,,,0,,1,1,,,,4,3,3,3,2,5,1,1,6,,2,1,PC,1,1.268,,1.23,6
296745,05/03/2025,1,1,,6,5,2,4,1,5,5,5,2,4,4,3,4,1,2,4,4,3,2,3,4,3,10,7,4,,,,,,1,2,1,0,3,6,1,10,2,6,1,97,3,4,5,1,,,,,,,,,1,,,,,,,,1,,1,1,3,1,1,4,3,1,2,3,1,3,2,2,,4,2,1,3,,,1,,1,,1,,1,,,3,,1,1,,,,4,4,2,3,2,5,1,4,5,,5,1,Mobile,1,1.322,,1.283,3
296746,05/03/2025,1,1,26,2,1,2,8,4,5,3,2,4,3,3,3,4,1,2,4,3,2,2,3,3,3,9,6,2,,,,,,3,1,2,1,8,8,3,10,10,5,1,3,3,5,4,1,1,,,,,,,,,,,1,,,,,,,3,1,4,1,1,3,2,1,1,3,3,4,3,1,2,3,4,1,4,1,,,,1,,,1,1,,,5,,1,,,,,4,4,3,3,1,5,1,1,4,,1,1,Mobile,1,0.871,,0.845,5
296747,05/03/2025,1,1,,7,5,2,6,3,5,4,3,3,3,3,3,4,1,2,2,1,3,3,3,4,4,9,10,4,,,,,,3,1,1,3,2,7,3,8,5,5,1,3,9,5,5,,1,,,,,,,,,,1,1,,,,,,,2,2,3,3,3,3,98,1,2,3,2,3,3,1,3,4,99,1,4,,,1,,1,,1,,,,,2,,1,,,,,4,3,98,3,2,6,1,4,6,,99,1,Mobile,1,0.825,,0.8,2
296748,05/03/2025,1,1,71,7,5,2,9,5,5,98,3,98,3,2,1,3,4,2,2,1,2,3,3,3,3,10,8,5,,,,,,1,1,1,5,8,6,5,8,7,5,1,97,99,3,4,1,1,1,1,,,,,,,,1,1,1,,,,,,5,3,4,2,2,4,2,2,2,3,3,3,2,2,,4,4,1,4,,,1,,1,,1,1,1,,,2,,1,,,,,4,4,3,3,2,6,1,1,6,,99,1,PC,1,0.928,,0.9,5
296749,05/03/2025,1,1,,6,5,1,3,1,4,5,4,4,4,4,1,2,3,2,4,1,4,3,1,3,1,10,6,2,,,,,,3,3,2,8,8,5,6,9,8,4,2,1,1,1,5,1,,,,,,,,,,,1,,,1,,,,,8,5,3,3,3,4,3,2,1,1,2,3,2,2,,4,2,1,3,,,,1,,,,,,,,6,1,,,,,,3,3,3,3,2,5,1,3,5,,3,1,Mobile,1,1.459,,1.415,1
296751,05/03/2025,1,1,48,4,3,2,6,3,5,5,5,3,3,4,2,1,4,2,3,4,2,4,3,3,2,10,5,1,,,,,,3,2,2,3,8,1,1,9,6,3,1,99,99,2,5,,,,,,,,,1,,,1,1,,,,,,,3,3,3,3,3,3,1,2,2,2,3,3,2,2,,4,2,1,3,,,,,,,,1,,,,5,1,,,,,,3,3,3,3,2,6,1,1,3,1990,4,1,PC,1,0.686,,0.665,5
296752,05/03/2025,1,1,,5,4,2,6,3,5,4,4,1,3,2,4,3,2,2,2,1,2,3,3,4,98,8,9,3,,,,,,3,2,3,5,98,98,7,9,98,4,1,7,2,98,4,1,1,,,,,,,,,,1,1,1,,,,,,4,3,3,3,3,2,2,2,2,2,3,3,3,2,,4,3,1,4,,,1,,,,,,1,,,4,1,,,,,,3,3,3,3,2,5,1,1,3,1997,2,1,Mobile,1,0.561,,0.544,2
296753,05/03/2025,1,1,,5,4,1,9,5,5,4,2,3,3,4,1,4,3,2,3,3,2,3,3,4,2,7,3,1,,,,,,2,1,2,3,7,7,7,10,10,7,1,2,99,3,2,,1,,,,,,,,,,1,,1,,,,,,7,1,4,2,2,3,98,2,2,3,2,4,3,1,4,4,4,1,2,,,1,,,,,1,1,,,8,,1,,,,,4,4,3,4,2,5,1,4,5,,5,1,Mobile,1,0.647,,0.628,4
296755,05/03/2025,1,1,,7,5,1,9,5,5,5,3,2,4,4,1,3,4,2,2,1,2,2,4,3,3,10,10,4,,,,,,3,2,3,0,3,3,3,7,3,7,1,3,3,4,4,,1,,,,,,,,,,,1,,,,,,,3,2,3,3,2,3,2,1,3,3,1,3,2,2,,4,4,1,5,,,1,,1,,,1,,,,2,1,,,,,,3,3,2,3,2,5,1,3,1,1976,3,1,Mobile,1,0.951,,0.922,4
296756,05/03/2025,1,1,,4,3,1,9,5,3,4,4,4,2,4,1,2,4,2,4,3,2,1,2,1,3,8,5,3,,,,,,3,3,2,5,6,6,3,6,5,3,3,13,6,5,3,,,1,1,1,,,,,,,,1,,,,,,,5,3,3,3,3,3,3,2,2,2,3,3,3,2,,4,4,1,4,,,,,1,,,,,,,7,,1,1,1,,,3,3,3,3,2,3,1,2,6,,4,1,Mobile,1,1.08,,1.047,4
296757,05/03/2025,1,1,,5,4,1,9,5,5,5,4,1,3,4,1,3,4,2,3,3,2,3,3,3,3,10,5,3,,,,,,3,1,3,2,5,7,5,10,10,6,1,3,3,5,5,1,1,1,,,,,,,,,,1,,,,,,,2,3,3,1,2,2,1,2,1,3,2,4,3,1,3,4,4,1,4,,,1,,1,,,1,1,,,8,,1,,,,,3,3,3,3,1,5,1,1,4,,5,1,Mobile,1,0.647,,0.628,7
296759,05/03/2025,1,1,37,3,2,1,5,2,5,5,4,3,4,4,1,3,4,2,4,4,3,4,3,3,3,10,6,2,,,,,,2,4,2,5,10,4,1,10,5,3,1,1,1,1,4,1,1,1,,,,,,,,,,,1,,,,,,4,3,3,1,3,4,3,2,3,2,4,4,3,1,4,4,3,1,3,,,1,1,1,1,,1,,,,8,1,,,,,,3,2,2,3,2,4,1,1,4,,1,1,PC,1,1.062,,1.03,4
296760,05/03/2025,1,1,36,3,2,1,2,1,1,3,3,2,4,4,1,3,4,2,4,3,2,2,1,1,1,0,5,2,,,,,,1,2,1,5,7,4,8,8,5,2,1,6,6,3,5,1,,,,,,,1,,,,,1,,1,,,,,4,5,2,1,2,3,1,2,2,1,1,1,1,1,1,4,3,2,4,,,,1,,,,1,,,,10,1,,,,,,3,3,2,3,4,1,1,1,6,,4,1,Mobile,1,1.065,,1.033,6
296761,05/03/2025,1,1,,2,1,2,8,4,5,5,4,4,4,4,1,3,4,2,4,2,2,3,3,3,2,5,6,1,,,,,,3,3,3,4,5,5,3,9,7,5,4,7,3,4,2,,1,,,,1,,,,,,,1,,,,,,,2,4,3,2,2,3,1,1,2,3,2,3,4,1,2,4,4,1,3,,,1,,,,,,,,,7,1,,,,,,3,3,3,3,2,6,1,1,4,,2,1,Mobile,1,0.871,,0.845,5
296762,06/03/2025,1,1,,4,3,1,4,1,4,3,3,1,4,4,1,4,2,2,4,3,2,4,1,4,1,0,0,1,,,,,,1,3,1,10,10,2,10,10,10,0,1,1,2,1,5,1,1,1,,1,1,,1,,,,,,,1,,,,,10,5,4,4,4,4,1,4,2,1,3,4,1,1,2,4,4,98,5,,,,,,,,1,,,,10,1,,,,,,4,4,2,3,2,4,1,3,4,,5,1,Mobile,1,1.213,,1.176,6
296763,06/03/2025,1,1,69,6,5,1,8,4,5,4,3,3,2,1,4,3,1,2,2,1,3,2,4,4,3,10,9,5,,,,,,2,1,1,1,3,6,4,7,4,5,1,8,9,5,5,,1,1,,,,,,,,,1,1,1,,,,,,4,1,4,1,1,3,3,2,2,3,2,3,2,1,5,4,3,1,3,,,1,,,,,,,,,1,1,,,,,,3,3,3,3,2,5,1,1,2,1976,1,1,Mobile,1,1.134,,1.1,6
296764,06/03/2025,1,1,,4,3,1,4,1,5,5,4,2,3,4,3,4,2,2,3,1,2,1,4,3,3,5,10,5,,,,,,2,1,1,2,7,5,1,9,7,3,1,7,7,4,4,1,,,,1,,1,1,,,,,,,,,,1,,2,2,3,3,2,3,2,1,2,3,2,3,2,1,4,4,3,1,3,,,1,,1,,,1,,,,8,,,1,,,,3,3,3,3,2,5,1,1,4,,4,1,Mobile,1,1.126,,1.092,4
296765,06/03/2025,1,1,,4,3,2,9,5,5,5,4,5,3,2,4,3,1,2,3,1,4,3,4,4,3,10,10,5,,,,,,3,2,2,0,4,5,2,9,9,7,1,3,3,5,4,1,,,,,,,,,,,,1,,,,,,,2,1,4,2,1,4,3,1,1,3,2,4,4,2,,4,3,1,3,,,1,,,,,,,,,10,1,,,,,,4,3,3,2,2,5,1,3,5,,5,1,Mobile,1,0.771,,0.748,1
296766,06/03/2025,1,1,,8,5,1,8,4,5,4,3,5,3,4,4,3,1,2,3,4,2,3,2,3,3,10,7,5,,,,,,2,1,3,4,5,5,0,5,5,5,1,3,3,4,4,1,1,,1,,,,,,,,1,1,1,,,,,,1,2,4,1,1,4,3,1,2,3,2,3,4,2,,4,3,1,3,,,1,,1,,1,,,,,7,1,,,,,,3,3,3,3,2,4,1,4,1,1949,2,1,PC,1,1.134,,1.1,4
296767,06/03/2025,1,1,,5,4,2,4,1,3,5,5,5,4,4,1,4,3,2,4,4,3,3,1,3,1,7,4,3,,,,,,1,2,2,3,10,5,7,7,7,3,2,97,4,1,4,1,1,,,,,,,,,,,1,,1,,,,,6,2,3,2,3,3,1,2,2,2,3,3,2,2,,4,4,1,4,,,1,,1,,,1,,,,10,1,,,,,,4,3,3,3,3,5,1,4,5,,5,1,PC,1,1.229,,1.192,4
296768,06/03/2025,1,1,31,2,1,1,7,3,3,2,2,2,4,4,1,2,4,2,4,3,3,3,2,2,1,3,1,2,,,,,,2,2,2,6,7,5,6,6,7,3,2,97,4,3,4,1,,,,,,,,1,,,,,,1,,,,,6,4,2,2,2,3,3,2,1,1,2,3,2,1,5,3,2,1,4,,,,,,,,1,,,,8,1,,,,,,4,4,3,3,3,1,1,3,4,,3,1,Mobile,1,0.908,,0.881,1
296771,06/03/2025,1,1,,3,2,1,4,1,4,4,4,5,4,4,1,2,3,2,4,3,3,3,1,2,2,10,10,2,,,,,,3,2,3,8,10,7,8,8,9,5,3,9,2,4,2,1,,,,,,,,,,,,1,,,,,,,5,5,3,3,3,3,3,2,2,1,2,3,1,2,,4,4,1,3,,,,1,,,,,,,,6,1,,,,,,4,4,3,2,2,5,1,2,5,,1,1,Mobile,1,1.092,,1.059,4
296772,06/03/2025,1,1,34,3,2,2,5,2,4,5,5,3,4,3,4,2,1,2,4,4,3,3,2,3,3,10,0,3,,,,,,2,3,2,1,5,3,6,7,7,2,3,97,3,3,4,1,,,,,,,,,,,,,1,,,,,,2,2,3,4,2,3,2,1,1,3,2,3,4,1,1,4,2,1,2,,,1,,,,,1,,,,10,1,,,,,,3,3,3,2,3,4,1,4,3,1997,2,1,Mobile,1,1.116,,1.082,4
296773,06/03/2025,1,1,,6,5,2,9,5,4,5,4,2,4,4,2,1,3,2,4,3,2,2,1,2,2,0,1,1,,,,,,1,1,1,8,8,2,9,8,10,2,1,98,30,1,5,1,1,1,,,,,,,,,1,,,,,,,,9,4,3,1,1,2,1,3,2,1,2,2,1,1,3,4,3,2,3,,,1,1,1,1,1,1,1,,,7,,,,,1,,3,3,2,3,2,6,1,1,3,1973,5,1,Mobile,1,0.999,,0.969,3
296774,06/03/2025,1,1,,6,5,1,4,1,4,4,4,2,4,4,1,2,4,2,4,3,98,4,3,2,1,1,2,1,,,,,,2,1,2,10,10,0,3,7,10,0,1,1,4,2,3,,1,,,,,,,,,,1,,1,1,,,,,5,5,2,3,3,2,1,3,3,1,3,3,2,1,4,4,4,1,3,,,,,,,,1,,,,10,1,,,,,,4,4,4,4,3,4,1,3,4,,2,1,Mobile,1,1.459,,1.415,1
296776,06/03/2025,1,1,29,2,1,1,8,4,2,5,3,1,4,4,4,1,3,2,4,4,1,1,3,3,1,2,2,1,,,,,,1,1,2,5,8,8,6,8,8,4,1,98,4,2,5,,,,,,,,,1,1,,,,,,,,1,,3,4,4,1,98,4,4,1,1,1,2,2,2,1,5,3,4,1,2,,,,1,1,1,,1,1,,,5,1,,,,,,4,3,3,4,4,1,1,2,5,,3,1,Mobile,1,1.203,,1.167,1
296778,06/03/2025,1,1,,6,5,2,6,3,4,4,5,4,4,3,1,2,3,2,4,1,2,3,3,4,2,7,5,1,,,,,,3,2,2,8,7,2,2,9,7,2,2,1,1,4,3,1,,,,1,,,,,,,,,,,,,1,,4,4,3,3,3,4,2,3,2,2,3,3,2,2,,4,4,1,3,,,,,1,,,,,,,7,1,,,,,,3,3,3,2,2,5,1,1,2,2001,2,1,Mobile,1,0.888,,0.862,4
296779,06/03/2025,1,1,,2,1,1,5,2,5,3,3,4,3,4,1,2,3,2,4,3,2,2,3,3,2,5,4,1,,,,,,2,2,2,5,8,3,4,8,7,2,2,98,1,2,5,1,1,,1,,,,1,1,,,,1,,1,,,,,4,4,3,1,2,3,2,2,2,1,2,4,1,1,5,4,3,2,3,,,,1,1,1,,1,1,,,10,1,,,,,,4,4,3,3,1,5,1,1,7,,3,1,Mobile,1,1.116,,1.083,4
296782,06/03/2025,1,1,23,2,1,1,5,2,5,5,3,5,3,4,1,3,4,2,3,3,1,3,2,3,98,8,8,2,,,,,,3,2,1,3,9,4,3,7,5,2,1,7,7,2,4,1,1,,,,1,,,,,,,1,1,,,,,,5,2,3,1,2,98,4,2,2,3,2,3,2,1,99,4,3,1,2,,,1,1,1,,,1,,,,1,,,,,,1,3,3,3,3,1,6,1,1,2,2015,2,1,Mobile,1,1.116,,1.083,3
296783,06/03/2025,1,1,,6,5,2,7,3,5,3,2,2,3,4,1,3,4,2,4,4,2,3,1,3,1,4,4,1,,,,,,2,2,3,10,9,5,5,10,10,6,1,1,1,1,3,,1,,,1,1,,1,,,,1,,,1,,,,,10,5,4,1,1,4,2,3,3,1,2,3,2,1,1,4,4,2,4,,,1,,1,,,,,,,5,,1,,,1,,4,4,2,4,2,6,1,3,5,,3,1,Mobile,1,0.825,,0.8,4
296786,06/03/2025,1,1,34,3,2,1,8,4,5,5,4,3,3,4,1,3,4,2,2,4,3,3,4,4,3,10,8,5,,,,,,1,1,1,2,8,9,3,10,8,5,1,3,3,5,5,1,1,1,,,,,,1,,,1,1,1,,,,,,3,2,4,1,2,4,4,1,2,4,2,4,2,1,4,4,3,1,4,1,,1,,1,,1,,,,,1,,1,,,,,4,4,3,3,2,5,1,4,4,,5,1,PC,1,0.849,,0.823,4
296787,06/03/2025,1,1,,4,3,1,2,1,1,3,2,2,98,4,3,1,4,2,98,3,3,3,1,1,1,4,0,3,,,,,,3,2,3,10,7,2,10,4,5,5,1,5,5,3,3,,,1,1,,,,,,,,,,,,,,1,,5,4,3,2,2,2,2,2,2,1,2,2,98,2,,4,4,1,4,,,1,,,,,,,,,7,1,,,,,,4,4,4,4,4,1,1,2,6,,3,1,PC,1,1.183,,1.147,2
296789,06/03/2025,1,1,,6,5,1,3,1,5,5,4,2,3,3,1,3,4,2,3,3,3,3,4,3,3,10,9,2,,,,,,2,1,1,1,8,5,5,5,5,5,1,30,2,3,1,,,,,,,,,,,,,,,,,,,,1,1,4,4,3,4,4,1,2,3,2,4,2,2,,4,2,1,4,,,,,,,,,,,1,2,1,,,,,,4,4,3,3,2,6,1,3,4,,4,1,Mobile,1,1.355,,1.314,1
296790,06/03/2025,1,1,,2,1,1,2,1,1,4,3,3,4,4,4,1,2,2,3,4,3,3,1,1,2,5,0,2,,,,,,2,3,1,7,6,2,7,8,8,3,4,30,5,3,5,1,,,,,,,1,1,,,,,,1,,,,,4,4,3,1,1,2,4,2,1,1,2,2,1,2,,4,3,2,2,,,,,,,,1,,,,10,1,,,,,,4,4,4,3,3,1,1,3,4,,4,1,Mobile,1,1.119,,1.086,3
296795,06/03/2025,1,1,,2,1,2,5,2,3,4,3,3,4,4,2,3,1,2,4,3,2,98,98,3,2,5,5,2,,,,,,3,3,3,4,6,1,1,5,6,0,2,98,4,3,2,,1,,,,,,1,,,,,1,,1,,,,,7,3,3,2,3,3,98,2,2,2,3,3,2,1,99,4,3,98,2,,,,1,1,1,,1,1,,,7,1,,,,,,3,3,3,3,3,5,1,3,6,,99,1,Mobile,1,1.488,,1.443,7
296798,06/03/2025,1,1,,3,2,2,8,4,2,3,2,2,4,4,2,1,4,2,4,4,3,3,2,1,1,3,0,1,,,,,,98,1,2,8,9,2,9,8,10,0,1,1,4,2,4,1,,1,,,,,1,,,,,,,,,,1,,7,4,3,3,2,2,1,3,98,1,98,3,98,99,,4,2,1,4,,,,1,1,1,,1,,,,5,1,,,,,,3,4,3,4,4,4,1,3,4,,2,1,Mobile,1,1.117,,1.084,6
296799,06/03/2025,1,1,,7,5,1,8,4,5,5,3,5,2,1,4,3,1,2,2,1,4,4,3,4,3,10,10,5,,,,,,2,1,1,0,5,10,5,10,5,8,1,8,9,7,5,1,1,1,1,,,,,,,,1,1,,1,,,,,1,1,4,1,98,4,4,1,2,3,1,3,2,2,,4,3,1,3,,,1,,,,1,,,,,1,,1,1,1,,,4,2,3,3,2,4,1,1,6,,2,1,Mobile,1,1.134,,1.1,3
296800,06/03/2025,1,1,,2,1,2,4,1,1,3,4,3,4,4,1,2,3,2,4,1,4,3,1,4,3,4,0,1,,,,,,4,2,3,8,9,0,10,4,2,0,1,6,6,1,3,,,,1,,,,,,,,,,,,,,1,,5,3,98,98,98,2,2,2,2,2,2,2,2,2,,4,4,1,3,,,,,,,,1,,,,10,1,,,,,,4,3,4,4,4,6,1,2,6,,1,1,PC,1,1.092,,1.06,5
296801,06/03/2025,1,1,44,4,3,2,8,4,5,5,4,5,3,3,1,4,2,2,2,1,3,2,3,3,3,10,5,4,,,,,,1,4,4,0,5,4,3,6,2,2,4,96,94,98,2,1,,,,,,,,,,,,,,,,,1,,1,3,1,1,1,3,3,1,1,1,1,2,1,1,2,4,3,1,1,,,,,,,,,,,1,5,1,,,,,,2,2,2,3,1,6,1,1,6,,3,1,PC,1,0.92,,0.892,5
296802,06/03/2025,1,1,,6,5,1,4,1,5,3,2,1,2,4,3,4,1,2,1,1,2,1,4,4,4,10,9,5,,,,,,1,1,2,2,3,10,3,9,7,5,1,2,2,6,4,1,1,1,,,,1,1,,,,,1,,,,,,,1,1,3,4,4,4,4,1,2,4,2,4,4,1,5,4,4,1,4,,,1,,,,,,,,,1,,1,1,,,,4,4,4,4,2,5,1,1,6,,2,1,Mobile,1,1.355,,1.314,4
296805,06/03/2025,1,1,38,3,2,1,8,4,4,3,3,1,4,4,4,2,3,2,4,3,4,4,2,4,2,7,6,1,,,,,,2,2,1,7,7,2,5,6,5,0,2,97,1,2,5,1,1,,1,1,,,,,,,1,1,1,1,,,,,5,4,3,2,3,2,2,2,2,1,3,4,3,1,5,4,3,2,5,,,,,,,,1,,,,5,1,,,,,,4,4,4,4,2,4,1,2,5,,5,1,Mobile,1,0.914,,0.886,4
296807,06/03/2025,1,1,,4,3,1,6,3,3,5,2,5,4,4,1,3,2,2,4,3,4,3,1,2,1,1,4,1,,,,,,2,2,1,5,9,0,5,6,9,0,2,9,1,1,5,,,,,,,1,1,1,,,1,,,1,,,,,3,5,3,3,4,2,2,2,2,1,1,1,1,1,1,4,3,2,2,,,,1,,,,,,,,8,1,,,,,,3,2,2,3,3,4,1,1,4,,4,1,Mobile,1,0.96,,0.931,4
296808,06/03/2025,1,1,,2,1,1,7,3,2,4,4,1,4,4,1,4,3,2,4,4,1,1,3,4,3,3,5,2,,,,,,2,3,1,5,5,5,10,10,10,10,1,30,10,3,3,,,,,,,,,1,,,,,,,,,1,,1,5,4,1,1,4,4,2,2,1,2,2,1,1,2,3,4,98,4,,,1,1,1,1,,1,1,,,1,,,1,,,,3,3,98,3,3,1,1,1,6,,4,1,Mobile,1,0.897,,0.87,5
296811,06/03/2025,1,1,30,3,2,2,9,5,4,3,2,2,4,4,1,2,3,2,4,3,3,2,1,2,3,10,4,1,,,,,,3,1,3,8,10,1,9,7,10,1,1,1,5,2,3,1,1,,,,1,1,,,,,,1,1,,,,,,6,2,3,3,3,4,2,3,2,3,3,4,4,1,5,4,4,1,4,,,,1,1,,,,1,,,9,1,,,,,,4,4,4,4,2,4,1,3,4,,3,1,Mobile,1,0.748,,0.725,6
296813,06/03/2025,1,1,,2,1,1,3,1,4,5,2,2,4,4,1,3,4,2,4,3,3,3,2,3,2,3,5,1,,,,,,3,3,2,8,8,2,3,6,5,2,2,1,1,1,3,1,,,,1,,,,,,,1,,,1,,,,,4,4,2,2,3,3,2,2,2,2,1,2,98,2,,3,3,1,4,,,,,,1,,,,,,10,1,,,,,,3,2,3,2,2,5,1,3,4,,1,1,Mobile,1,1.147,,1.113,2
296816,06/03/2025,1,1,38,3,2,2,5,2,5,5,4,3,1,4,3,4,1,2,2,1,3,3,4,4,4,10,8,3,,,,,,3,1,2,0,5,5,4,10,10,4,1,3,3,4,3,1,1,,,,,,,,,,,1,1,,,,,,3,1,2,2,2,3,3,1,1,3,2,3,3,1,5,4,2,1,3,,,1,,,,,,,,,7,1,,,,,,3,3,3,3,2,6,1,1,6,,3,1,Mobile,1,1.036,,1.005,3
296819,06/03/2025,1,1,,5,4,1,9,5,5,5,5,5,1,1,4,3,1,2,1,1,3,3,2,3,4,8,8,5,,,,,,2,2,1,1,5,9,2,9,4,5,1,8,9,6,5,1,1,,,,,,1,,,,1,1,1,,,,,1,1,1,4,1,2,4,3,1,1,3,2,3,2,2,,4,4,1,2,1,,1,,1,,,,,,,3,1,,,,,,3,3,2,2,2,6,1,1,6,,2,1,PC,1,0.647,,0.628,5
296821,06/03/2025,1,1,,2,1,1,7,3,5,3,2,3,4,4,4,1,3,2,4,4,1,3,1,3,1,7,5,1,,,,,,4,1,2,8,6,3,1,8,10,2,1,96,1,4,4,1,1,,,1,1,,,1,,,1,1,1,1,,,,,5,5,4,4,1,4,3,3,1,1,4,3,2,1,2,2,3,1,3,,,,,,,,1,,,,6,1,,,,,,4,4,4,4,2,6,1,2,4,,1,1,Mobile,1,0.665,,0.645,6
296822,06/03/2025,1,1,,2,1,2,5,2,3,4,5,4,3,4,1,4,3,2,3,3,2,2,2,3,3,9,5,2,,,,,,3,2,3,4,7,3,3,7,7,2,1,10,1,3,4,1,1,,,1,1,1,,,,,,1,,,,,,,3,2,3,2,3,3,98,2,2,3,2,4,2,2,,4,4,1,3,,,1,,,,,1,,,,6,1,,,,,,3,2,2,1,3,4,1,3,5,,2,1,Mobile,1,1.488,,1.443,4
296823,06/03/2025,1,1,,4,3,1,9,5,5,5,3,5,2,3,1,3,4,2,3,4,2,3,3,3,3,8,5,3,,,,,,2,2,2,3,5,5,5,5,5,4,1,3,3,5,4,1,1,1,,,,,,,,,,1,,,,,,,3,2,3,1,2,3,3,1,2,3,2,3,3,1,5,4,3,1,4,,,1,,1,,,1,,,,2,,1,,,,,4,4,3,3,2,4,1,1,4,,3,1,PC,1,0.79,,0.767,5
296827,06/03/2025,1,1,,2,1,2,5,2,1,5,4,3,4,4,2,1,3,2,4,4,1,3,1,1,3,10,5,1,,,,,,4,1,3,10,10,0,10,10,10,0,4,9,5,1,2,1,,,,,,,,,,,,,,,,,1,,4,1,98,4,4,98,98,1,1,1,2,4,1,1,1,4,2,1,2,,,,1,1,1,,,,,,10,1,,,,,,4,4,4,4,4,6,1,2,4,,5,1,Mobile,1,1.144,,1.11,3
296829,06/03/2025,1,1,,4,3,2,4,1,4,4,4,4,4,4,1,2,3,2,4,3,3,3,2,3,2,0,5,1,,,,,,1,3,2,8,6,5,7,9,8,4,1,1,1,3,5,,1,,,,,,,1,,,,1,,1,,,,,10,3,4,4,3,3,1,3,3,1,2,3,3,1,2,4,3,1,4,,,1,,,,,,,,,7,1,,,,,,4,4,4,3,2,4,1,2,5,,5,1,Mobile,1,1.183,,1.148,5
296837,06/03/2025,1,1,25,2,1,2,8,4,4,5,4,4,4,4,1,3,2,2,4,3,2,2,2,3,3,8,7,1,,,,,,2,3,2,4,8,1,3,9,8,1,1,3,2,2,4,1,1,,,,,,,1,,,,1,,,,,,,8,3,3,2,3,3,1,2,2,2,2,3,3,1,5,4,3,1,2,,,1,,1,,,,,,,10,1,,,,,,2,2,2,1,2,6,1,1,4,,2,1,Mobile,1,0.937,,0.909,3
296838,06/03/2025,1,1,,4,3,1,6,3,4,4,3,3,4,4,1,4,2,2,4,4,98,2,3,1,2,1,5,1,,,,,,2,2,2,10,8,1,5,7,8,3,1,1,1,1,5,,,1,,,1,,,,,,,,,,,,,1,5,5,1,1,1,4,2,3,1,1,3,3,2,2,,4,2,98,4,,,1,,,,,1,,,,1,1,,,,,,4,4,2,2,2,4,1,3,4,,4,1,Mobile,1,0.756,,0.734,6
296839,06/03/2025,1,1,27,2,1,1,7,3,2,5,4,5,4,4,1,3,2,2,4,3,2,2,3,3,2,10,5,1,,,,,,3,3,1,2,8,1,0,6,9,1,2,97,1,3,5,,,,,,,,,1,,,,1,1,,,,,,4,2,4,2,3,2,3,1,1,2,2,3,2,1,1,2,2,1,3,,,,1,1,1,,1,,,,6,1,,,,,,98,98,98,3,3,3,1,4,4,,3,1,Mobile,1,0.897,,0.87,5
296848,06/03/2025,1,1,,6,5,2,5,2,2,4,3,4,4,4,2,1,4,2,4,3,3,2,1,2,2,8,1,1,,,,,,2,2,2,10,10,2,4,8,10,0,1,1,4,1,4,,1,,,,,,,,,,,1,,1,,,,,8,5,3,2,4,2,1,3,2,2,3,4,3,1,3,4,3,1,4,,,,,1,1,,,,,,10,1,,,,,,4,3,4,2,3,4,1,2,4,,3,1,Mobile,1,1.868,,1.812,1
296849,06/03/2025,1,1,31,3,2,1,5,2,4,5,2,3,4,4,3,1,4,2,3,3,1,2,2,4,4,10,3,5,,,,,,1,1,1,0,6,5,2,6,7,2,1,30,7,2,4,1,,1,,1,,,,1,,,,1,,,,,,,1,1,4,1,1,3,2,1,1,2,2,3,3,1,5,4,4,1,1,1,,1,,1,,,1,,,,8,,1,1,,,,4,3,2,2,2,5,1,3,3,1995,5,1,PC,1,1.143,,1.109,5
296851,06/03/2025,1,1,,7,5,1,6,3,5,5,4,5,3,1,4,3,1,2,3,3,2,2,3,3,3,8,7,3,,,,,,2,2,1,2,3,8,3,9,5,4,1,3,3,5,3,1,1,,,1,,,,,,,1,1,1,,,,,,6,1,3,2,2,3,2,1,2,4,2,3,2,2,,4,4,1,3,,,1,,1,,1,,,,,5,1,,,,,,4,3,3,3,2,5,1,1,7,,4,1,Mobile,1,0.845,,0.82,4
296854,06/03/2025,1,1,,2,1,1,5,2,4,5,3,3,4,4,4,1,2,2,3,4,98,3,3,3,2,6,4,2,,,,,,2,2,3,4,4,3,2,7,5,2,1,97,3,3,1,,,,,,,,,,,,,,,,,,,,3,3,98,3,98,2,1,2,1,4,2,4,4,1,2,4,3,1,3,,,1,1,,,,1,1,,,1,1,,,,,,4,3,98,4,2,6,1,1,4,,3,1,Mobile,1,1.202,,1.166,2
296861,06/03/2025,1,1,,6,5,1,8,4,2,3,3,4,4,4,1,4,2,2,3,4,3,3,2,2,1,6,5,3,,,,,,2,2,1,8,6,4,5,5,10,4,1,97,4,2,5,,1,,,,,,,,,,1,,,,,,,,4,4,4,1,3,3,2,3,2,2,2,4,3,2,,4,2,1,5,,,1,,1,,1,,,,,5,1,,,,,,4,4,3,3,3,1,1,3,5,,3,1,Mobile,1,1.529,,1.484,4
296869,06/03/2025,1,1,,4,3,1,9,5,2,2,1,4,2,3,4,3,1,2,3,1,3,3,3,3,2,10,9,3,,,,,,1,2,3,5,6,7,4,10,10,8,1,8,2,6,4,1,,,,,,,,1,,,,,,,,,1,,6,3,4,2,3,4,3,2,1,1,2,3,2,1,3,4,3,1,4,,,1,,,,,,,,,0,1,,,,,,4,4,4,4,3,2,1,1,5,,5,1,Mobile,1,1.066,,1.034,1
296871,06/03/2025,1,1,55,5,4,1,8,4,5,5,4,4,4,4,3,4,1,2,2,1,2,4,4,4,4,5,8,4,,,,,,2,1,2,2,3,6,1,9,2,3,1,8,3,4,3,1,1,1,,,,,,1,,,1,1,1,,,,,,4,2,4,1,1,4,4,1,1,4,2,3,4,2,,4,4,1,1,,,1,,1,,1,,,,,2,,1,1,,,,4,3,3,3,1,6,1,1,2,1995,5,1,Mobile,1,0.772,,0.748,4
296874,06/03/2025,1,1,,8,5,1,6,3,5,5,3,5,4,4,3,4,1,2,4,3,2,2,4,3,4,10,10,5,,,,,,1,1,1,0,5,5,5,10,5,5,1,8,2,5,5,1,1,,1,1,1,,1,1,1,,,1,,,,,,,1,1,4,1,1,4,1,1,1,4,3,4,2,1,4,4,3,1,3,1,,1,,1,,,1,1,,,1,,1,,,,,4,3,2,3,2,5,1,1,6,,5,1,Mobile,1,0.845,,0.82,5
296877,06/03/2025,1,1,,7,5,1,8,4,2,4,3,1,4,4,1,3,2,2,3,3,2,3,1,2,2,4,3,1,,,,,,2,2,2,7,98,7,8,9,9,5,2,1,10,3,5,1,1,1,1,,,,,,,,1,,,1,,,,,8,4,3,2,2,3,2,3,3,2,3,3,2,1,1,4,4,2,4,,,,1,,,,1,1,,,3,1,,,,,,4,4,3,3,3,1,1,1,2,1949,2,1,Mobile,1,1.529,,1.484,3
296878,06/03/2025,1,1,23,2,1,2,7,3,4,3,4,5,4,4,1,4,3,2,4,4,3,3,1,3,3,7,5,2,,,,,,3,2,3,4,8,8,7,8,8,3,2,10,4,3,3,1,,,,,1,,,,,,1,,,1,,,,,3,98,3,98,3,3,3,2,2,1,2,3,98,1,2,4,3,1,4,,1,,,1,,,1,,,,5,1,,,,,,3,3,3,98,3,4,1,1,4,,4,1,Mobile,1,0.699,,0.678,4
296884,06/03/2025,1,1,24,2,1,2,5,2,4,5,5,5,4,4,1,2,3,2,4,3,1,4,3,3,1,2,5,1,,,,,,2,1,1,10,10,0,6,7,7,4,1,1,1,1,2,,1,,,1,1,,,,,,,1,1,1,,,,,8,2,3,2,2,2,1,3,2,3,2,4,4,1,5,4,3,1,2,,,1,,1,,,,,,,8,1,,,,,,3,2,3,3,2,5,1,2,4,,4,1,Mobile,1,1.173,,1.138,5
296885,06/03/2025,1,1,38,3,2,2,8,4,4,4,3,4,4,4,3,1,2,2,4,3,2,3,3,4,3,9,9,3,,,,,,3,3,3,2,7,8,6,7,7,5,1,7,3,4,3,1,1,1,,,,,,,,,1,1,1,,,,,,6,1,3,2,3,4,3,2,2,3,1,2,3,2,,4,4,1,2,,,1,1,1,,1,,1,,,6,1,,,,,,3,3,4,4,2,5,1,1,6,,3,1,Mobile,1,0.892,,0.865,4
296886,06/03/2025,1,1,,5,4,1,8,4,5,4,3,4,3,4,1,3,4,2,3,1,3,2,4,4,4,10,10,5,,,,,,1,3,3,0,7,10,5,10,7,6,1,8,3,7,4,,1,1,,,,,,,,,1,1,1,,,,,,3,1,4,2,1,3,4,1,2,4,2,3,4,1,2,4,3,1,2,,,1,,1,,,,,,,0,,1,1,,,,3,3,3,3,2,5,1,2,5,,3,1,Mobile,1,0.772,,0.748,3
296890,06/03/2025,1,1,,6,5,1,9,5,5,4,3,5,3,4,3,4,1,2,2,1,2,3,4,3,4,10,10,3,,,,,,3,2,3,0,1,5,0,10,2,2,2,97,3,4,5,,1,,,,,,,,,,,1,,,,,,,3,1,3,2,2,4,3,1,2,3,1,2,3,2,,4,4,1,2,1,,,,,,,,,,,5,,,1,,,,3,4,2,2,2,6,1,4,6,,5,1,Mobile,1,0.951,,0.922,4
296891,06/03/2025,1,1,47,4,3,2,5,2,5,5,4,5,4,3,4,1,3,2,98,1,98,1,3,98,3,5,8,1,,,,,,3,3,2,2,5,5,5,5,5,4,2,3,3,4,4,,,,,1,,,,,,,,,,,,,1,,5,2,2,98,98,2,2,1,2,3,2,3,3,1,4,4,1,1,2,,,,,1,,,,,,,10,,1,,,,,1,3,2,2,3,5,1,1,4,,5,1,Mobile,1,1.151,,1.117,2
296894,06/03/2025,1,1,,7,5,2,4,1,4,5,3,4,3,98,3,4,1,2,2,3,3,3,4,3,4,10,10,2,,,,,,2,2,2,0,5,8,0,9,8,5,1,30,3,5,5,,1,,,1,,,,,,,,1,1,,,,,,3,1,4,4,2,4,4,1,2,3,3,3,2,1,1,4,4,1,3,,,1,,1,,,1,1,,,5,1,,,,,,4,4,3,3,2,5,1,3,1,1955,1,1,Mobile,1,1.424,,1.381,6
296895,06/03/2025,1,1,,5,4,1,8,4,5,5,4,3,3,3,3,1,4,2,3,1,3,3,3,4,4,10,10,4,,,,,,2,2,2,3,7,5,4,10,10,5,1,97,2,4,5,1,1,1,,,,,,,,,,1,,,,,,,3,1,4,1,3,4,4,1,2,4,2,4,4,1,5,2,3,1,4,,,,,1,,1,1,,,,8,,,1,,,,3,4,3,4,2,5,1,1,4,,5,1,Mobile,1,0.772,,0.748,3
296899,06/03/2025,1,1,31,3,2,2,8,4,5,3,3,4,4,4,1,2,3,2,4,1,3,3,2,3,3,5,4,1,,,,,,3,2,2,8,10,0,1,10,5,0,2,1,1,1,4,1,,,,,,,,,,,,,,1,,,,,6,3,3,3,3,3,1,2,2,3,3,4,3,1,5,4,3,1,3,,,,1,,,,,,,,6,1,,,,,,3,2,2,3,3,4,1,3,4,,3,1,Mobile,1,0.828,,0.804,3
296901,06/03/2025,1,1,,2,1,2,9,5,4,5,4,3,3,3,3,4,1,2,98,1,98,2,4,4,3,10,8,98,,,,,,3,2,3,2,5,5,2,10,10,5,2,3,3,5,2,,1,,,1,1,,,,,,,1,,,,,,,1,1,4,1,2,98,3,1,1,1,1,3,1,2,,4,4,1,98,,,,,,,,1,,,,1,1,,,,,,4,3,2,3,2,5,1,1,4,,2,1,Mobile,1,0.786,,0.762,5
296905,06/03/2025,1,1,,5,4,2,8,4,5,5,3,5,4,4,4,3,1,2,2,1,2,4,3,4,3,10,5,2,,,,,,3,2,2,3,2,6,4,10,10,4,1,7,99,3,3,1,1,1,,,,,,,,,1,1,1,,,,,,4,1,3,2,3,1,1,1,2,4,4,4,4,1,4,4,3,1,1,,,,,,,,1,,,,10,1,,,,,,4,4,3,3,3,3,1,4,7,,4,1,Mobile,1,0.753,,0.73,9
296912,06/03/2025,1,1,30,3,2,2,7,3,5,5,1,5,3,3,3,4,2,2,1,1,3,4,4,4,4,10,10,5,,,,,,3,1,2,0,6,7,1,10,2,7,1,8,2,5,2,1,1,,,,,,,,,,,1,,,,,,,1,1,3,4,2,4,4,1,1,2,1,3,1,1,2,4,4,1,2,,,1,,,,,,,,,0,,1,1,,,,3,3,3,3,1,6,1,1,4,,3,1,Mobile,1,0.617,,0.599,3
296913,06/03/2025,1,1,,4,3,2,7,3,4,5,4,5,3,4,4,1,3,2,2,1,2,3,3,4,3,10,8,3,,,,,,3,2,2,1,2,7,1,10,9,3,1,3,3,4,5,1,1,1,,1,1,1,,1,,,,1,,,,,,,1,1,3,3,2,3,2,1,1,3,2,4,2,1,3,4,3,1,4,,,1,,1,,,1,1,,,2,,1,1,,,,4,4,3,4,2,5,1,2,4,,5,1,Mobile,1,0.738,,0.716,4
296920,06/03/2025,1,1,,4,3,2,6,3,5,5,4,5,4,4,4,3,2,2,4,3,1,4,3,4,4,8,9,1,,,,,,3,3,3,5,10,1,3,10,5,0,1,7,98,1,4,1,,,,,,,,,,,,,,,,,1,,5,3,3,2,3,3,3,2,2,3,2,3,2,2,,4,4,1,3,,,,1,1,1,,1,,,,9,1,,,,,,3,3,3,3,1,6,5,1,3,2000,5,1,Mobile,1,0.686,,0.665,6
296921,06/03/2025,1,1,,3,2,1,6,3,1,4,2,3,4,4,1,4,3,2,4,3,3,3,1,2,2,4,4,1,,,,,,3,3,3,6,7,3,8,6,5,2,2,5,5,3,3,1,,,,,,,,,,,,,,1,,,,1,2,3,3,2,2,2,2,2,2,1,2,3,1,1,2,4,2,1,4,,,,,,,,1,,,,3,1,,,,,,3,3,2,3,3,1,1,3,4,,4,1,Mobile,1,0.664,,0.644,6
296932,06/03/2025,1,1,,3,2,1,6,3,4,4,4,5,4,4,4,3,1,2,4,4,3,3,4,4,3,5,10,2,,,,,,2,3,2,3,4,4,3,5,4,2,2,96,94,4,3,1,,,,,,,,1,,,,,,,,,1,,2,3,4,2,2,3,3,1,1,2,3,4,2,1,4,4,3,1,1,,,,,,,,1,,,,10,1,,,,,,4,4,3,2,2,5,1,3,5,,2,1,Mobile,1,0.681,,0.661,4
296934,06/03/2025,1,1,43,4,3,2,8,4,5,4,3,2,4,4,1,2,4,2,4,3,4,3,4,4,3,7,8,1,,,,,,4,2,3,4,7,4,3,10,7,2,1,3,8,2,1,,,,,,,,,,,,,,,,,,,,4,3,3,3,2,2,3,1,1,2,3,3,3,2,,4,2,98,3,,,,1,1,,,1,1,,,5,1,,,,,,3,3,3,3,1,6,1,1,3,1997,3,1,Mobile,1,0.92,,0.892,6
296936,06/03/2025,1,1,,3,2,1,9,5,5,5,4,3,3,3,4,3,2,2,4,3,2,3,4,4,4,10,5,3,,,,,,2,3,2,5,5,2,2,8,7,2,2,98,2,3,4,1,,,,,,,,,,1,1,1,1,,,,,,4,2,4,2,3,3,3,2,2,3,2,3,3,1,5,4,3,1,4,,,1,1,1,,,1,,,,1,1,,,,,,3,3,4,3,1,6,5,1,3,2017,5,1,Mobile,1,0.712,,0.69,4
296937,06/03/2025,1,1,59,5,4,2,5,2,1,4,4,5,4,4,1,2,3,2,3,1,3,3,1,2,3,3,1,2,,,,,,4,2,3,4,8,5,10,6,8,3,2,97,6,3,4,,1,1,,,1,,1,,,,1,1,,,,,,,1,3,2,3,2,1,1,1,1,2,2,2,2,1,1,4,4,1,3,,,1,,,,,,,,,6,1,,,,,,2,3,3,3,4,1,1,1,6,,4,1,PC,1,0.989,,0.96,7
296941,06/03/2025,1,1,,6,5,2,3,1,1,98,3,2,4,4,1,4,3,2,4,3,2,4,1,1,1,0,1,1,,,,,,4,2,4,9,7,0,7,2,7,0,2,1,6,2,3,1,,,,,,,,,,,,,,1,,,,,2,5,4,4,4,2,98,2,2,1,2,3,3,1,5,4,3,1,3,,,,1,,,,1,,,,10,1,,,,,,4,4,4,4,4,5,1,1,4,,3,1,Mobile,1,1.389,,1.347,4
296943,06/03/2025,1,1,,5,4,2,7,3,5,5,4,5,2,3,3,4,1,2,1,1,3,3,4,4,4,10,10,5,,,,,,1,2,1,0,3,10,3,10,4,5,1,8,8,7,5,1,,,,,,,,,,,,,,,,,1,,1,1,4,1,1,4,4,1,1,4,2,3,2,1,1,4,2,1,1,,,1,,1,,,,,,,0,,1,,,,,3,3,2,2,1,6,1,2,4,,5,1,Mobile,1,0.561,,0.544,5
296945,06/03/2025,1,1,,4,3,1,4,1,5,3,2,3,4,3,2,1,3,2,4,3,3,1,3,1,1,2,0,1,,,,,,2,4,2,10,10,0,7,10,10,6,1,1,1,1,5,,,1,,,,,,,,,,,,1,,,,,10,5,4,4,4,4,1,4,2,1,4,4,1,2,,4,99,2,5,,,,,,,,1,,,,10,1,,,,,,4,4,2,4,3,4,1,3,4,,2,1,Mobile,1,1.126,,1.092,2
296947,06/03/2025,1,1,,5,4,2,5,2,3,3,3,4,4,4,4,2,3,2,3,3,3,3,3,2,1,4,5,1,,,,,,3,3,3,5,8,5,5,9,9,1,3,96,4,1,2,,,1,,,,,,,,,1,,,,,,,,3,3,3,2,98,2,1,2,2,2,2,2,3,1,3,4,4,1,3,,,,,1,,1,,,,,10,1,,,,,,3,4,3,2,3,4,1,3,5,,2,1,Mobile,1,1.287,,1.248,4
296950,06/03/2025,1,1,,2,1,2,6,3,1,4,2,4,4,4,1,4,2,2,3,1,3,3,1,1,3,8,1,1,,,,,,1,2,2,6,9,5,9,9,8,3,3,9,4,2,4,,,,,,,,1,,,,,,,1,,,,,8,4,3,3,2,3,4,1,1,1,2,2,3,2,,4,3,1,3,,,,,,1,,1,1,,,8,1,,,,,,3,2,2,2,4,3,1,2,4,,3,1,Mobile,1,0.682,,0.661,3
296951,06/03/2025,1,1,,6,5,2,5,2,2,4,2,1,3,4,4,1,2,2,3,3,98,3,3,2,2,3,5,3,,,,,,3,2,3,5,6,3,4,5,9,98,3,5,5,1,4,,1,1,,,,,,,,,,1,,,,,,,98,3,3,3,3,3,2,98,98,2,98,3,3,1,5,4,3,1,98,,,,,1,,,,,,,10,1,,,,,,4,3,3,98,3,4,1,2,5,,2,1,Mobile,1,1.868,,1.812,1
296952,06/03/2025,1,1,27,2,1,1,8,4,5,5,2,5,2,1,4,3,1,2,1,1,3,3,4,4,4,10,10,5,,,,,,2,2,1,0,0,7,2,8,0,7,1,11,11,6,4,,,,1,,,,,,1,,,,,,,,1,,2,1,3,1,2,4,4,1,2,3,2,2,1,2,,4,4,1,1,1,,,,,,,,,,,0,,,,1,,,98,98,98,98,1,6,1,4,4,,3,1,Mobile,1,0.892,,0.865,5
296953,06/03/2025,1,1,,5,4,2,9,5,2,5,4,3,4,4,1,2,3,2,4,3,1,1,1,1,1,10,10,1,,,,,,3,3,1,5,5,5,5,10,10,5,2,1,5,4,4,1,1,1,1,1,1,1,1,1,1,,1,1,1,1,,,,,3,4,3,4,4,4,1,2,2,1,2,2,2,1,2,2,3,1,3,,,,,,,1,,,,,5,,1,,,1,,4,4,4,4,3,3,1,2,5,,5,1,Mobile,1,0.851,,0.826,1
296954,06/03/2025,1,1,,2,1,1,1,1,1,3,4,2,3,4,4,3,1,2,4,4,3,4,1,1,2,5,0,1,,,,,,4,1,2,5,5,5,10,5,8,2,1,6,6,3,4,1,,,1,,,,,,,1,,,,,,,1,,3,5,2,2,3,3,3,1,1,1,1,1,2,1,1,4,2,2,3,,,,,,,,1,,,,10,1,,,,,,4,4,4,4,4,1,1,1,4,,1,1,PC,1,1.119,,1.086,2
296955,06/03/2025,1,1,26,2,1,2,7,3,5,4,4,5,2,1,3,4,1,2,1,1,2,3,4,4,4,10,10,5,,,,,,3,3,4,0,3,10,0,10,5,5,1,8,9,6,2,1,,,,,1,,,,,,,1,,,,,,,1,1,4,1,2,4,4,1,1,3,2,3,2,1,5,3,3,1,2,1,1,1,,,,1,,,,,1,,1,1,,,,3,2,2,2,1,6,1,1,4,,2,1,Mobile,1,0.649,,0.629,5
296957,06/03/2025,1,1,,5,4,1,9,5,5,5,4,5,2,2,3,4,1,2,2,1,2,2,3,3,3,9,8,5,,,,,,1,3,3,1,5,5,5,5,5,5,2,98,3,6,4,1,,,,,,,,,,,,,,,,,1,,1,1,3,1,1,4,2,1,1,3,2,2,1,1,5,4,4,1,3,1,,1,,,,,,,,,1,1,,,,,,3,2,2,2,1,6,1,4,6,,5,1,PC,1,0.647,,0.628,4
296959,06/03/2025,1,1,,5,4,1,9,5,5,5,4,5,3,2,3,1,4,2,4,4,2,3,3,3,4,8,9,5,,,,,,2,1,2,1,5,5,2,6,6,5,1,2,2,3,5,1,,,,,,,,,,,,1,,,,,,,2,1,3,4,2,4,2,1,2,3,2,3,2,2,,4,4,1,1,,,1,,,,,,,,,3,,1,,,,,4,4,2,3,2,5,1,1,6,,4,1,PC,1,0.647,,0.628,4
296960,06/03/2025,1,1,,6,5,1,7,3,4,5,4,2,4,2,4,1,2,2,2,1,3,4,1,4,4,10,6,2,,,,,,1,3,1,7,6,2,6,8,9,1,3,9,4,5,3,,1,,,,,,,,,,,,,1,,,,,7,3,4,1,2,4,2,3,2,4,2,4,4,1,3,4,2,1,4,,,,,1,,,,,,,10,1,,,,,,4,3,3,4,3,3,1,2,1,1962,3,1,Mobile,1,0.91,,0.883,2
296961,06/03/2025,1,1,27,2,1,2,7,3,5,4,3,3,4,4,3,4,2,2,3,2,2,2,4,4,3,8,10,4,,,,,,3,3,1,0,5,5,3,8,8,6,1,30,2,4,3,1,1,,1,1,1,,,,,,,1,1,,,,,,2,3,2,1,3,4,3,1,1,2,2,4,3,1,2,2,3,1,3,,,,1,1,,,1,1,,,10,1,,,,,,2,2,2,3,1,6,1,1,4,,5,1,Mobile,1,0.649,,0.629,4
296962,06/03/2025,1,1,,6,5,1,1,1,5,5,5,5,3,2,1,3,4,2,2,2,2,3,3,3,4,10,10,3,,,,,,3,2,1,1,3,8,1,8,2,5,1,8,2,5,4,,,,,,,,,,1,,,1,,,,,,,1,1,4,4,2,3,3,1,2,4,2,2,2,1,1,4,3,1,2,,,1,,,,,,,,,2,,1,,,,,3,2,2,2,2,5,1,2,5,,5,1,Mobile,1,1.355,,1.314,1
296963,06/03/2025,1,1,27,2,1,1,7,3,2,3,3,1,4,4,2,1,4,2,4,4,2,3,1,1,1,1,0,2,,,,,,3,2,2,6,9,6,9,9,10,4,1,4,4,2,3,1,,,,,,,,,,,,,,,,,,1,6,5,4,1,1,1,3,3,2,1,3,3,2,1,99,4,2,98,4,,,,1,1,1,,1,,,,6,1,,,,,,4,4,4,4,3,1,1,4,4,,99,1,PC,1,0.897,,0.87,7
296965,06/03/2025,1,1,,3,2,1,2,1,5,5,3,5,4,4,4,3,1,2,4,3,3,1,1,1,3,0,0,1,,,,,,4,2,3,4,7,4,7,5,10,0,1,1,1,2,4,1,1,,,1,1,,,,,,,1,1,1,,,,,8,4,4,2,3,2,1,3,2,2,3,3,4,2,,4,3,1,4,,,,,,,,1,,,,10,1,,,,,,4,3,4,2,3,4,1,3,4,,3,1,Mobile,1,1.014,,0.984,4
296966,06/03/2025,1,1,,3,2,1,5,2,4,4,3,2,3,4,2,1,3,2,3,1,3,4,3,3,2,5,5,2,,,,,,3,2,2,5,7,5,5,7,8,2,3,97,10,3,4,,1,,,1,,,1,1,,,,1,1,,,,,,5,3,4,2,2,3,98,2,2,1,2,3,2,1,5,4,3,1,4,,,1,,,,,1,,,,8,1,,,,,,3,3,3,3,2,4,1,2,4,,3,1,Mobile,1,1.143,,1.109,5
296967,06/03/2025,1,1,,3,2,1,4,1,5,5,3,5,4,4,3,2,1,2,4,4,3,1,3,4,98,10,6,1,,,,,,2,2,2,0,0,0,2,8,8,1,4,98,2,2,4,1,1,,,,,,1,,,,,1,,,,,,,2,1,3,4,1,3,1,1,1,1,1,1,1,1,5,3,3,1,1,,,,,,,,1,,,,9,1,,,,,,2,1,2,2,2,5,1,3,5,,5,1,Mobile,1,1.014,,0.984,5
296969,06/03/2025,1,1,,6,5,1,7,3,5,3,3,2,4,4,1,2,3,2,4,3,4,4,1,3,1,10,5,1,,,,,,2,1,2,8,9,3,6,7,9,4,1,1,3,2,5,1,1,,,1,1,1,,1,,,,,,1,,,,,7,5,4,2,1,4,2,3,2,1,3,4,2,2,,4,4,2,2,,,,1,,,,,,,,5,1,,,,,,3,3,3,3,3,4,1,2,4,,99,1,Mobile,1,0.845,,0.82,4
296970,06/03/2025,1,1,,6,5,2,5,2,4,5,2,5,4,4,2,3,4,2,4,4,98,4,98,2,98,10,10,98,,,,,,98,98,4,5,98,98,5,5,5,5,98,97,1,98,98,,,,,,,,,,,,,,,,,,,,98,98,98,98,3,3,98,98,98,98,3,3,3,1,5,4,4,1,98,,,,,,,,,,,1,5,1,,,,,,3,3,3,3,2,4,1,3,5,,99,1,PC,1,1.491,,1.446,5
296972,06/03/2025,1,1,,6,5,2,4,1,3,2,2,4,4,4,1,2,3,2,4,3,4,4,1,1,1,0,0,1,,,,,,3,2,2,9,10,6,8,6,10,1,1,9,1,1,4,,1,,,,,,,,,,,,,1,,,,,9,5,3,3,3,2,1,3,3,2,3,2,2,1,3,4,3,2,2,,,,1,1,1,,1,,,,10,1,,,,,,4,4,4,4,3,4,1,3,5,,5,1,Mobile,1,1.807,,1.752,6
296975,06/03/2025,1,1,,6,5,2,4,1,4,5,4,4,4,4,4,3,1,2,2,1,2,3,3,3,4,10,5,1,,,,,,3,2,2,0,5,5,8,8,10,3,2,3,3,4,5,,1,,,1,,,,,,,,1,,,,,,,1,1,3,3,98,2,1,1,1,3,2,4,3,2,,4,3,1,4,,,1,,1,,,1,1,,,1,,1,,,,,4,4,4,4,3,5,1,3,5,,1,1,Mobile,1,1.424,,1.381,4
296976,06/03/2025,1,1,,5,4,1,8,4,5,5,4,3,4,4,1,2,3,2,4,3,4,4,4,4,1,10,5,1,,,,,,1,4,3,2,9,2,6,8,9,7,4,98,94,2,2,,1,,,,,,,,,,,1,,,,,,,1,5,3,2,2,3,3,1,1,1,2,2,2,1,4,4,2,1,4,,,,,,,,1,,,,10,1,,,,,,4,4,4,4,2,5,1,2,5,,5,1,Mobile,1,0.772,,0.748,2
296977,06/03/2025,1,1,,7,5,2,9,5,5,5,3,5,2,2,3,1,4,2,2,1,3,4,1,4,4,10,8,3,,,,,,1,1,1,2,5,10,4,10,7,8,1,2,3,5,5,1,1,,,1,,,1,,,,1,1,1,,,,,,1,1,4,1,2,4,4,1,2,4,2,4,3,1,2,4,3,1,4,1,,1,,1,,1,,,,,2,,1,1,,,,2,3,3,3,2,5,1,1,6,,4,1,Mobile,1,0.928,,0.9,3
296978,06/03/2025,1,1,,5,4,1,6,3,4,5,3,2,4,3,1,3,2,2,4,3,3,2,3,2,2,5,5,2,,,,,,2,2,2,7,7,3,5,5,8,0,1,1,1,2,4,1,1,1,,,1,1,1,1,,,1,1,,,,,,,7,3,4,2,2,1,3,2,2,3,2,4,3,1,2,4,4,1,5,1,,1,,1,,,,1,,,10,1,,,,,,4,3,3,4,3,5,1,3,5,,4,1,Mobile,1,0.619,,0.601,5
296981,06/03/2025,1,1,,4,3,1,5,2,5,5,4,4,4,3,4,1,3,2,3,1,2,2,3,4,3,10,10,3,,,,,,1,2,3,0,5,5,4,8,7,4,1,3,3,4,5,1,,,,,,,1,1,,,1,1,1,,,,,,1,3,4,4,2,4,4,1,1,3,1,4,2,1,4,4,3,1,3,,,1,,1,,,1,1,,,7,,1,,,,,4,4,3,4,2,4,1,1,4,,4,1,Mobile,1,1.179,,1.144,4
296985,06/03/2025,1,1,,3,2,1,5,2,4,4,4,5,3,3,3,2,4,2,2,2,3,4,1,3,3,1,7,2,,,,,,4,98,2,3,3,6,4,7,5,5,2,3,98,5,4,1,1,,,,,,1,,,,1,1,1,,,,,,3,2,98,98,2,3,98,2,2,2,3,3,98,1,2,4,3,1,3,,,1,,,,1,,,,,3,,1,,,,,3,3,3,3,2,5,1,1,4,,2,1,Mobile,1,1.143,,1.109,5
296986,06/03/2025,1,1,,3,2,2,8,4,4,5,4,5,4,4,3,4,1,2,3,4,2,2,3,4,98,10,6,5,,,,,,4,3,4,3,3,3,4,10,10,5,1,97,8,5,1,,,,,,,,,,,,,,,,,,,,3,98,2,2,2,4,2,1,1,2,1,3,2,1,5,4,3,1,2,,,1,1,1,,,1,,,,4,1,,,,,,4,4,4,3,2,4,1,1,6,,3,1,Mobile,1,0.892,,0.865,5
296987,06/03/2025,1,1,32,3,2,2,5,2,5,5,3,3,3,3,4,1,3,2,3,1,3,3,3,3,3,10,4,1,,,,,,2,1,3,5,7,4,5,9,7,2,3,97,1,4,2,1,1,,,,,1,1,,,,,1,1,,,,,,4,3,2,3,2,2,3,2,2,2,3,3,2,1,4,4,4,1,4,,,,1,,,,,,,,10,1,,,,,,4,3,3,3,2,4,1,2,4,,3,1,Mobile,1,1.036,,1.005,3
296988,06/03/2025,1,1,,7,5,1,6,3,4,5,3,2,3,3,3,1,4,2,2,1,3,3,3,3,3,8,5,4,,,,,,2,1,2,5,5,6,5,5,6,5,1,2,2,4,3,1,1,,,1,,,,,,,1,1,,,,,,,6,2,3,2,2,3,3,1,2,3,2,3,3,2,,4,4,1,4,1,,1,,1,,1,,,,,6,,,,,,1,4,3,3,3,2,4,1,1,3,1950,3,1,Mobile,1,0.91,,0.883,4
296989,06/03/2025,1,1,,6,5,1,9,5,5,98,3,5,3,3,1,3,4,2,3,1,3,4,4,3,4,10,6,5,,,,,,98,1,1,2,5,5,2,10,3,5,1,99,99,5,5,1,1,1,,,,,,,,,1,1,1,,,,,,5,1,3,1,1,4,3,1,1,3,2,4,2,2,,4,4,1,3,1,,1,,1,,,,,,,1,,1,1,,,,3,3,2,2,2,6,1,1,4,,4,1,Mobile,1,0.951,,0.922,4
296990,06/03/2025,1,1,,3,2,1,9,5,5,4,3,2,4,4,4,1,3,2,4,3,2,2,1,3,2,10,3,3,,,,,,3,3,1,6,7,5,4,9,8,3,1,30,1,2,4,1,,1,,,,,,,,,,1,,1,,,,,5,3,3,2,3,3,2,2,1,2,2,3,3,1,1,3,3,1,4,,,,,1,,,1,,,,8,1,,,,,,4,4,4,4,3,5,1,4,5,,5,1,Mobile,1,0.712,,0.69,4
296991,06/03/2025,1,1,,2,1,1,7,3,2,3,3,4,4,4,1,3,2,2,4,3,2,3,2,2,2,4,5,1,,,,,,3,3,2,7,7,7,7,8,7,3,1,97,4,3,2,1,,,,,,,,1,,,,,,,,,1,,5,4,3,1,1,3,3,2,3,1,2,2,1,1,1,2,2,2,4,,,,1,,1,,1,,,,7,1,,,,,,4,4,4,4,3,2,1,2,5,,5,1,Mobile,1,0.897,,0.87,7
296992,06/03/2025,1,1,,2,1,1,5,2,4,4,3,4,4,4,1,2,4,2,4,4,1,2,2,2,2,6,0,1,,,,,,2,2,2,3,8,5,3,4,8,0,1,30,4,1,4,,,,,1,,,,1,,,,,,,,,1,,1,4,3,3,3,3,1,2,1,1,1,2,1,1,2,3,3,2,1,,,,,,1,,1,,,,6,1,,,,,,2,3,2,3,2,5,1,1,7,,4,1,Mobile,1,1.202,,1.166,4
296994,06/03/2025,1,1,,6,5,2,6,3,5,5,3,5,3,2,3,4,1,2,4,1,4,3,4,4,3,10,9,3,,,,,,1,1,1,0,0,8,2,10,10,6,1,30,2,6,5,,1,,,,,,,,,,,1,,,,,,,1,1,4,4,2,4,4,1,1,3,2,3,3,1,2,4,3,1,2,,,1,,,,,,,,,8,,1,1,,,,3,3,3,2,2,5,1,1,6,,2,1,Mobile,1,0.825,,0.8,4
296995,06/03/2025,1,1,,6,5,1,8,4,5,4,3,2,3,4,1,4,3,2,3,1,2,3,3,3,4,7,5,3,,,,,,3,2,3,0,5,3,5,5,7,5,1,30,30,2,4,1,1,,,,,,,,,,1,1,1,1,,,,,3,2,3,2,2,3,3,1,2,3,2,3,4,2,,4,1,1,5,1,,1,,1,,1,1,1,,,4,1,,,,,,3,3,2,3,2,5,1,1,6,,4,1,Mobile,1,1.134,,1.1,2
296997,06/03/2025,1,1,,7,5,1,6,3,3,3,2,2,3,2,1,4,3,2,3,3,1,1,3,2,1,1,6,2,,,,,,2,2,2,6,6,2,5,5,8,5,2,9,4,2,3,1,,,,,,,,,,,,1,,,,,,,6,4,3,2,2,3,2,3,3,1,3,3,3,2,,4,1,2,3,,,,,1,,,,,,,2,1,,,,,,4,4,3,3,3,2,1,3,1,1954,2,1,Mobile,1,1.155,,1.12,2
297001,06/03/2025,1,1,,5,4,1,9,5,5,5,5,5,2,2,1,3,4,2,2,1,3,3,2,4,3,9,8,5,,,,,,1,2,2,0,6,8,5,10,7,6,1,2,2,5,4,,1,,,,,,,,1,,,,1,,,,,,3,1,3,1,3,4,4,1,2,3,2,3,2,2,,4,4,1,2,1,,1,,,,1,1,,,,4,,1,,,,,4,4,3,3,2,5,1,4,5,,5,1,Mobile,1,0.647,,0.628,4
297002,06/03/2025,1,1,,4,3,2,4,1,4,5,4,5,4,4,4,2,1,2,4,3,4,4,1,98,98,6,5,98,,,,,,98,98,2,98,98,98,98,98,98,98,4,99,99,98,98,,,,,,,,,,,,,,,,,,,,98,98,98,98,98,98,98,2,2,2,2,4,2,1,1,4,4,98,98,,,,,,,,,,,1,5,,,,,,1,98,98,98,98,3,4,1,2,4,,99,1,Mobile,1,1.183,,1.148,2
297006,06/03/2025,1,1,,3,2,1,2,1,3,2,3,2,4,3,1,2,4,2,4,3,3,3,2,2,1,1,1,1,,,,,,2,2,1,10,8,0,7,7,7,3,1,1,1,3,4,,,,,,,,1,,,,,,,1,,,,,6,5,4,2,2,3,3,3,2,1,3,3,1,1,5,4,2,2,4,,,,,,,,1,,,,8,1,,,,,,4,3,2,4,2,3,1,1,4,,4,1,Mobile,1,1.385,,1.344,1
297012,06/03/2025,1,1,73,7,5,1,4,1,5,4,3,5,3,4,3,4,1,2,98,4,2,98,4,4,4,10,8,4,,,,,,4,1,2,0,2,7,2,10,5,4,1,2,3,5,4,1,1,,,,,,,,,,1,1,1,,,,,,1,1,4,1,1,4,4,1,2,3,2,4,4,1,5,4,3,1,1,,,1,,,,,,,,,3,,1,1,,,,4,3,3,2,1,6,1,4,4,,4,1,PC,1,1.355,,1.314,4
297014,06/03/2025,1,1,,3,2,2,4,1,5,5,4,5,4,4,1,2,3,2,4,3,4,3,3,3,3,6,5,3,,,,,,2,3,4,5,5,5,5,5,5,5,3,94,3,4,2,,,,,1,1,1,,,,,,1,,,,,,,2,2,2,2,2,3,3,1,1,2,2,2,2,1,2,3,3,1,2,,,,,1,,,,,,,6,,1,,,,,2,2,2,2,1,6,1,1,6,,3,1,Mobile,1,0.99,,0.96,3
297015,06/03/2025,1,1,,2,1,1,5,2,1,98,2,2,4,3,1,2,4,2,4,4,98,3,1,2,1,4,4,1,,,,,,2,2,2,8,9,9,8,8,8,3,1,4,4,3,5,,,,,,,,,1,,,,,,,,,1,,6,4,3,2,98,2,2,3,2,2,2,4,1,1,2,2,3,1,4,,,,,,1,,1,,,,4,1,,,,,,3,3,98,3,4,1,1,1,4,,3,1,Mobile,1,1.172,,1.137,7
297018,06/03/2025,1,1,36,3,2,1,9,5,5,4,2,2,2,2,3,4,1,2,1,1,2,3,4,4,4,10,9,5,,,,,,2,2,2,2,5,6,3,6,3,5,1,8,9,5,4,1,,,,,,,,,,,1,,,,,,1,,3,1,3,2,2,4,3,1,2,3,2,3,1,2,,3,4,1,2,1,,1,,,,1,1,,,,2,1,,,,,,4,3,3,2,1,6,1,4,4,,4,1,Mobile,1,0.712,,0.69,5
297019,06/03/2025,1,1,,6,5,2,4,1,2,5,4,5,3,4,1,3,4,2,3,3,4,4,2,2,3,5,5,3,,,,,,3,3,3,5,7,5,6,7,8,4,2,98,10,4,4,,1,,,,,,,,,,,1,,,,,,,4,3,3,3,2,3,2,2,2,2,2,3,3,1,5,4,4,1,4,,,1,,,,,,,,,5,1,,,,,,3,3,3,3,3,4,1,3,5,,3,1,Mobile,1,1.783,,1.73,4
297020,06/03/2025,1,1,,8,5,1,6,3,5,5,3,5,3,3,3,1,4,2,2,1,3,2,4,1,1,10,10,4,,,,,,2,2,3,0,2,10,0,10,1,4,2,8,9,5,5,1,,,,,,,,,,,,,1,,,,,,3,1,3,2,2,4,3,1,2,3,1,2,2,1,0,4,4,1,2,,,,,1,,,,,,,3,1,,,,,,2,98,2,98,1,99,1,1,6,,2,1,Mobile,1,0.845,,0.82,4
297021,06/03/2025,1,1,34,3,2,2,6,3,5,4,3,3,4,4,3,4,2,2,4,3,4,3,3,4,2,10,5,3,,,,,,2,2,3,10,10,3,5,5,5,3,2,1,1,2,4,,,,,,,,,1,,,,,,,,,1,,6,4,3,2,3,3,2,3,2,2,2,3,3,2,,4,3,1,3,,,,1,1,,,1,,,,10,1,,,,,,4,4,4,3,2,6,1,1,3,1996,4,1,Mobile,1,0.617,,0.599,3
297022,06/03/2025,1,1,,5,4,2,9,5,4,4,4,5,4,4,1,2,4,2,4,3,3,4,3,3,2,10,5,1,,,,,,3,2,2,7,10,2,8,8,8,2,1,1,1,1,4,1,1,,,1,1,,1,1,,,,1,1,,,,,,8,3,4,2,3,1,2,3,2,2,3,4,3,1,4,4,4,1,3,,,,1,1,,,1,,,,6,1,,,,,,3,3,3,3,2,4,1,3,5,,2,1,Mobile,1,0.68,,0.659,3
297023,06/03/2025,1,1,24,2,1,1,5,2,5,5,5,2,4,4,1,4,3,2,4,3,2,3,4,4,3,7,7,1,,,,,,1,2,1,3,6,7,0,10,10,0,1,30,2,3,3,1,1,,,,1,,,1,,,1,1,,,,,,,3,2,3,2,4,4,3,1,1,2,2,3,3,1,1,3,2,1,3,,,1,,1,,,1,1,,,10,1,,,,,,3,3,4,2,1,6,1,1,6,,2,1,PC,1,1.116,,1.083,4
297024,06/03/2025,1,1,,5,4,2,4,1,4,5,3,1,4,4,4,1,3,2,4,1,3,4,1,3,3,10,5,1,,,,,,4,2,2,10,10,0,7,10,3,0,1,1,1,1,3,,1,,,,,,,,,,1,,,,,,,,6,3,2,4,4,2,2,4,4,2,4,4,4,1,1,4,3,1,5,,,,,,,,1,,,,10,1,,,,,,3,3,4,4,3,4,1,2,5,,4,1,Mobile,1,0.969,,0.94,2
297026,06/03/2025,1,1,,4,3,2,9,5,5,4,4,5,2,98,4,3,1,2,2,1,1,3,4,4,4,10,10,4,,,,,,2,2,1,0,5,5,1,5,5,4,1,30,2,4,5,1,1,1,,1,,,1,,,,1,1,1,,,,,,1,1,4,2,2,4,2,1,1,4,2,4,2,2,,4,2,1,2,1,,1,,,,,,,,,1,,1,1,,,,3,3,2,2,1,6,1,1,4,,4,1,Mobile,1,0.771,,0.748,5
297027,06/03/2025,1,1,,4,3,1,5,2,5,2,1,1,4,3,1,2,3,2,4,2,2,2,2,4,4,3,3,5,,,,,,2,3,2,2,5,5,5,5,5,5,1,2,2,4,3,,,1,,,,,,,,,,1,,,,,,,5,1,3,2,2,2,2,3,3,3,3,3,98,2,,4,4,1,4,,,,1,,,,1,1,,,3,1,,,,,,4,4,4,4,1,5,1,2,4,,5,1,Mobile,1,1.179,,1.144,2
297028,06/03/2025,1,1,36,3,2,1,3,1,1,4,4,2,2,4,1,3,4,2,4,4,2,4,2,1,3,10,6,1,,,,,,1,2,2,5,7,6,10,8,9,5,2,5,5,4,2,1,,1,,,,,,,1,,,,,,,,1,,6,4,4,2,2,4,3,2,1,1,2,4,2,1,5,4,4,2,4,,,1,,1,,1,,,,,3,1,,,,,,4,3,3,4,4,1,1,2,4,,4,1,Mobile,1,1.065,,1.033,6
297032,06/03/2025,1,1,,5,4,2,9,5,5,5,3,5,3,4,1,3,4,2,4,4,2,3,2,3,3,10,7,98,,,,,,3,98,3,4,5,5,2,6,6,5,4,8,3,4,3,1,1,,,1,,,,,,,1,1,1,,,,,,5,2,3,98,3,3,98,1,1,3,2,3,2,1,2,4,4,1,2,,,1,,,,,,,,,8,1,,,,,,3,3,3,98,2,5,1,1,4,,3,1,Mobile,1,0.631,,0.612,4
297034,06/03/2025,1,1,30,3,2,2,8,4,2,5,4,5,4,4,1,2,3,2,4,3,3,3,2,2,2,10,0,1,,,,,,3,2,3,8,8,5,3,8,8,0,1,4,4,1,5,1,,,,,,,,,,,,1,,,,,,,5,4,3,2,3,2,2,98,2,1,2,3,2,1,3,4,4,1,3,,,1,,,,,,,,,10,1,,,,,,3,3,3,3,3,3,1,1,4,,3,1,Mobile,1,1.117,,1.084,7
297035,06/03/2025,1,1,,5,4,2,8,4,5,5,3,5,4,4,3,1,2,2,98,1,2,1,4,1,4,10,8,1,,,,,,2,2,3,0,5,7,5,8,5,2,1,3,3,4,4,,1,,,1,,,,,,,,1,,,,,,,1,1,3,3,2,4,3,1,2,2,1,2,1,1,4,4,4,1,2,,,,,1,,,,,,,5,1,,,,,,3,3,2,3,1,6,1,1,6,,5,1,Mobile,1,0.753,,0.73,4
297036,06/03/2025,1,1,,6,5,2,5,2,4,5,5,5,3,2,4,2,3,2,2,1,3,4,3,4,3,10,10,3,,,,,,4,2,3,0,0,10,1,5,5,0,1,8,2,5,4,1,1,1,,1,,,,,,,,1,1,,,,,,1,2,3,4,4,3,1,1,2,4,2,3,4,2,,4,4,1,3,,,1,,1,,,,1,,,5,1,,,,,,3,2,3,3,2,5,1,3,5,,3,1,PC,1,1.491,,1.446,4
297038,06/03/2025,1,1,,5,4,2,3,1,4,4,4,2,4,4,4,1,2,2,4,3,3,1,98,3,1,8,5,1,,,,,,2,3,3,10,10,0,5,10,10,0,1,1,1,1,4,1,1,,,1,1,,,,,,,,,1,,,,,7,5,3,3,3,1,1,2,1,1,2,2,1,1,2,4,2,1,3,,,,1,1,1,,1,,,,10,1,,,,,,3,3,3,3,2,6,1,2,5,,99,1,Mobile,1,0.969,,0.94,2
297039,06/03/2025,1,1,24,2,1,2,5,2,5,3,3,4,4,4,1,4,2,2,4,3,1,1,1,3,1,5,0,1,,,,,,1,2,1,7,10,3,5,10,10,1,1,97,1,1,5,1,1,,,,1,,,1,,,,1,,1,,,,,7,5,4,98,3,2,2,3,2,1,2,2,1,1,2,3,2,2,4,,,1,1,1,,,1,1,,,7,,1,,,,,3,3,3,3,1,6,1,1,4,,4,1,,1,1.089,,1.057,4
297040,06/03/2025,1,1,,3,2,1,2,1,1,4,3,1,4,4,2,1,4,2,4,3,98,2,1,1,1,5,0,1,,,,,,2,2,3,5,10,4,10,5,9,0,1,5,5,1,3,,,1,,,,,,,,,,,,,,,1,,1,5,3,1,2,1,3,2,2,1,2,2,1,1,5,4,4,98,1,,,,,,1,,1,,,,9,1,,,,,,4,4,3,4,4,1,1,2,4,,4,1,PC,1,1.065,,1.033,7
297041,06/03/2025,1,1,,5,4,2,9,5,4,4,3,3,3,4,1,3,2,2,3,3,3,3,3,4,98,9,5,2,,,,,,98,2,2,5,5,5,5,5,5,4,98,96,98,4,3,1,1,1,1,1,,,,,,,1,1,1,,,,,,2,3,3,2,98,2,98,98,98,98,98,98,98,1,1,4,2,98,3,,,,,1,,,1,1,,,5,,,,,,1,3,4,98,3,2,5,1,4,5,,3,1,Mobile,1,0.68,,0.659,7
297042,06/03/2025,1,1,,5,4,1,8,4,5,5,4,5,3,4,3,4,1,2,2,1,2,3,2,4,4,9,5,4,,,,,,3,2,3,0,5,7,5,7,7,6,3,8,2,5,4,1,,,,,,,,,,,,1,,,,,,,1,1,2,2,2,4,2,1,1,3,2,4,4,1,2,4,3,1,1,,,1,,,,,,,,,4,1,,,,,,3,3,2,2,2,5,1,3,4,,4,1,Mobile,1,0.772,,0.748,4
297043,06/03/2025,1,1,,2,1,1,5,2,5,4,2,3,4,4,4,2,3,2,4,3,3,3,4,4,4,10,10,1,,,,,,2,3,4,5,5,5,3,3,3,0,4,99,98,4,1,,,,,,,,,,,,,,,,,,,,1,3,98,98,98,98,98,2,1,2,2,3,2,2,,4,4,2,3,,,1,1,1,,,,,,,10,1,,,,,,98,98,98,98,1,6,5,4,5,,3,1,Mobile,1,1.116,,1.083,5
297045,06/03/2025,1,1,,2,1,1,6,3,2,4,2,5,4,4,2,1,3,2,4,3,3,3,1,1,2,5,5,1,,,,,,4,2,2,6,9,2,6,7,10,1,2,9,4,2,4,,1,,,,1,,,1,,,,,,1,,,,,1,4,3,2,3,2,1,2,2,1,3,3,98,2,,1,4,1,1,,,,1,,1,,,,,,10,1,,,,,,3,2,1,2,3,1,1,2,4,,2,1,Mobile,1,0.897,,0.87,4
297046,06/03/2025,1,1,,5,4,1,8,4,4,5,4,4,3,3,3,4,1,2,2,1,2,2,3,3,3,8,7,3,,,,,,1,3,2,1,6,5,4,8,7,5,2,3,3,3,4,1,,,,1,,,1,,,,,1,,,,,,,2,2,4,1,1,3,3,1,2,3,2,3,2,1,4,4,2,1,2,,,,1,1,,,1,,,,6,,1,,,,,3,3,2,2,2,2,1,4,6,,4,1,PC,1,0.831,,0.806,2
297047,06/03/2025,1,1,,4,3,2,9,5,2,4,2,4,4,4,1,2,3,2,4,3,3,3,1,2,1,4,2,2,,,,,,2,2,3,7,10,4,7,7,10,0,1,9,4,1,5,1,1,,,,,,,,,,,,,1,,,,,7,5,1,2,3,1,1,3,3,1,2,3,2,1,1,4,2,1,2,,,,1,,1,,,1,,,10,1,1,,,,,3,4,3,4,4,3,1,2,4,,5,1,Mobile,1,1.04,,1.009,1
297048,06/03/2025,1,1,,3,2,1,5,2,1,4,2,3,4,3,2,4,1,2,4,4,2,2,3,1,2,5,5,1,,,,,,2,2,2,5,5,5,5,5,5,2,1,97,99,4,5,,,,,,,,,1,,,,,,,,,1,,5,4,3,4,4,2,1,2,2,1,2,3,2,2,,2,4,2,2,,,,,,,,1,,,,10,1,,,,,,4,4,4,4,4,1,1,1,6,,4,1,Mobile,1,1.115,,1.082,1
297049,06/03/2025,1,1,,2,1,1,8,4,3,3,1,4,4,4,4,1,3,2,4,4,1,2,3,3,2,1,6,1,,,,,,1,3,3,3,8,5,3,7,8,1,3,94,1,1,4,1,,,,,,,,,,,1,,,,,,,,3,3,4,1,1,2,2,2,3,1,2,3,1,1,0,4,2,1,2,,,,,,,,1,,,,10,1,,,,,,3,2,1,3,3,3,1,4,5,,2,1,Mobile,1,1.219,,1.182,4
297050,06/03/2025,1,1,,6,5,2,8,4,4,5,5,5,4,4,1,2,3,2,4,3,1,4,2,3,3,6,6,5,,,,,,4,3,3,5,3,0,5,5,5,0,3,97,1,1,4,1,1,,,,,,,,,,,1,,,,,,,5,3,2,4,3,4,4,1,1,1,1,1,1,1,5,1,3,1,1,,,,1,,,,,,,,10,1,,,,,,98,98,98,98,3,3,1,1,3,2002,5,1,Mobile,1,1.192,,1.156,5
297051,06/03/2025,1,1,,5,4,1,9,5,5,5,4,4,3,2,1,3,4,2,3,2,3,3,3,2,3,10,7,5,,,,,,3,2,2,1,5,7,7,8,8,6,1,98,3,3,5,1,,1,,1,,,,,,,,1,,,,,,,6,1,4,2,2,3,3,1,2,3,2,3,3,1,3,4,3,1,3,,,,,,,,1,,,,3,,,1,,,,3,3,2,2,2,5,1,3,4,,2,1,Mobile,1,0.647,,0.628,2
297052,06/03/2025,1,1,37,3,2,1,9,5,1,5,3,5,4,4,3,1,4,2,4,3,1,1,1,4,4,10,6,1,,,,,,1,3,2,0,5,5,5,5,5,2,4,94,94,4,4,1,,,,,,,,,,,,,,,,,1,,1,2,4,2,2,3,2,1,1,2,1,2,2,1,4,4,4,1,1,,,,,,1,,1,1,,,10,1,,,,,,4,3,2,3,4,1,1,1,6,,5,1,Mobile,1,0.747,,0.725,4
297054,06/03/2025,1,1,,6,5,2,9,5,2,3,3,4,4,3,1,2,3,2,4,3,2,3,2,98,98,6,2,1,,,,,,3,3,3,3,6,1,3,7,10,3,2,97,4,2,5,1,,,,,,,,1,,,,1,,,,,,,3,98,3,3,3,3,1,2,1,2,3,4,3,1,3,4,4,1,3,,,1,1,1,,,1,,,,5,,1,,,,,4,3,98,4,4,2,1,1,2,1994,99,1,Mobile,1,1.251,,1.214,4
297055,06/03/2025,1,1,,4,3,2,9,5,1,4,4,2,4,4,1,2,3,2,4,3,2,3,1,1,2,2,1,1,,,,,,2,2,1,8,5,5,8,8,9,1,1,4,4,2,4,1,,1,,,,,,,,,,,,,,,1,,8,5,3,2,2,2,2,3,3,2,3,3,3,1,3,4,4,2,4,,,,1,,1,,1,1,,,3,,,,,1,,4,4,4,4,4,1,1,3,7,,5,1,PC,1,0.81,,0.786,3
297056,06/03/2025,1,1,,7,5,1,9,5,1,4,4,1,3,3,1,4,3,2,2,1,1,98,1,98,4,10,2,5,,,,,,2,2,3,3,5,5,3,8,8,3,1,3,3,4,4,1,,1,,,,,,,,,,,,,,,,1,3,1,4,3,2,3,3,1,2,4,3,3,3,1,2,4,4,1,4,,,1,1,,,1,,,,,3,1,,,,,,4,3,2,3,4,1,1,1,2,1982,1,1,PC,1,0.999,,0.969,4
297057,06/03/2025,1,1,82,8,5,1,9,5,5,3,3,98,2,1,4,1,3,2,2,1,3,3,3,3,3,10,5,5,,,,,,2,1,2,2,3,9,3,9,3,5,1,8,9,5,5,1,,,1,,,,,,,,,,,,,,1,,2,2,4,2,2,3,3,2,2,3,2,3,2,2,,4,4,1,2,,,,,,,,,,,1,3,,1,1,,,,3,3,3,3,1,5,1,1,2,1950,4,1,PC,1,0.951,,0.922,3
297061,06/03/2025,1,1,,4,3,1,4,1,5,5,3,3,3,4,4,2,3,2,3,1,98,3,3,3,3,5,5,1,,,,,,3,2,3,5,5,5,5,5,5,5,98,7,99,98,4,1,1,1,,,,,,,,,,1,,,,,,,4,98,98,4,98,4,98,98,98,98,98,4,98,2,,4,4,98,98,,,,1,,,,,,,,9,1,,,,,,3,98,3,3,2,5,1,1,3,1991,4,1,Mobile,1,1.126,,1.092,4
297063,06/03/2025,1,1,,4,3,2,3,1,5,5,2,5,4,4,4,1,2,2,3,1,3,4,2,4,98,3,5,1,,,,,,3,3,2,4,4,3,1,8,7,0,2,3,1,3,5,1,1,,,1,,,,,,,1,1,,,,,,,5,3,3,4,2,2,2,2,2,2,2,3,2,1,2,4,3,1,4,,,1,1,1,,1,1,1,,,3,,1,,,,,4,4,3,3,2,6,1,2,4,,5,1,Mobile,1,1.099,,1.066,4
297065,07/03/2025,1,1,26,2,1,1,6,3,5,2,2,1,4,,,,,2,4,4,2,1,1,4,4,10,5,2,98,98,98,98,98,1,1,1,10,10,0,5,10,10,5,1,99,99,2,1,,,,,,,,,,,,,,,,,,,,7,5,4,1,1,4,4,4,3,1,2,3,2,1,1,2,2,2,5,,,,,,,,1,,,,10,1,,,,,,4,4,4,4,4,1,2,,,,5,2,Mobile,1,,5.027,5.73,8
297067,07/03/2025,1,1,,2,1,1,5,2,2,2,3,3,3,3,4,1,3,2,4,2,2,3,2,3,3,10,4,1,,,,,,1,3,1,3,3,7,1,7,7,0,1,97,4,2,5,1,,,,,,,1,,,,,,,,,,1,,2,5,4,1,2,3,2,2,2,1,1,4,98,1,2,1,3,98,4,,,,1,,1,1,1,,,,10,1,,,,,,3,4,3,98,3,1,1,1,6,,4,1,Mobile,1,1.505,,1.46,7
297070,07/03/2025,1,1,,3,2,2,8,4,4,3,3,3,4,4,1,2,3,2,4,3,3,4,1,3,2,4,4,2,,,,,,2,1,2,8,8,1,5,8,8,1,1,1,94,1,4,1,1,1,1,1,1,1,1,1,1,,,1,,1,,,,,8,4,4,3,2,4,1,3,3,2,3,3,2,1,4,4,2,98,4,,,,1,1,1,,,1,,,4,,,,,,1,4,4,4,4,2,5,1,2,5,,4,1,Mobile,1,0.892,,0.865,6
297071,07/03/2025,1,1,,3,2,1,1,1,1,98,3,2,3,4,4,1,2,2,3,4,3,4,1,1,1,2,2,3,,,,,,2,2,1,9,4,3,10,6,8,4,1,6,6,3,5,,,1,1,,,,,,,1,,,,,,,1,,10,5,3,2,2,3,2,2,2,1,2,3,1,2,,4,3,2,4,,,,1,,,,1,,,,8,1,,,,,,4,4,3,4,4,1,1,1,4,,2,1,PC,1,1.065,,1.033,6
297072,07/03/2025,1,1,29,2,1,2,6,3,1,98,4,98,4,4,1,2,4,2,4,3,4,4,1,1,1,10,0,1,,,,,,3,4,3,7,9,2,10,9,8,0,2,5,5,2,2,,,,,,,,,,,1,,,,,,,1,,3,2,3,3,3,3,3,2,2,2,2,2,2,2,,4,4,2,98,,,,,,1,,,,,,5,1,,,,,,3,3,3,3,4,5,1,2,2,1997,1,1,PC,1,0.682,,0.661,1
297081,07/03/2025,1,1,51,5,4,2,4,1,2,5,5,1,4,4,2,4,1,2,4,3,1,4,1,4,1,0,0,1,,,,,,1,1,1,10,10,0,0,0,10,0,1,1,1,1,1,,,,,,,,,,,,,,,,,,,,10,98,4,1,1,4,4,4,98,98,98,4,98,2,,4,4,2,5,,,,,,,,1,,,,0,1,,,,,,4,4,4,4,2,6,1,1,2,1993,1,1,PC,1,1.213,,1.177,1
297083,07/03/2025,1,1,,3,2,2,8,4,2,4,3,3,3,4,2,1,4,2,4,3,3,2,1,1,2,8,0,1,,,,,,2,3,2,7,10,3,4,7,10,0,1,4,4,1,4,1,1,1,,1,1,,,,,,,1,,,,,,,4,4,3,3,3,1,1,2,1,1,2,3,2,1,5,4,2,1,3,,,1,1,1,1,,,,,,10,1,,,,,,3,3,3,4,3,4,1,3,4,,4,1,Mobile,1,1.117,,1.084,6
297084,07/03/2025,1,1,,7,5,1,5,2,5,5,5,5,4,4,1,3,4,2,98,4,2,4,4,4,3,10,5,5,,,,,,2,2,2,1,4,5,4,6,3,6,1,97,99,4,5,,1,1,1,1,,,1,,,,1,1,,,,,,,98,2,4,2,3,4,3,2,2,2,2,3,2,2,,4,4,1,4,,,1,1,,,,1,,,,1,,1,1,1,,,3,3,98,3,2,5,1,4,6,,1,1,PC,1,1.419,,1.376,4
297085,07/03/2025,1,1,65,6,5,1,5,2,5,4,3,2,3,4,1,3,4,2,4,4,3,2,4,3,2,9,7,1,,,,,,3,3,2,2,5,5,3,8,8,3,1,7,1,3,4,1,1,1,,,,,,,,,,1,,,,,,1,2,3,4,4,4,4,2,2,2,4,2,3,4,1,5,4,4,1,3,1,,1,,1,,1,1,,,,5,1,,,,,,4,3,3,3,1,5,1,1,6,,3,1,PC,1,1.419,,1.376,5
297086,07/03/2025,1,1,,4,3,1,2,1,1,5,5,5,4,4,1,4,3,2,4,3,4,3,2,1,1,1,1,1,,,,,,2,3,3,6,5,5,5,5,5,5,3,98,5,4,1,,,,,,,,,,,,,,,,,,,,2,5,3,2,3,3,2,2,2,1,1,3,2,1,4,4,3,1,3,,,1,,,,,,,,,5,1,,,,,,3,3,3,3,3,1,1,2,4,,4,1,Mobile,1,1.183,,1.147,5
297087,07/03/2025,1,1,,2,1,1,4,1,3,1,1,2,4,4,1,3,2,2,4,4,4,3,1,2,2,6,3,1,,,,,,3,98,3,9,10,2,8,9,10,0,1,9,98,2,2,,,,,1,1,,,,,,,,,1,,,,,8,4,2,2,3,3,1,2,2,3,4,4,98,1,4,3,3,1,4,,,,,1,1,,1,,,,8,1,,,,,,3,4,98,3,4,2,1,3,4,,3,1,Mobile,1,1.456,,1.412,6
297088,07/03/2025,1,1,,7,5,1,5,2,2,4,3,2,4,4,1,4,3,2,4,3,3,3,3,3,3,10,1,3,,,,,,4,4,1,3,10,10,3,10,10,1,1,30,10,4,5,,,1,1,,,,1,,,,1,1,1,,,,,1,2,1,4,1,1,4,1,1,1,4,2,4,4,1,5,4,4,1,4,,,,,1,,,,,,,10,1,,,,,,4,4,4,4,4,1,1,1,6,,4,1,PC,1,1.913,,1.856,7
297089,07/03/2025,1,1,,4,3,1,9,5,5,1,3,2,3,2,4,1,3,2,4,1,2,2,3,3,2,2,1,1,,,,,,2,2,3,5,5,5,5,5,5,4,1,1,3,2,3,,,,,,,,,1,,,,,,,,,1,,6,5,4,2,2,3,2,3,3,2,4,4,3,1,2,4,3,1,5,,,1,,1,,,1,1,,,2,1,,,,,,4,4,4,4,2,3,1,1,6,,4,1,Mobile,1,0.79,,0.767,5
297090,07/03/2025,1,1,24,2,1,1,7,3,5,5,5,5,4,4,3,2,1,2,4,3,2,4,3,4,3,5,5,2,,,,,,2,2,1,3,6,3,2,10,7,1,2,97,3,3,5,1,,,,1,1,1,,1,,,,1,1,1,,,,,2,3,4,2,2,4,98,1,1,2,2,3,3,1,4,3,3,1,2,,,,1,1,1,,1,1,,,6,1,,,,,,3,3,2,3,1,6,1,1,4,,3,1,PC,1,0.665,,0.645,4
297092,07/03/2025,1,1,46,4,3,2,8,4,5,5,4,4,2,2,4,3,1,2,2,1,2,2,4,4,3,9,8,4,,,,,,2,2,1,0,5,5,1,5,8,5,1,3,3,5,5,1,1,,,,,,,,,,,1,,,,,,,98,1,3,1,1,4,3,1,2,3,3,4,3,1,5,4,3,1,3,1,,1,,1,,1,1,,,,1,,1,1,,,,4,3,2,3,2,6,1,4,2,1979,5,1,Mobile,1,0.92,,0.892,4
297093,07/03/2025,1,1,,3,2,1,8,4,2,2,2,1,4,4,1,2,4,2,4,4,2,3,1,1,1,2,4,1,,,,,,3,1,3,8,8,5,7,8,10,3,1,4,4,1,4,,,,,,,,1,,,,,,,1,,,,,8,5,4,2,1,1,1,4,2,1,3,3,1,1,5,3,3,2,3,,,,1,,1,,1,,,,8,1,,,,,,4,4,4,4,4,1,1,2,3,1990,4,1,PC,1,1.144,,1.11,2
297094,07/03/2025,1,1,,4,3,2,6,3,5,5,4,5,4,4,4,3,1,2,4,4,3,3,3,4,3,10,10,3,,,,,,1,2,3,1,1,1,1,6,6,0,2,98,3,4,3,,1,1,,,,,,,,,1,1,1,,,,,,1,2,3,4,2,3,2,1,1,2,2,2,2,2,,4,3,1,1,,,1,,1,,,1,,,,5,,1,,,,,3,2,2,2,2,5,1,1,4,,3,1,Mobile,1,0.686,,0.665,3
297096,07/03/2025,1,1,62,6,5,2,8,4,5,5,4,5,98,2,3,4,1,2,2,1,2,2,3,3,98,10,9,2,,,,,,4,3,2,1,4,9,1,10,8,4,1,7,2,4,4,,1,,1,,,,,,,,1,1,1,,,,,,1,2,4,4,3,4,4,1,2,3,2,3,2,1,5,4,4,1,4,1,,1,,1,,,,1,,,6,,,,,,1,3,3,2,3,2,6,1,1,6,,4,1,PC,1,1.107,,1.074,5
297098,07/03/2025,1,1,,4,3,1,4,1,3,5,5,5,3,4,4,2,1,2,3,1,3,4,3,3,2,10,10,1,,,,,,2,1,2,5,3,2,2,2,2,1,3,97,4,2,4,1,1,,,1,,,,,,,,1,,1,,,,,3,3,2,3,2,4,1,2,2,1,3,3,2,2,,4,4,1,3,,,1,,,,,,,,,10,1,,,,,,3,3,3,3,3,2,1,3,4,,4,1,Mobile,1,1.538,,1.492,5
297100,07/03/2025,1,1,37,3,2,2,8,4,5,5,5,5,4,4,4,3,1,2,3,3,1,1,4,4,3,7,7,3,,,,,,4,2,2,0,5,5,3,10,8,3,1,3,3,3,2,,1,,,1,1,1,,1,,,,1,,,,,,,1,2,2,2,3,2,2,1,1,2,2,3,2,2,,4,3,1,2,,,1,,1,,,1,1,,,1,1,,,,,,3,3,2,2,1,6,1,4,4,,5,1,Mobile,1,0.828,,0.804,4
297101,07/03/2025,1,1,,2,1,2,7,3,5,5,3,4,2,1,3,4,1,2,2,1,3,3,4,4,3,7,8,5,,,,,,2,1,2,3,5,5,4,7,7,5,1,3,3,4,5,1,1,1,,,,,,,,,1,1,1,,,,,,4,2,3,2,2,3,3,2,2,3,2,3,3,1,5,2,4,1,4,1,,1,,,,1,1,,,,4,,1,,,,,4,3,3,3,2,5,1,1,6,,3,1,Mobile,1,0.649,,0.629,5
297102,07/03/2025,1,1,,6,5,1,8,4,5,4,3,4,4,4,1,3,4,2,4,2,3,4,4,4,2,10,10,1,,,,,,3,2,3,5,10,5,5,10,10,5,1,7,3,1,1,,,,,,,,,,,,,,,,,,,,3,4,3,1,1,3,2,2,2,2,2,2,3,1,5,4,4,1,2,,,,,1,,,1,1,,,10,1,,,,,,98,3,98,98,1,6,1,2,5,,3,1,Mobile,1,1.134,,1.1,5
297103,07/03/2025,1,1,,3,2,1,6,3,4,5,3,3,4,4,1,2,3,2,4,3,1,3,3,4,3,6,3,1,,,,,,3,1,2,5,10,0,5,5,5,0,2,97,4,1,3,1,,,,,,,,,,,,1,,,,,,,3,3,3,2,3,2,1,2,2,3,3,4,3,1,4,4,4,1,4,,,,1,,,,,,,,10,1,,,,,,4,3,3,4,2,5,1,2,5,,5,1,Mobile,1,0.681,,0.661,5
297104,07/03/2025,1,1,,6,5,2,9,5,2,5,3,5,2,2,4,3,1,2,3,1,3,3,3,3,3,8,5,5,,,,,,2,1,2,1,3,9,6,6,6,6,1,3,8,5,5,1,,1,,,,,,,,,1,1,,,,,,,1,1,3,2,2,4,3,1,2,2,1,3,3,1,3,4,2,1,2,,,1,,,,,,,,,3,,1,1,,,,3,3,2,2,4,2,1,1,2,1986,4,1,Mobile,1,1.251,,1.214,4
297105,07/03/2025,1,1,24,2,1,1,4,1,4,5,4,5,4,4,3,1,4,2,4,4,2,3,3,4,3,7,8,2,,,,,,1,2,2,7,7,4,2,9,8,5,2,30,1,3,3,1,1,,,,,,,,,,,1,,,,,,,3,3,3,1,1,4,4,1,2,2,1,3,2,1,2,3,3,98,4,,,1,,,,,1,,,,6,1,,,,,,4,3,2,4,2,5,1,4,1,2006,1,1,Mobile,1,1.147,,1.113,3
297106,07/03/2025,1,1,21,1,1,2,5,2,5,5,4,5,3,4,3,4,1,2,3,4,3,3,4,4,3,10,8,2,,,,,,3,2,3,3,5,5,3,8,6,3,1,30,3,4,3,1,,,,,,,,,,,,1,,,,,,,3,2,3,2,2,3,98,1,1,1,2,3,3,1,2,1,3,1,2,,,,1,1,,,1,,,,3,1,,,,,,3,3,3,3,1,6,1,1,4,,3,1,Mobile,1,1.089,,1.057,2
297108,07/03/2025,1,1,,6,5,2,4,1,1,3,3,3,4,4,1,4,2,2,4,3,3,4,1,2,1,0,0,1,,,,,,4,2,2,8,10,0,10,8,8,0,1,6,6,1,4,,,,1,,,,,,,,,,,,,,1,,3,5,3,1,1,3,1,2,2,1,1,2,1,1,5,4,4,2,1,,,,1,1,,,1,,,,10,1,,,,,,3,3,3,3,4,4,1,1,4,,3,1,PC,1,1.389,,1.347,1
297109,07/03/2025,1,1,57,5,4,2,4,1,5,5,4,5,4,4,3,2,4,2,98,2,4,3,4,4,4,10,7,5,,,,,,3,3,2,1,7,5,1,10,9,9,1,3,2,4,4,1,1,1,,,,,,,,,,1,1,,,,,1,2,1,4,1,1,4,3,1,2,4,3,4,4,1,5,4,3,1,4,,,1,,1,,1,,,,,7,,1,1,,,,3,3,2,2,2,5,1,1,4,,2,1,Mobile,1,0.9,,0.873,2
297110,07/03/2025,1,1,,2,1,1,7,3,5,4,1,5,4,3,4,3,1,2,4,4,3,3,3,4,4,7,7,1,,,,,,2,2,1,3,5,5,1,8,6,2,1,8,3,3,4,1,1,,,,,,,1,1,,,1,,,,,,,7,1,3,1,1,3,3,2,2,3,3,4,2,1,5,2,2,1,3,,,,,,,,1,,,,8,1,,,,,,4,4,4,2,2,5,1,1,4,,1,1,Mobile,1,0.665,,0.645,6
297111,07/03/2025,1,1,,7,5,1,8,4,5,5,5,5,4,4,4,1,3,2,4,4,3,4,4,4,1,10,5,1,,,,,,2,1,3,5,5,1,1,10,10,1,4,98,1,2,1,,,,,,,,,,,,,,,,,,,,2,4,4,1,4,3,1,98,98,98,2,2,98,2,,4,2,1,2,,,1,,1,,,1,,,,8,1,,,,,,4,4,3,3,2,5,1,2,5,,3,1,Mobile,1,1.134,,1.1,7
297112,07/03/2025,1,1,,6,5,2,4,1,3,3,3,1,3,98,1,2,3,2,4,3,2,3,1,2,2,0,0,1,,,,,,4,3,1,10,9,7,8,8,10,5,2,99,98,1,4,,1,,,,,,,,,,,,,,,,,1,98,4,3,2,3,2,2,2,2,1,2,3,1,1,4,4,4,1,4,,,,,,,,1,,,,5,1,,,,,,4,4,4,4,2,2,1,3,4,,5,1,Mobile,1,1.807,,1.752,4
297113,07/03/2025,1,1,25,2,1,1,8,4,5,4,3,2,4,4,3,1,2,2,4,4,2,3,1,3,3,10,6,2,,,,,,3,3,3,5,5,5,4,10,10,5,2,30,99,98,1,,,,,,,,,,,,,,,,,,,,3,98,2,3,4,2,3,1,1,98,1,3,3,2,,3,3,1,3,,,,1,1,,1,,,,,10,1,,,,,,3,2,2,1,2,5,1,2,5,,2,1,PC,1,0.892,,0.865,6
297114,07/03/2025,1,1,,6,5,2,9,5,5,5,3,4,3,4,4,3,1,2,2,1,3,1,4,4,4,9,8,5,,,,,,2,1,1,0,4,9,5,10,9,5,1,2,2,5,5,1,,,,1,1,,,,,,,1,1,,,,,,3,1,3,98,98,3,3,1,2,3,2,3,3,2,,4,4,1,3,,,1,,1,,1,,,,,3,,1,,,,,4,4,98,4,2,5,1,4,5,,5,1,Mobile,1,0.928,,0.9,4
297115,07/03/2025,1,1,,3,2,1,4,1,5,4,2,98,4,4,4,3,1,2,4,3,1,4,4,4,98,8,8,1,,,,,,4,1,2,2,4,5,2,10,1,1,1,2,2,4,5,1,1,,,1,,,,,,,1,1,1,1,,,,,1,1,2,4,1,4,1,1,1,3,3,2,4,1,5,4,4,1,1,,,,,,,,,,,1,1,1,,,,,,4,4,4,4,2,6,1,4,4,,1,1,Mobile,1,1.014,,0.984,4
297116,07/03/2025,1,1,,7,5,2,9,5,4,4,5,4,2,1,3,4,1,2,2,1,3,1,3,1,3,10,5,5,,,,,,1,2,1,1,1,9,1,9,3,9,1,8,8,6,5,,1,1,1,,,,,,,,1,,,,,,,,7,1,4,1,2,4,3,1,2,98,98,2,2,2,,4,4,1,2,,,1,,1,,1,,,,,1,,1,1,1,,,3,3,4,3,3,3,1,1,6,,5,1,Mobile,1,0.999,,0.969,4
297117,07/03/2025,1,1,,3,2,2,4,1,4,2,2,5,4,4,1,3,4,2,4,3,3,3,3,2,2,10,7,2,,,,,,2,1,2,5,6,3,5,7,4,4,1,99,99,2,3,,1,,,1,,,,1,,,,,1,1,,,,,3,2,3,3,98,4,1,2,1,2,1,3,2,2,,4,4,1,2,,,1,1,,,,1,,,,3,,1,,,,,3,3,3,3,2,4,1,3,5,,3,1,Mobile,1,1.066,,1.034,3
297118,07/03/2025,1,1,66,6,5,2,8,4,4,5,5,4,4,4,1,3,4,2,3,1,3,3,1,3,3,0,0,2,,,,,,3,4,1,3,3,1,3,10,10,3,1,3,3,3,4,1,1,,1,,,,,,,,,1,,,,,,,3,3,4,3,3,2,2,1,1,3,3,4,2,1,1,4,4,1,4,,,1,,,,,1,,,,5,1,,,,,,3,2,2,2,3,5,1,2,4,,4,1,Mobile,1,1.192,,1.156,1
297119,07/03/2025,1,1,,6,5,1,9,5,1,3,2,1,4,4,2,1,4,2,4,3,3,3,1,1,2,8,0,1,,,,,,1,3,1,7,9,3,8,5,7,1,1,99,99,2,4,1,,,,,,,,,,,,,,,,,1,,6,5,4,1,2,1,2,3,2,1,2,3,1,1,1,4,2,1,4,,,,1,,,,1,,,,2,,,,,1,,4,4,4,4,4,1,1,4,4,,5,1,PC,1,0.999,,0.969,1
297120,07/03/2025,1,1,32,3,2,1,5,2,1,5,5,1,3,4,1,4,3,2,3,4,2,2,1,98,2,4,0,5,,,,,,3,3,3,6,5,5,8,5,6,3,98,6,5,3,5,,,,,,,,,,,1,,,,,,,1,,1,4,2,2,1,4,4,2,1,1,2,2,2,2,,4,4,1,4,,,1,,1,,1,,,,,1,1,,,,,,3,3,3,3,4,1,1,2,2,2017,2,1,PC,1,1.115,,1.082,1
297121,07/03/2025,1,1,,5,4,1,6,3,5,5,4,5,4,4,3,4,1,2,4,4,3,4,4,4,4,10,8,3,,,,,,2,1,2,1,4,5,3,10,6,5,1,7,2,4,4,1,,,,1,,,,,,,,,,,,,1,,1,1,4,2,2,4,3,1,1,3,2,3,1,1,2,4,3,1,3,,,1,,1,,,,,,,1,1,,,,,,3,3,2,3,1,6,1,1,4,,3,1,Mobile,1,0.575,,0.558,4
297123,07/03/2025,1,1,,8,5,1,9,5,5,4,3,2,98,1,4,3,1,2,2,1,3,3,3,4,4,7,8,5,,,,,,3,2,3,2,2,5,2,8,4,3,1,3,3,4,5,1,1,,,,,,,,,,,1,,,,,,,5,1,3,2,2,3,3,2,2,3,2,3,3,1,5,4,4,1,2,1,,1,,1,,1,1,,,,3,,1,1,,,,3,3,3,3,2,5,1,1,3,1950,4,1,PC,1,0.951,,0.922,4
297124,07/03/2025,1,1,,4,3,2,9,5,4,5,2,5,3,4,1,3,4,2,4,1,2,2,3,3,3,10,5,2,,,,,,2,2,3,1,4,6,1,10,7,2,1,7,2,4,4,,1,,,,,,,,,,,1,,,,,,,1,1,3,4,2,3,2,1,1,4,2,3,3,1,2,4,2,1,3,,,,,,,,1,,,,8,,1,,,,,3,4,3,4,2,5,1,4,4,,4,1,Mobile,1,0.83,,0.806,6
297125,07/03/2025,1,1,,4,3,1,6,3,5,4,4,2,3,4,1,3,4,2,3,3,1,1,1,4,3,9,6,5,,,,,,1,2,1,6,7,3,2,5,6,5,2,10,1,2,4,1,,,,,,1,,1,,,,,,,,,1,,2,4,4,1,2,3,4,2,2,2,3,3,1,1,1,4,4,1,3,,,1,,1,,1,1,,,,3,1,,,,,,4,3,4,3,1,6,1,1,3,1990,4,1,Mobile,1,0.703,,0.682,3
297126,07/03/2025,1,1,,7,5,2,4,1,3,5,3,4,4,3,2,1,3,2,4,4,4,4,1,2,3,5,5,3,,,,,,4,4,4,8,8,7,5,7,9,3,1,1,1,5,1,,,,,,,,,,,,,,,,,,,,7,98,4,4,98,4,4,4,4,98,4,2,4,2,,4,2,1,3,,,1,,,,,,,,,5,1,,,,,,4,4,4,98,3,5,1,2,5,,1,1,Mobile,1,1.807,,1.752,6
297128,07/03/2025,1,1,64,6,5,1,8,4,5,4,3,3,4,4,1,3,4,2,3,1,2,3,1,4,3,8,5,2,,,,,,1,1,1,6,10,5,4,10,8,2,1,7,7,1,5,1,1,1,1,,,,,,1,,1,1,1,1,,,,,6,2,4,2,2,4,2,2,3,3,2,3,3,1,5,4,2,1,4,,,,,,,,1,,,,4,,1,,,,,3,3,3,3,2,5,1,1,2,1972,4,1,PC,1,1.134,,1.1,3
297129,07/03/2025,1,1,69,6,5,1,9,5,5,5,4,1,3,4,3,4,1,2,3,1,2,3,4,4,4,9,9,5,,,,,,1,1,2,2,3,7,2,9,4,4,1,8,2,4,5,1,,,,,,,1,,,,,1,,,,,,,2,1,4,1,2,3,4,1,2,4,2,4,2,1,2,4,3,1,4,,,1,,,,,,,,,0,,1,1,,,,4,4,3,3,2,2,1,1,6,,2,1,PC,1,0.951,,0.922,5
297130,07/03/2025,1,1,35,3,2,2,5,2,5,5,1,5,4,4,4,1,3,2,4,3,3,4,4,4,3,5,5,1,,,,,,2,4,1,0,10,1,0,10,10,5,1,99,4,1,4,1,1,,,1,1,1,1,1,,,1,1,1,,,,,,5,3,2,2,2,3,2,2,2,2,2,2,2,1,4,4,3,1,1,,,,1,1,,,1,1,,,10,1,,,,,,3,3,3,3,3,4,1,3,4,,99,1,Mobile,1,1.036,,1.005,4
297131,07/03/2025,1,1,,5,4,1,8,4,5,5,4,1,3,4,1,4,3,2,4,3,3,4,1,3,2,9,6,1,,,,,,3,2,2,7,9,4,7,10,10,3,1,7,3,2,4,1,1,,,,,,,,,,,1,,1,,,,,4,4,4,2,2,3,2,2,2,2,2,3,2,1,2,4,3,1,5,,,,,,,,1,,,,9,,1,,,,,4,4,3,4,2,4,1,1,5,,4,1,Mobile,1,0.772,,0.748,5
297132,07/03/2025,1,1,,6,5,1,9,5,5,4,2,4,3,3,3,4,1,2,4,4,3,3,2,3,3,9,7,2,,,,,,3,1,1,1,5,5,1,7,6,5,1,8,7,3,5,1,1,,1,,,,,,,,,1,,,,,,,3,1,4,2,2,4,3,1,1,3,1,3,1,2,,4,2,1,2,,,1,,,,,,,,,4,,1,1,,,,4,4,2,2,2,4,1,1,6,,2,1,PC,1,0.951,,0.922,5
297133,07/03/2025,1,1,,5,4,2,9,5,5,4,3,5,3,1,4,3,1,2,98,1,3,98,4,4,4,9,10,5,,,,,,1,2,1,1,1,10,1,10,5,4,1,8,2,6,5,,1,,,,,,,,,,,1,1,,,,,,3,1,4,2,1,3,3,1,2,4,2,3,2,1,4,2,4,1,1,1,,1,,1,,1,,,,,3,,1,,1,,,3,3,2,2,2,6,1,1,4,,3,1,PC,1,0.631,,0.612,5
297134,07/03/2025,1,1,,4,3,1,9,5,4,4,3,4,3,3,3,1,4,2,3,3,3,3,2,3,3,7,5,1,,,,,,2,1,2,6,8,3,3,7,7,0,1,7,3,2,4,1,1,1,,,,,,,,,,1,1,,,,,,6,2,3,1,1,2,1,2,3,3,2,4,2,2,,2,3,1,3,1,,,,1,,1,1,1,,,7,1,,,,,,4,3,3,3,2,5,1,2,4,,3,1,PC,1,0.851,,0.825,4
297135,07/03/2025,1,1,,5,4,1,9,5,5,5,3,2,2,3,3,1,4,2,1,1,3,4,4,4,4,10,8,5,,,,,,1,1,1,0,7,10,7,10,7,6,1,8,9,7,4,,1,1,1,,,,,,1,,1,,,,,,,,8,1,4,1,1,4,3,1,2,3,2,3,2,1,3,3,4,1,2,1,,1,,,,,,,,,0,,1,1,,,,3,3,3,3,2,6,1,1,4,,5,1,Mobile,1,0.647,,0.628,4
297136,07/03/2025,1,1,,5,4,1,9,5,5,3,3,3,1,2,3,4,1,2,1,1,3,3,3,4,4,10,9,5,,,,,,2,1,2,0,2,10,5,10,5,10,1,8,9,7,5,,,1,1,,,,1,,,,1,1,,,,,,,2,1,4,1,1,4,4,1,2,4,2,3,1,1,1,4,3,1,3,1,,1,,,,1,,,,,0,,1,1,,,,4,4,3,3,2,5,1,1,6,,99,1,Mobile,1,0.647,,0.628,1
297138,08/03/2025,1,1,,6,5,2,4,1,3,4,3,4,3,4,4,1,3,2,4,3,3,3,3,3,98,10,7,4,,,,,,1,2,3,3,5,4,2,5,8,3,2,98,99,5,4,,1,,1,1,,,,,,,,1,,,,,,,5,98,98,2,98,3,2,2,2,2,3,3,3,1,5,4,4,1,4,,,1,1,1,,,1,,,,9,1,,,,,,3,3,4,3,3,4,1,3,4,,3,1,Mobile,1,1.807,,1.752,4
297139,08/03/2025,1,1,,3,2,1,5,2,5,5,5,5,1,2,3,4,1,2,1,1,2,2,4,4,4,10,10,5,,,,,,2,2,1,0,5,5,0,6,4,5,2,8,2,4,5,1,1,,,,1,,,1,,,1,1,1,,,,,,2,1,2,1,3,4,2,1,1,3,1,2,1,1,5,4,4,1,1,1,,1,,1,,,1,1,,,5,,1,1,,,,3,3,1,2,2,6,1,4,4,,3,1,Mobile,1,1.062,,1.03,5
297140,08/03/2025,1,1,,4,3,2,8,4,5,5,4,3,3,3,3,4,2,2,3,4,3,2,3,3,3,9,9,2,,,,,,3,2,1,0,7,7,1,8,5,3,1,7,3,3,4,1,,,,,,,1,1,,,1,,1,,,,,,2,1,3,3,3,98,2,1,1,4,2,3,2,2,,4,3,1,2,,,1,,1,,,1,,,,6,,1,1,1,,,3,3,3,3,2,6,1,3,4,,3,1,Mobile,1,0.92,,0.892,5
297141,08/03/2025,1,1,,8,5,1,4,1,5,4,3,2,3,2,3,1,4,2,2,1,2,4,2,4,4,10,10,5,,,,,,2,2,3,2,4,4,5,7,6,6,1,3,3,4,3,,1,,,,,,,,,,1,,1,1,,,,,3,2,3,2,2,4,4,2,2,3,2,3,3,1,5,4,3,1,4,,,1,,1,,1,,,,,0,1,,,,,,4,3,2,3,1,6,99,1,6,,2,1,PC,1,1.355,,1.314,2
297142,08/03/2025,1,1,,6,5,1,9,5,5,2,3,2,3,4,1,2,3,2,4,4,2,3,2,3,1,3,5,1,,,,,,2,2,2,8,8,6,6,8,9,7,2,97,99,4,4,1,1,1,,,,,,,1,,1,,,1,,,,,3,5,4,1,1,4,2,2,2,2,2,3,1,1,5,4,4,2,4,,,,1,,1,,,,,,3,1,,,,,,3,3,98,3,2,5,1,1,6,,99,1,Mobile,1,0.951,,0.922,4
297143,08/03/2025,1,1,,6,5,1,9,5,5,4,3,4,2,4,1,4,3,2,98,4,2,3,3,3,3,8,7,5,,,,,,3,2,2,3,5,6,2,8,7,7,1,3,30,4,5,,1,1,,,,,,,,,1,1,1,,,,,,2,2,3,1,2,4,4,2,2,3,2,3,3,1,5,4,3,1,4,1,,1,,,,1,1,,,,7,,1,1,,,,3,3,2,3,2,5,1,1,6,,3,1,PC,1,0.951,,0.922,2
297145,08/03/2025,1,1,,6,5,1,9,5,4,4,3,1,2,1,3,4,1,2,2,1,3,3,2,3,3,5,7,5,,,,,,2,2,2,5,5,5,3,7,6,5,1,3,3,4,4,1,1,1,1,,,,,,,,1,1,1,,,,,,5,2,3,2,2,3,2,2,2,3,3,4,4,2,,4,4,1,4,,,1,,1,,1,,,,,4,1,,,,,,4,4,4,3,2,4,1,4,5,,3,1,Mobile,1,1.024,,0.993,4
297148,08/03/2025,1,1,,6,5,1,8,4,5,4,3,5,1,1,3,4,1,2,1,2,3,4,4,3,3,9,9,5,,,,,,1,1,1,1,3,9,3,8,4,9,1,8,8,7,4,1,,1,,,,,,,,,1,1,,,,,,,3,1,4,1,4,1,98,1,2,4,2,3,3,1,5,4,4,1,2,1,,1,,,,1,,,,,1,,1,1,,,,4,3,2,2,1,5,1,1,6,,3,1,PC,1,1.134,,1.1,3
297149,08/03/2025,1,1,,6,5,1,4,1,5,4,3,2,2,2,3,1,4,2,2,1,4,3,2,4,3,10,7,5,,,,,,3,2,3,1,3,7,3,7,6,6,2,98,8,5,2,1,,1,,,,,,,,,,1,,,,,,,1,1,3,2,1,3,3,1,2,3,2,3,2,2,,4,2,1,1,1,,1,,,,,,,,,4,,1,1,,,,4,3,3,2,1,6,1,1,6,,3,1,PC,1,1.355,,1.314,2
297150,08/03/2025,1,1,32,3,2,1,4,1,5,5,3,4,3,4,3,4,2,2,3,1,3,3,3,3,3,6,5,2,,,,,,3,4,3,4,5,5,5,5,5,4,3,98,2,5,3,1,1,,,1,1,,,,,,,1,1,,,,,,3,2,4,4,3,4,3,2,2,3,3,3,2,2,,4,4,1,4,1,,1,1,,,,1,1,,,6,1,,,,,,3,3,3,3,2,5,1,1,4,,2,1,Mobile,1,1.014,,0.984,5
297151,08/03/2025,1,1,,3,2,1,5,2,5,5,5,5,4,4,1,2,4,2,4,3,1,3,3,3,2,0,10,1,,,,,,4,4,4,5,5,5,0,8,0,0,2,97,98,98,4,1,,,,,,,,,,,,,,,,,1,,5,3,3,3,3,3,3,1,1,1,1,2,1,2,,4,4,1,4,,,,1,1,,,1,1,,,0,1,,,,,,3,3,2,2,1,5,1,1,2,2004,1,1,Mobile,1,1.062,,1.03,1
297152,08/03/2025,1,1,,7,5,1,6,3,4,2,4,2,4,98,3,1,2,2,4,3,2,1,3,3,3,10,5,2,,,,,,1,2,2,5,5,3,2,10,8,2,1,30,3,3,4,1,,1,,,,,1,,,,,,,,,,1,,3,1,4,2,2,4,3,1,2,3,3,4,3,2,,4,4,1,4,,,,,1,,,1,,,,7,1,,,,,,4,4,4,4,2,4,1,1,2,1959,4,1,Mobile,1,0.91,,0.883,5
297153,08/03/2025,1,1,,3,2,2,8,4,5,4,4,5,4,4,4,3,2,2,3,4,3,3,3,4,3,6,9,5,,,,,,98,2,3,4,5,4,2,7,6,5,2,98,2,5,2,1,,,,,,,,,,,,,,,,,1,,6,2,3,2,3,3,3,2,2,2,2,2,2,1,5,4,4,1,2,,,1,,,,,1,,,,7,1,,,,,,2,2,3,3,1,6,1,4,4,,4,1,Mobile,1,0.828,,0.804,4
297154,08/03/2025,1,1,,3,2,1,5,2,4,4,3,2,4,4,1,3,2,2,4,3,2,3,1,2,1,4,2,2,,,,,,3,2,2,9,5,5,5,7,8,1,1,97,4,2,4,,1,,,,,,,1,,,,1,1,1,,,,,8,4,3,3,3,3,2,98,2,2,3,3,3,1,4,4,4,98,4,,,1,1,1,,,1,,,,7,1,,,,,,4,4,3,4,2,5,1,3,4,,4,1,PC,1,1.143,,1.109,4
297156,08/03/2025,1,1,,6,5,1,4,1,4,3,3,1,4,4,1,3,4,2,4,3,2,3,1,2,1,0,0,1,,,,,,3,2,2,10,10,3,10,6,10,5,1,1,99,1,3,,1,,,,,,,,,,1,,,1,,,,,8,5,4,2,2,3,2,4,4,1,2,4,1,1,4,4,4,1,5,,,,,,,,1,,,,10,1,,,,,,4,4,2,3,2,5,1,2,5,,5,1,Mobile,1,1.459,,1.415,6
297157,08/03/2025,1,1,,6,5,2,4,1,3,4,2,4,4,4,1,2,3,2,4,1,3,3,3,3,2,7,6,1,,,,,,4,2,2,5,8,7,5,8,10,2,2,97,1,3,2,,1,,,,,,,,,,1,,,,,,,,8,3,4,1,2,4,1,98,98,2,2,4,3,2,,4,4,1,2,,,1,,,,,,,,,8,1,,,,,,3,3,3,3,3,2,1,2,5,,2,1,Mobile,1,1.807,,1.752,4
297158,08/03/2025,1,1,,4,3,2,4,1,5,5,5,3,4,4,4,3,1,2,4,3,4,3,3,4,4,10,6,1,,,,,,3,4,2,3,3,7,1,10,5,0,1,3,3,4,5,1,1,,1,1,,,,1,,,,1,1,,,,,,1,1,3,2,2,3,2,1,1,3,3,4,4,1,1,4,4,1,3,,,,1,1,,,1,,,,7,,1,1,,,,2,3,2,3,1,6,1,3,5,,3,1,Mobile,1,1.099,,1.066,4
297159,08/03/2025,1,1,23,2,1,2,8,4,1,98,1,5,4,3,2,1,3,2,4,3,98,3,1,1,98,10,0,1,,,,,,4,2,3,98,98,98,98,98,98,98,1,99,6,1,1,,,,,,,,,,,,,,,,,,,,1,98,4,4,3,98,98,2,2,3,4,3,98,2,,4,4,1,2,,,,,,,,,,,1,10,,,,,1,,3,3,3,3,4,3,1,4,4,,99,1,PC,1,0.914,,0.887,6
297160,08/03/2025,1,1,29,2,1,1,5,2,1,5,3,1,4,4,1,2,3,2,4,3,3,2,1,1,2,3,4,1,,,,,,2,1,2,4,10,4,5,4,7,0,1,9,4,1,5,,,,,,,,1,,,,,,,,,,1,,4,5,3,2,2,2,2,2,2,2,2,3,2,1,3,3,3,1,2,,,,,1,,,1,,,,6,1,,,,,,4,4,4,3,4,1,1,2,4,,3,1,Mobile,1,1.172,,1.137,7
297161,08/03/2025,1,1,32,3,2,2,6,3,1,5,3,5,4,4,1,3,4,2,4,4,2,3,1,1,1,0,0,1,,,,,,4,3,3,5,10,0,10,10,10,0,1,5,5,1,3,1,,,,,,,,,,,,,,1,,,,,10,5,3,3,3,3,1,3,4,1,2,3,2,1,5,4,3,2,3,,,,1,1,1,,,,,,10,1,,,,,,3,4,3,4,4,5,1,3,4,,4,1,PC,1,0.648,,0.629,4
297162,08/03/2025,1,1,,4,3,1,9,5,2,5,4,5,98,3,1,3,4,2,2,1,2,3,2,98,3,8,5,5,,,,,,2,3,1,0,5,5,1,8,8,5,1,30,3,4,4,1,,1,1,,,,,,,,1,1,1,,,,,,2,2,4,1,2,3,3,1,2,3,2,3,2,1,5,4,3,1,2,1,1,1,,1,,1,1,1,,,5,,1,,,,,1,2,1,2,3,1,1,1,6,,4,1,Mobile,1,1.066,,1.034,4
297163,09/03/2025,1,1,,7,5,2,9,5,5,4,3,2,3,4,4,1,3,2,1,1,3,3,3,3,4,10,7,5,,,,,,3,1,1,0,3,8,2,9,8,7,1,8,2,5,5,,1,1,1,1,,,,,,,1,1,1,,,,,,3,1,4,1,2,3,3,1,2,3,2,3,1,1,4,4,2,1,5,1,,1,,1,,1,,,,,2,,1,1,,,,4,3,3,3,2,5,1,4,6,,5,1,PC,1,0.928,,0.9,9
297164,09/03/2025,1,1,,3,2,1,8,4,2,3,3,2,4,4,2,4,1,2,4,3,2,2,3,2,2,3,7,1,,,,,,2,2,2,6,10,7,6,8,10,5,1,4,4,2,5,1,,1,,,,,,,,,,,,,,,1,,7,4,4,2,1,3,3,2,2,1,2,3,2,1,2,3,3,98,4,,,,1,1,1,,1,1,,,5,1,,,,,,4,4,4,4,4,1,1,1,6,,2,1,Mobile,1,1.144,,1.11,7
297165,09/03/2025,1,1,,3,2,2,5,2,1,3,3,2,4,4,1,2,4,2,4,4,98,4,1,2,1,9,0,1,,,,,,2,2,4,10,10,98,10,10,10,3,1,30,99,1,4,,,,,,,,1,,,,,,,,,,1,,1,3,4,4,4,3,1,4,3,1,3,4,3,1,5,4,3,1,3,,,,,,,,1,,,,10,1,,,,,,4,4,4,4,4,2,1,2,3,1990,1,1,PC,1,1.088,,1.056,5
297166,09/03/2025,1,1,,6,5,2,3,1,3,4,4,3,4,2,4,2,3,2,4,3,4,3,3,2,1,4,1,1,,,,,,4,2,1,10,10,0,9,8,10,0,1,1,1,1,5,,1,,,,,,,,,,1,,,,,,,,10,5,4,98,4,2,1,4,4,1,3,3,2,1,1,4,2,98,5,,,,,,1,,,,,,10,1,,,,,,4,4,3,4,3,5,1,3,5,,3,1,Mobile,1,1.807,,1.752,1
297167,09/03/2025,1,1,26,2,1,2,8,4,5,4,1,5,4,3,2,1,3,2,4,3,4,3,4,4,3,8,8,1,,,,,,3,2,3,4,7,4,4,10,6,5,1,2,3,3,4,,1,,,,1,,,,,,1,1,1,,,,,,5,3,2,2,2,2,1,2,2,2,2,3,2,1,2,3,3,1,2,,,1,,,,,,,,,5,1,,,,,,3,3,3,3,2,5,1,1,7,,1,1,Mobile,1,0.871,,0.845,2
297180,09/03/2025,1,1,,4,3,2,4,1,1,4,3,4,4,4,1,4,2,2,4,3,2,4,1,1,1,0,0,2,,,,,,2,2,2,5,5,1,10,5,5,0,1,6,6,3,3,1,,1,1,,,,,,,,,,,,,,,1,3,4,4,4,3,1,1,2,2,2,2,2,2,2,,4,4,1,3,,,,1,,,,1,,,,8,1,,,,,,4,4,4,4,4,1,1,1,4,,4,1,PC,1,1.154,,1.12,7
297183,09/03/2025,1,1,,5,4,2,9,5,5,5,3,5,4,4,4,3,1,2,4,1,2,1,4,4,3,10,8,3,,,,,,3,1,3,0,2,10,0,10,4,5,1,2,2,5,5,,1,1,,,,,,,,,,1,,,,,,,1,1,4,1,2,2,1,1,2,4,2,4,1,2,,4,4,1,3,,,1,,,,,,1,,,9,,1,1,,,,4,3,2,3,2,5,1,4,4,,4,1,Mobile,1,0.631,,0.612,4
297184,09/03/2025,1,1,53,5,4,1,5,2,5,5,5,3,3,2,4,3,1,2,2,1,3,3,4,4,4,10,6,5,,,,,,1,1,1,4,8,8,8,8,8,8,1,8,9,5,4,1,1,,,,,,,,,,1,1,1,,,,,,1,1,4,1,1,4,4,1,2,3,3,4,2,1,5,4,3,1,4,1,,1,,1,,1,,,,,0,,1,1,,,,3,3,3,3,2,5,1,2,6,,5,1,PC,1,0.965,,0.936,5
297185,09/03/2025,1,1,49,4,3,2,5,2,5,5,4,4,2,3,3,4,2,2,2,1,2,3,4,4,4,10,10,5,,,,,,2,1,3,3,2,5,0,7,4,4,1,3,2,5,5,1,,,,,,,,,,,,1,,,,,,,3,2,2,2,2,3,3,1,2,3,3,4,1,1,2,4,3,1,3,,,1,,1,,,,,,,3,,1,,,,,3,3,3,3,1,6,5,1,3,1994,3,1,Mobile,1,1.151,,1.117,7
297186,09/03/2025,1,1,,7,5,2,9,5,5,5,4,5,2,1,3,4,1,2,2,1,3,3,3,4,4,10,9,4,,,,,,3,2,1,0,5,9,5,10,4,7,2,97,2,5,5,1,1,1,,1,,,,,,,1,1,1,,,,,,2,1,2,1,3,4,3,1,1,3,2,3,2,1,0,4,4,1,3,,,1,,,,,,,,,3,,1,1,,,,3,3,2,3,2,6,1,1,6,,1,1,PC,1,0.928,,0.9,5
297187,09/03/2025,1,1,,3,2,2,8,4,5,4,4,4,3,1,4,3,1,2,2,1,2,3,3,3,4,7,9,3,,,,,,4,1,3,4,5,7,5,7,7,3,1,10,3,5,3,1,1,1,1,1,1,,1,,,,1,1,1,,,,,,4,2,3,3,3,2,3,2,2,3,3,3,3,2,,4,3,1,3,1,,1,1,1,,,1,1,,,8,,1,,,,,3,3,2,2,2,4,1,1,6,,5,1,PC,1,0.828,,0.804,5
297188,09/03/2025,1,1,,4,3,1,4,1,4,3,3,2,4,4,1,2,3,2,4,3,2,3,1,2,1,3,1,2,,,,,,2,1,2,10,10,5,10,9,10,3,1,1,1,1,5,,,,,,,,,1,1,,,,,1,,,,,8,5,3,2,2,2,1,3,3,1,2,2,1,1,3,4,4,2,5,,,,1,,1,,,,,,6,1,,,,,,4,4,3,4,3,4,1,3,5,,4,1,Mobile,1,1.213,,1.176,6
297189,09/03/2025,1,1,,3,2,1,5,2,1,3,1,1,98,98,1,2,4,2,4,3,98,98,2,1,1,0,1,1,,,,,,3,2,3,10,10,4,10,10,10,0,1,5,99,1,4,1,1,1,,,,,,,,,,,,1,,,,,7,4,98,98,98,1,2,98,98,98,98,98,98,99,,99,99,98,98,,,,,,,,,,,1,10,,,,,,1,4,4,4,4,4,1,99,4,4,,99,1,PC,1,1.115,,1.082,1
297191,09/03/2025,1,1,34,3,2,2,9,5,5,5,4,2,3,3,3,4,1,2,98,1,3,2,4,4,3,10,9,5,,,,,,3,1,3,0,3,8,3,8,5,2,2,97,8,6,5,1,1,,,1,1,,,,,,,1,1,,,,,,2,1,3,1,1,4,3,1,1,3,2,3,98,2,,4,3,1,2,,,1,,,,1,1,,,,2,,1,,,,,3,4,98,98,2,6,1,4,4,,3,1,Mobile,1,0.694,,0.674,5
297192,09/03/2025,1,1,,5,4,1,4,1,5,4,3,5,4,4,3,4,1,2,2,1,4,4,4,3,1,10,10,1,,,,,,4,4,4,10,10,0,0,10,10,0,4,1,1,1,4,,1,,,,,,,,,,1,,,,,,,,10,5,4,4,2,4,4,4,4,1,1,1,1,2,,4,4,1,3,,,1,,,,,,,,,0,1,,,,,,4,4,4,4,3,4,1,1,7,,3,1,PC,1,0.922,,0.894,6
297193,09/03/2025,1,1,41,4,3,1,8,4,5,5,4,5,4,4,1,4,3,2,4,3,3,4,2,3,2,7,5,3,,,,,,2,2,1,4,6,3,4,8,6,3,2,7,2,3,5,,1,1,,1,,,1,,,,1,,,1,,,,,1,3,4,2,2,3,2,2,2,2,2,2,2,1,1,4,2,1,2,,,1,,1,,,1,1,,,9,1,,,,,,3,3,2,2,2,4,1,1,4,,4,1,Mobile,1,0.943,,0.914,4
297194,09/03/2025,1,1,,7,5,2,9,5,3,5,5,4,3,4,3,1,4,2,3,1,2,4,3,3,4,10,8,5,,,,,,1,1,1,0,6,10,5,7,7,5,1,97,2,5,5,1,1,1,1,1,,,1,,,,1,1,,,,,,,1,1,4,4,1,4,4,1,1,3,2,2,2,2,,4,4,1,3,,,1,,,,1,1,,,,5,,1,1,,,,3,3,2,3,4,2,1,1,6,,5,1,Mobile,1,1.268,,1.23,4
297195,09/03/2025,1,1,,2,1,1,2,1,1,4,2,4,4,3,1,4,3,2,4,3,3,3,2,2,1,3,0,1,,,,,,4,3,2,6,9,5,7,8,7,2,1,6,6,4,4,1,,1,,,,,,,,,1,,,,,,,,5,4,4,2,2,4,4,2,2,1,3,4,2,2,,4,4,1,4,,,,,,,,1,,,,3,1,,,,,,4,3,3,4,3,2,1,1,4,,3,1,Mobile,1,1.119,,1.086,1
297196,09/03/2025,1,1,27,2,1,1,8,4,4,5,2,5,4,4,4,3,1,2,4,3,3,3,4,4,2,4,5,5,,,,,,1,3,2,3,10,10,7,10,10,3,1,98,3,4,2,,,,,1,1,,1,1,,,1,,,,,,,,1,1,4,1,4,4,2,2,2,2,3,3,2,1,2,4,2,1,1,,,,,,1,1,1,1,,,6,1,,,,,,4,4,4,4,2,5,1,4,4,,1,1,PC,1,0.96,,0.932,5
297197,09/03/2025,1,1,,6,5,1,9,5,1,4,4,2,4,4,1,2,3,2,4,3,3,3,1,1,2,3,1,1,,,,,,3,2,2,5,9,5,9,7,9,2,1,4,4,2,5,1,,1,,,,,,,,,,,,,,,1,,8,4,3,2,3,2,3,2,2,1,2,3,2,1,3,4,3,1,2,,,,1,1,1,,1,1,,,7,1,,,,,,3,3,3,3,4,1,1,1,4,,2,1,PC,1,0.999,,0.969,7
297198,09/03/2025,1,1,,3,2,2,8,4,5,4,3,4,4,4,1,2,4,2,4,1,3,3,3,3,2,7,2,1,,,,,,2,2,2,8,9,2,2,8,7,0,1,97,1,2,5,1,1,1,,1,1,,,,,,,1,,,,,,,3,3,3,2,2,2,2,2,2,1,3,3,2,1,1,4,4,1,4,,,,,,1,,,,,,10,1,,,,,,4,4,4,3,2,5,1,3,4,,1,1,Mobile,1,0.828,,0.804,7
297208,09/03/2025,1,1,43,4,3,2,9,5,5,3,3,4,4,4,1,2,3,2,4,3,2,3,2,3,2,2,3,1,,,,,,3,2,3,8,8,3,2,10,7,4,2,1,1,2,3,,1,,,1,1,,,,,,,1,1,,,,,,6,3,2,3,3,2,2,2,2,2,2,3,2,2,,4,4,1,3,,,,,,,,1,,,,9,1,,,,,,98,98,98,98,1,5,1,3,3,1998,1,1,Mobile,1,0.771,,0.748,5
297210,09/03/2025,1,1,,4,3,1,7,3,5,5,4,5,3,2,3,2,1,2,2,1,3,3,3,4,3,5,8,2,,,,,,3,2,4,3,4,5,3,10,5,5,2,7,30,4,2,1,,1,,,1,1,,,,,,1,,,,,,,5,1,3,2,3,3,3,1,1,2,2,3,98,2,,4,4,1,2,,,,1,1,,,,1,,,7,1,,,,,,3,3,3,3,1,6,1,1,3,1990,99,1,Mobile,1,0.703,,0.682,6
297211,10/03/2025,1,1,41,4,3,2,8,4,2,3,3,2,4,4,1,2,3,2,4,4,3,3,1,1,1,1,5,1,,,,,,1,1,1,10,10,2,8,9,10,0,1,1,1,1,5,1,,,,1,1,,1,,,,,,,1,,,,,8,5,4,98,98,98,1,3,3,1,2,4,2,1,1,4,3,1,5,,,1,1,,1,,1,,,,8,1,,,,,,4,4,4,4,4,4,1,2,4,,4,1,Mobile,1,1.241,,1.203,1
297224,10/03/2025,1,1,,4,3,1,6,3,2,4,3,2,4,4,1,3,2,2,4,4,3,98,2,98,3,3,2,1,,,,,,2,2,2,6,8,5,5,8,9,2,1,30,10,2,5,1,1,1,,1,,,,1,,,1,1,1,1,,,,,4,4,4,2,2,3,3,2,2,1,3,3,3,1,2,3,4,98,3,,,,1,,1,,1,,,,8,1,,,,,,4,4,4,4,4,1,1,1,4,,4,1,Mobile,1,0.947,,0.919,2
297233,10/03/2025,1,1,24,2,1,1,5,2,3,3,5,2,4,4,1,2,3,2,4,3,3,1,1,1,2,6,1,1,,,,,,4,1,4,10,8,5,9,8,9,7,1,4,5,3,2,,1,,,,,,,,,,1,,,,,,,,6,3,3,2,3,3,2,2,2,1,2,2,2,2,,4,4,1,3,,,,1,,,,,,,,10,1,,,,,,2,4,4,4,3,3,1,3,7,,5,1,Mobile,1,1.525,,1.479,5
297235,10/03/2025,1,1,28,2,1,2,8,4,1,3,3,3,4,4,1,2,4,2,4,3,2,4,1,1,1,0,0,1,,,,,,1,1,2,10,10,98,10,10,10,0,1,5,5,1,4,,,1,,,,,,,,,,,,,,,1,,10,5,98,98,98,98,1,3,2,1,4,4,98,1,1,4,2,2,4,,,,1,1,1,,,,,,10,1,,,,,,4,4,4,4,4,1,1,3,4,,1,1,PC,1,0.914,,0.887,6
297236,10/03/2025,1,1,,3,2,1,5,2,5,5,3,4,4,4,2,3,4,2,4,4,2,3,1,2,3,10,2,3,,,,,,2,2,3,5,5,5,5,5,5,5,3,97,99,4,1,,,,,,,,,,,,,,,,,,,,7,1,3,2,2,3,3,2,2,3,3,4,2,1,2,4,4,1,3,,,,,,,1,,,,,1,1,,,,,,4,4,4,4,2,5,5,4,1,1997,1,1,Mobile,1,1.062,,1.03,3
297238,10/03/2025,1,1,33,3,2,1,1,1,1,4,4,2,4,3,1,2,3,2,4,3,3,3,1,2,2,0,0,2,,,,,,3,2,4,10,10,0,10,8,10,0,2,5,5,1,4,,,,,,,,1,,,,,,,1,,,,,10,5,4,2,1,4,4,4,4,1,2,4,1,2,,4,3,2,5,,,1,,,,,,,,,10,1,,,,,,4,4,3,4,3,1,1,3,5,,1,1,PC,1,1.065,,1.033,6
297239,10/03/2025,1,1,,5,4,1,4,1,4,4,3,1,4,4,2,1,3,2,4,4,4,4,3,4,1,0,5,1,,,,,,1,1,2,10,10,2,5,5,5,2,1,1,1,1,4,,,,,,,,1,,,,,,,1,,,,,9,5,1,4,2,3,1,4,2,1,4,2,2,2,,4,4,2,3,,,,1,1,,,1,,,,6,1,,,,,,4,4,2,4,2,4,1,3,5,,3,1,PC,1,0.993,,0.963,4
297240,11/03/2025,1,1,54,5,4,2,4,1,4,5,3,1,3,4,4,1,3,2,2,1,98,3,1,3,3,10,5,1,,,,,,3,2,3,0,3,7,7,10,5,1,1,97,8,6,4,,,,,,,,1,,,,,1,,,,,,,4,1,4,98,2,3,2,1,1,2,3,4,3,1,1,4,4,1,4,,,1,,1,,,1,,,,10,1,,,,,,2,3,3,4,2,5,1,2,5,,2,1,Mobile,1,0.969,,0.94,2
297241,11/03/2025,1,1,,5,4,2,9,5,5,4,3,3,2,1,3,4,1,2,2,1,3,3,4,4,3,8,8,4,,,,,,2,1,2,0,3,8,2,10,2,8,1,8,2,6,4,1,1,,,1,,,1,,,,,1,,,,,,,3,1,2,98,3,3,3,1,2,3,1,3,98,1,5,4,4,1,3,1,,1,1,1,,1,,1,,,5,,1,1,,,,3,3,3,3,2,5,1,4,6,,5,1,Mobile,1,0.631,,0.612,5
297242,11/03/2025,1,1,,2,1,2,7,3,5,5,3,2,2,98,4,3,1,2,4,2,3,3,3,4,3,10,5,4,,,,,,3,2,2,5,6,3,6,10,9,5,1,98,7,3,2,1,,,,,1,,,,,,,,,,,,1,,3,2,3,1,1,3,2,1,1,1,1,2,2,1,4,4,3,1,1,,,1,1,1,,1,,,,,3,1,,,,,,3,3,3,3,1,6,1,1,7,,2,1,Mobile,1,0.649,,0.629,6
297243,11/03/2025,1,1,25,2,1,2,8,4,5,5,1,5,3,4,4,3,2,2,4,4,2,2,4,4,4,10,5,1,,,,,,2,3,2,5,7,2,5,8,8,2,1,98,98,2,2,,,,,1,1,,,,,,,1,,,,,,,7,3,3,3,2,3,1,2,2,2,2,3,2,1,2,1,3,1,4,,,,1,,,,,,,,8,1,,,,,,3,3,2,3,2,5,1,3,4,,1,1,Mobile,1,0.871,,0.845,4
297244,11/03/2025,1,1,,6,5,1,8,4,2,3,3,2,4,3,1,4,3,2,4,4,2,2,3,2,2,5,4,1,,,,,,2,2,2,8,9,4,4,9,10,3,1,4,1,2,3,1,1,1,1,,,,,,,,1,,,1,,,,,7,4,4,2,2,3,2,2,2,2,3,4,2,2,,4,3,2,4,,,,1,1,,,1,1,,,4,1,,,,,,3,4,3,3,4,1,1,2,1,1963,2,1,Mobile,1,1.529,,1.484,6
297246,11/03/2025,1,1,,3,2,2,9,5,1,5,2,2,4,4,2,1,3,2,4,4,98,3,1,1,98,3,1,98,,,,,,4,2,3,7,8,2,9,5,7,0,4,6,6,2,3,1,,,,,,,,,,,,,,,,,1,,98,98,3,98,98,2,2,2,98,98,2,3,98,2,,4,4,1,98,,,,,,,,,,,1,8,1,,,,,,3,3,3,3,4,4,1,1,4,,3,1,PC,1,0.729,,0.708,1
297248,11/03/2025,1,1,,1,1,2,7,3,1,5,98,2,4,4,1,3,4,2,4,4,3,3,98,2,98,4,4,3,,,,,,3,3,3,5,6,6,7,6,7,5,2,97,4,3,2,1,,,,,,,,,,,,,,,,,1,,4,98,3,3,98,3,2,2,2,2,3,4,98,99,,4,2,98,4,,,1,1,1,1,1,1,,,,9,1,,,,,,3,3,3,3,3,99,1,2,5,,99,1,Mobile,1,0.682,,0.661,5
297249,12/03/2025,1,1,,5,4,2,8,4,1,3,3,4,4,4,2,1,3,2,4,3,98,3,1,2,1,4,1,1,,,,,,98,98,4,9,9,98,10,5,8,98,1,6,5,2,2,,,,1,,,,,,,,,,,1,,,,,98,98,98,98,2,98,2,3,3,98,98,2,2,1,1,4,4,2,4,,,,,,1,,,,,,10,1,,,,,,4,4,3,3,4,2,1,2,5,,3,1,Mobile,1,0.791,,0.767,4
297250,12/03/2025,1,1,27,2,1,2,8,4,5,3,2,3,3,3,4,3,1,2,2,1,3,3,4,4,4,10,7,5,,,,,,2,2,2,0,2,7,0,10,5,5,1,2,2,5,4,1,1,1,1,1,1,,,,,,1,1,,,,,,,3,1,3,2,2,3,3,2,2,3,2,3,4,1,3,4,3,1,3,,,1,1,1,,,1,,,,4,,1,1,,,,3,3,3,98,1,6,1,2,5,,99,1,Mobile,1,0.871,,0.845,4
297251,12/03/2025,1,1,46,4,3,2,8,4,5,5,3,5,3,4,3,4,1,2,98,1,98,3,4,4,3,10,9,4,,,,,,2,2,1,0,0,9,0,10,0,5,1,98,8,6,5,,1,,,1,,,1,,,,1,1,,,,,,,1,1,98,98,98,4,4,1,1,3,1,3,1,1,4,4,3,1,2,,,1,,1,,,1,,,,3,,1,1,,,,4,3,98,98,1,6,1,1,4,,5,1,Mobile,1,0.92,,0.892,4
297253,13/03/2025,1,1,34,3,2,2,7,3,3,5,4,5,98,,,,,2,2,1,3,3,3,2,3,6,10,5,4,4,2,3,2,3,2,4,0,0,5,0,7,4,3,1,13,13,4,3,1,1,,,,1,,,,,,,,,,1,,,,1,2,2,2,2,4,4,1,1,2,1,2,1,1,3,4,4,1,1,,,,,,,,,,,1,1,1,,,,,,2,2,2,3,3,6,2,,,,3,2,Mobile,1,,1.581,1.802,8
297255,13/03/2025,1,1,,4,3,1,9,5,3,3,2,4,1,,,,,2,1,2,1,4,3,2,4,7,10,5,3,1,3,1,1,2,3,2,0,0,8,2,5,1,5,4,94,94,7,5,1,1,,,1,1,,1,,,,,,,,1,1,,,1,1,3,98,1,3,3,1,1,3,1,1,1,2,,4,4,1,98,1,,1,,,,,,,,,0,1,,,,,,3,3,3,1,2,2,5,,,,3,2,PC,1,,0.081,0.093,8
297256,13/03/2025,1,1,40,4,3,2,8,4,4,5,5,5,2,,,,,2,2,1,3,3,3,3,4,9,8,5,3,3,2,2,3,3,2,3,4,1,7,1,6,2,5,1,8,9,6,3,1,1,,,1,1,,,,,,,1,,,,,,,3,2,3,4,3,4,3,2,2,3,2,3,2,2,,4,4,1,1,,,1,,,,1,,,,,3,1,,,,,,3,3,3,3,3,3,5,,,,1,2,Mobile,1,,0.162,0.185,8
297257,13/03/2025,1,1,44,4,3,2,4,1,3,98,3,3,98,,,,,2,98,1,98,3,98,98,98,4,10,98,3,98,3,98,3,98,98,4,98,98,98,98,98,98,98,3,94,94,98,1,,,,,,,,,,,,,,,,,,,,98,98,98,3,98,98,98,98,2,98,3,98,98,99,,99,4,98,98,,,,,,,,,,,1,1,1,,,,,,98,98,98,98,4,6,2,,,,99,2,Mobile,1,,3.005,3.426,8
297258,13/03/2025,1,1,34,3,2,2,8,4,3,3,3,5,3,,,,,2,2,2,2,2,2,1,1,10,10,3,2,2,1,3,3,3,3,4,0,0,4,0,2,0,6,4,94,2,4,2,1,,,,,,,,,,,,,,,1,,,,3,5,2,3,3,3,3,1,1,2,1,1,1,2,,4,4,1,1,,,,,,,,,,1,,0,1,,,,,,1,1,2,1,2,4,2,,,,1,2,Mobile,1,,0.693,0.79,8
297259,13/03/2025,1,1,,3,2,1,4,1,3,5,4,4,3,,,,,2,2,1,3,3,4,2,3,10,10,5,3,3,2,98,2,3,2,3,0,2,4,4,5,2,5,1,12,12,5,2,,1,,,1,1,,,,,,,,,,,1,,,2,2,3,3,3,4,4,1,2,2,1,1,2,1,5,4,4,1,1,1,,,,,,1,,,,,0,1,,,,,,2,2,2,2,3,2,2,,,,4,2,Mobile,1,,2.07,2.36,8
297261,13/03/2025,1,1,,5,4,1,8,4,4,4,4,5,3,,,,,2,3,4,3,3,3,98,3,10,7,98,4,3,2,1,4,2,2,2,5,4,4,5,6,3,10,1,7,7,5,4,,,1,,,,,,,,,1,,,,,1,,,7,98,4,4,4,4,98,2,2,3,3,3,4,2,,4,4,1,3,1,,,,,,,,,,,6,1,,,,,,4,3,2,2,2,6,5,,,,3,2,Mobile,1,,0.044,0.05,8
297262,13/03/2025,1,1,,4,3,1,9,5,4,4,2,5,1,,,,,2,1,1,4,2,4,3,2,10,4,5,4,3,3,2,3,3,2,2,1,1,5,5,5,2,5,2,13,13,7,5,1,,,,1,,,,,,,,,1,,1,,,,1,1,3,3,3,4,4,1,2,3,1,1,2,99,,4,4,1,1,,,,,,,1,,,,,0,1,,,,,,3,3,3,3,3,1,2,,,,1,2,Mobile,1,,0.037,0.043,8
297263,13/03/2025,1,1,,5,4,2,9,5,2,3,3,3,2,,,,,2,2,1,4,4,2,2,3,10,5,5,3,3,3,98,3,3,2,3,5,98,5,98,98,98,7,2,11,11,6,1,,,,,,,,,,,,,,,,,,,,3,98,3,98,2,4,3,2,2,2,3,3,98,2,,4,4,1,4,,,,,,,,,,,1,5,1,,,,,,3,3,3,3,3,2,5,,,,2,2,Mobile,1,,0.179,0.205,8
297264,13/03/2025,1,1,51,5,4,1,9,5,4,5,3,5,4,,,,,2,1,1,3,4,4,3,4,10,8,5,4,4,2,1,4,4,3,2,3,3,10,5,8,7,8,4,12,12,6,5,1,1,,1,1,1,,1,1,,,1,1,1,,1,1,,,5,1,3,2,2,4,4,1,1,4,2,2,4,1,5,4,3,1,3,1,1,,,1,,1,,,,,0,1,,,,,,4,4,3,3,3,2,2,,,,5,2,PC,1,,0.029,0.033,8
297265,13/03/2025,1,1,37,3,2,2,8,4,5,98,98,3,98,,,,,2,1,1,2,3,4,4,3,10,10,98,4,3,98,1,98,98,3,3,0,0,98,98,98,0,5,4,94,9,7,1,,,,,,,,,,,,,,,,,,,,1,98,98,98,1,4,4,1,1,1,1,1,1,2,,4,4,1,1,,,1,,,,1,,,,,0,1,,,,,,98,98,98,98,1,6,5,,,,1,2,Mobile,1,,1.794,2.045,8
297266,13/03/2025,1,1,35,3,2,2,9,5,2,5,5,5,2,,,,,2,2,2,4,3,3,3,3,10,10,5,3,3,3,3,2,3,3,3,0,1,6,3,4,2,5,4,94,13,7,5,,,,,1,,,,,,,,1,,,1,,,,2,1,3,3,2,3,3,2,2,3,1,1,1,1,4,4,4,1,1,,,1,,,,1,,,,,2,1,,,,,,1,1,1,1,3,3,2,,,,2,2,Mobile,1,,0.459,0.523,8
297268,13/03/2025,1,1,31,3,2,2,9,5,3,4,3,3,98,,,,,2,98,1,2,3,2,4,3,10,7,5,4,98,1,98,4,3,1,2,5,1,7,5,5,5,98,1,8,9,6,4,1,1,1,1,1,,1,1,1,1,,,,,,,1,,,6,3,3,4,3,4,4,2,2,98,1,3,4,1,4,4,4,1,3,,,1,,,,,,,,,3,1,,,,,,4,4,3,3,2,5,2,,,,3,2,Mobile,1,,0.459,0.523,8
297269,13/03/2025,1,1,,4,3,2,9,5,2,5,4,5,4,,,,,2,1,2,3,4,4,1,4,10,10,5,4,4,4,4,1,4,4,1,0,0,0,0,0,0,0,4,97,94,1,5,1,1,,,1,1,,,1,,,,1,,,,,,,1,1,4,4,1,4,4,1,1,1,1,1,1,1,5,4,4,1,1,,,,,,,1,,,,,0,1,,,,,,4,4,1,1,4,6,2,,,,2,2,Mobile,1,,0.233,0.265,8
297270,13/03/2025,1,1,41,4,3,1,8,4,5,4,3,3,3,,,,,2,98,1,2,3,3,3,3,10,10,5,3,3,2,2,4,3,1,2,6,8,1,2,9,2,9,2,97,7,2,3,1,,1,1,1,,,,,,,,1,,,,1,,,8,3,3,3,3,3,2,3,2,3,3,3,2,1,5,4,4,1,3,,,1,,1,,,1,,,,10,1,,,,,,3,3,3,3,1,6,5,,,,2,2,Mobile,1,,0.318,0.362,8
297271,13/03/2025,1,1,,3,2,2,9,5,3,5,5,5,2,,,,,2,3,1,3,3,4,3,4,10,10,2,2,2,1,2,1,1,2,1,0,0,0,0,1,0,3,3,98,99,4,4,1,,1,,1,1,,,,,,,,,,,,1,,1,98,1,98,98,4,4,1,1,1,1,1,1,1,4,4,3,1,1,,,,,,,,,,,1,1,1,,,,,,1,3,2,2,2,2,99,,,,2,2,Mobile,1,,0.459,0.523,8
297272,13/03/2025,1,1,,3,2,1,9,5,4,5,3,3,1,,,,,2,1,1,4,3,4,1,3,10,10,2,4,4,3,2,2,3,3,1,3,1,2,8,4,3,5,1,11,11,7,5,1,1,1,,,,,,1,,,,1,,,1,,,1,3,1,2,3,3,4,4,1,2,2,1,1,1,1,5,4,3,1,1,1,1,,,,,1,,,,,1,1,,,,,,1,3,3,1,3,3,5,,,,4,2,Mobile,1,,0.074,0.084,8
297273,13/03/2025,1,1,,3,2,1,7,3,2,3,3,2,2,,,,,2,2,1,3,3,3,98,3,5,10,5,4,3,2,2,3,3,2,2,5,2,7,5,5,2,8,2,97,12,4,3,1,,1,,1,,,1,,,,,,,,,1,,,6,2,3,3,2,4,3,2,3,3,3,3,3,2,,4,4,1,98,,,,,,,,,,,1,1,1,,,,,,4,4,4,4,3,1,2,,,,4,2,Mobile,1,,0.552,0.63,8
297274,13/03/2025,1,1,60,6,5,2,3,1,2,98,3,3,2,,,,,2,2,1,98,3,98,98,98,9,5,98,3,3,3,2,3,3,2,3,98,98,98,98,98,98,98,98,99,94,98,2,,,,,,,,,1,,,,,,,,,1,,98,98,98,98,98,3,98,98,98,98,98,98,98,2,,4,4,98,98,,,,,,,,,,,1,3,1,,,,,,98,98,98,98,2,6,2,,,,1,2,Mobile,1,,2.279,2.598,8
297275,13/03/2025,1,1,39,3,2,2,9,5,2,5,4,2,2,,,,,2,98,1,98,2,2,2,98,4,5,5,3,98,3,2,3,3,2,3,0,1,1,98,98,98,5,1,12,12,7,2,1,1,,,1,,,,,,,,1,,,,,,,4,98,98,3,2,3,4,98,98,98,98,98,98,2,,4,4,1,3,,,,,,,,,,,1,6,1,,,,,,98,3,3,3,3,99,2,,,,2,2,Mobile,1,,0.459,0.523,8
297276,13/03/2025,1,1,,4,3,2,4,1,3,5,5,5,2,,,,,2,98,2,98,98,4,98,98,10,5,98,4,98,98,98,4,98,98,4,5,98,98,98,98,98,98,98,99,98,98,1,,,,,,,,,,,,,,,,,,,,98,98,98,98,98,98,98,98,98,98,98,98,98,2,,4,4,98,98,,,,,,,,,,,1,1,1,,,,,,98,98,98,98,3,4,2,,,,99,2,Mobile,1,,3.005,3.426,8
297277,13/03/2025,1,1,,4,3,1,9,5,5,5,5,98,98,,,,,2,98,1,98,98,98,3,98,4,10,98,98,98,98,98,98,98,3,98,98,98,98,98,5,98,98,98,98,96,98,2,1,,,,,,,,,,,,,,,,,1,,1,98,98,98,98,98,98,1,1,98,98,98,98,99,,99,99,98,98,,,,,,,,,,,1,4,,,,,,1,98,98,98,98,2,6,99,,,,99,2,Mobile,1,,0.21,0.24,8
297278,13/03/2025,1,1,31,3,2,1,4,1,3,4,2,3,3,,,,,2,3,3,3,3,3,3,3,5,2,3,2,2,2,2,1,1,3,3,4,5,6,4,4,3,4,4,12,2,4,3,,,1,,1,,,,,,,1,1,,,,,,,7,4,2,3,1,2,2,2,2,2,3,1,2,2,,4,1,1,3,,,,1,,,,,,,,4,,,1,,,,2,3,1,2,2,2,5,,,,3,2,Mobile,1,,2.07,2.36,8
297279,13/03/2025,1,1,46,4,3,2,6,3,3,4,5,3,98,,,,,2,98,3,98,4,3,1,3,5,2,98,98,98,2,2,4,3,1,4,7,3,8,0,5,5,9,1,8,1,4,2,,1,,,,,,,,,,,,1,,,1,,,98,98,98,98,3,3,98,3,3,3,3,4,3,1,5,4,2,1,98,,,1,,,,,,,,,6,1,,,,,,4,4,4,4,3,2,5,,,,3,2,Mobile,1,,0.802,0.914,8
297280,13/03/2025,1,1,55,5,4,2,9,5,5,5,5,5,4,,,,,2,2,1,98,3,4,4,4,10,0,5,4,1,1,98,4,3,3,3,3,2,10,9,10,3,7,4,97,2,7,4,1,1,,,,,,,,,,,1,,,,,,,1,3,4,4,1,98,3,1,1,3,1,1,1,2,,4,4,1,3,,,1,1,1,,,,,,,0,1,,,,,,3,1,1,1,1,6,2,,,,1,2,PC,1,,0.464,0.529,8
297281,13/03/2025,1,1,,5,4,1,4,1,3,5,5,5,98,,,,,2,2,1,4,4,3,98,98,9,10,5,4,4,3,2,4,3,2,3,0,0,5,5,98,0,5,1,11,11,7,4,,1,,,,,,,,,,,1,,,,,,,98,1,3,4,3,4,98,1,1,4,98,4,2,2,,4,4,1,98,,,,,,,1,,,,,0,1,,,,,,98,3,3,3,2,2,2,,,,1,2,Mobile,1,,0.81,0.923,8
297282,13/03/2025,1,1,45,4,3,2,9,5,5,4,3,5,98,,,,,2,2,1,98,98,3,3,3,10,10,98,3,3,3,2,98,2,2,2,98,98,9,5,5,98,5,2,11,11,7,2,1,,,,,,,,,,,,,,,,,1,,2,2,3,3,98,3,3,2,2,98,2,1,98,99,,4,4,98,1,1,,,,,,,,,,,0,1,,,,,,98,98,98,98,2,5,2,,,,3,2,Mobile,1,,0.602,0.686,8
297283,13/03/2025,1,1,44,4,3,1,9,5,3,5,5,5,2,,,,,2,1,2,98,4,4,1,3,10,10,5,4,3,3,2,3,2,2,1,1,0,5,2,1,1,5,2,12,12,5,5,1,1,,,,,1,,,,,,1,,,1,,,,2,1,3,3,3,4,4,1,2,2,1,1,2,2,,4,4,1,1,1,,,,,,1,,,,,0,1,,,,,,98,3,98,98,3,2,2,,,,3,2,Mobile,1,,0.081,0.093,8
297284,13/03/2025,1,1,,5,4,1,4,1,5,4,3,3,2,,,,,2,1,1,3,3,4,3,4,10,10,5,3,3,2,1,4,2,1,2,2,2,8,3,8,7,7,1,3,3,5,4,1,1,1,,,,,,,,,,1,1,,,,,,7,1,3,3,3,4,4,1,2,4,1,4,3,2,,4,4,1,2,1,,1,,1,,1,,,,,6,1,,,,,,3,3,2,3,2,6,5,,,,3,2,Mobile,1,,2.095,2.388,8
297285,13/03/2025,1,1,,4,3,2,5,2,3,5,4,5,3,,,,,2,1,2,98,3,4,3,98,10,2,5,4,98,3,3,98,2,98,2,0,0,8,1,3,9,5,4,94,98,6,4,,1,,,,1,,1,,,,,1,,,1,,,,1,3,98,1,98,4,4,1,98,98,98,1,1,2,,4,4,1,1,,,,,,,,,,1,,1,1,,,,,,2,3,1,1,3,99,2,,,,1,2,Mobile,1,,2.662,3.035,8
297286,13/03/2025,1,1,,8,5,1,6,3,5,4,3,3,2,2,1,3,4,2,1,1,3,3,4,4,4,10,5,4,,,,,,1,1,2,5,3,8,1,8,3,6,1,8,3,6,4,1,1,1,1,,,,,,,,1,1,1,,,,,,3,1,3,1,1,3,3,1,1,3,2,3,3,2,,4,3,1,4,,,1,,,,,,,,,0,,1,1,,,,4,3,2,3,1,6,1,2,1,1949,1,1,PC,1,0.845,,0.82,4
297287,13/03/2025,1,1,,1,1,1,5,2,2,4,2,5,4,4,2,1,3,2,4,3,3,3,1,2,2,7,0,1,,,,,,2,3,3,0,10,0,7,3,9,3,2,9,4,1,1,,,,,,,,,,,,,,,,,,,,1,4,2,3,3,2,1,1,1,1,2,2,2,1,5,4,4,1,1,,,,1,,1,,1,,,,10,1,,,,,,3,3,3,2,3,2,1,2,5,,4,1,Mobile,1,1.505,,1.46,7
297288,13/03/2025,1,1,49,4,3,1,9,5,5,5,5,4,2,,,,,2,98,1,98,3,3,2,3,8,10,5,3,2,2,2,4,3,2,3,3,2,6,4,5,4,8,1,12,12,7,3,,1,,,,,,,,,,,1,,,,,,,3,1,3,4,2,3,98,2,2,3,2,3,2,2,,4,4,1,2,1,,,,,,,,,,,6,1,,,,,,3,3,3,3,2,6,2,,,,5,2,Mobile,1,,0.21,0.24,8
297289,13/03/2025,1,1,39,3,2,1,9,5,2,4,3,5,3,,,,,2,1,1,3,4,2,3,4,10,4,5,2,3,3,2,3,2,2,3,5,4,8,6,4,6,8,2,11,11,5,4,1,1,,,1,,,1,,,,,,,1,1,,,,5,5,3,2,4,4,4,2,2,3,2,2,2,2,,4,4,1,2,1,,,,,,1,,,,,1,1,,,,,,4,3,3,2,3,3,2,,,,2,2,Mobile,1,,0.16,0.183,8
297290,13/03/2025,1,1,61,6,5,1,9,5,5,5,4,5,2,,,,,2,1,1,98,3,4,1,4,10,3,2,4,3,2,2,1,2,1,1,0,0,5,7,7,0,10,1,11,11,7,5,1,1,,,1,1,,1,,,,,,,,1,,,,1,1,3,2,2,4,4,1,1,4,1,1,1,2,,4,4,1,1,1,,,,,,1,,,,,0,1,,,,,,1,3,1,1,1,6,2,,,,4,2,PC,1,,0.159,0.182,8
297291,13/03/2025,1,1,36,3,2,2,5,2,4,5,5,5,98,,,,,2,98,1,98,4,3,3,3,10,1,98,3,3,1,98,3,4,2,4,98,98,98,98,98,98,98,4,94,96,98,2,1,,,,1,1,,,,,,,,,,1,1,,,98,3,3,4,4,4,4,2,1,98,1,1,1,2,,4,4,98,98,,,,,,,,,,,1,1,1,,,,,,98,98,98,98,3,5,2,,,,1,2,Mobile,1,,2.418,2.756,8
297292,13/03/2025,1,1,,6,5,1,4,1,3,5,3,5,2,,,,,0,4,2,98,4,4,2,98,0,6,1,1,2,2,4,3,2,2,4,2,2,8,98,8,1,7,1,30,13,7,1,,,,,,,,,,,,,,,,,,,,5,3,98,3,4,98,3,98,98,98,1,98,98,2,,4,4,98,2,,,,,,,1,,,,,4,1,,,,,,4,98,98,3,2,6,2,,,,1,2,,2,,0.796,0.907,8
297298,13/03/2025,1,1,59,5,4,2,3,1,2,4,3,4,2,,,,,2,3,1,2,3,2,3,3,5,5,3,3,3,3,3,3,3,3,2,0,0,0,0,0,0,0,3,11,11,4,3,,,,,1,1,1,,,,,1,,,,,1,,,5,2,3,2,3,2,3,2,3,2,2,3,2,1,2,2,2,2,3,,,,1,1,,,,,,,5,,,1,,,,2,3,3,4,2,2,5,,,,4,2,Mobile,1,,2.318,2.643,8
297299,13/03/2025,1,1,,3,2,1,6,3,1,5,5,2,4,4,1,2,4,2,1,3,3,4,1,1,1,0,0,1,,,,,,1,2,2,10,10,3,10,10,10,0,1,5,5,1,3,,,,,,,,1,,,,,,,,,,1,,5,5,4,1,2,2,1,2,2,1,2,4,2,2,,4,3,1,4,,,,1,,,,,,,,5,1,,,,,,3,3,4,4,4,1,1,3,1,1997,5,1,Mobile,1,0.664,,0.644,5
297300,13/03/2025,1,1,,4,3,1,9,5,2,4,3,1,4,4,1,2,4,2,4,3,2,3,3,1,2,3,3,3,,,,,,1,2,1,6,10,5,4,8,10,2,1,4,10,2,5,1,1,1,,,,,1,1,,,1,1,,1,,,,,7,4,3,2,2,3,3,3,3,3,2,3,98,1,3,3,4,1,4,,,,1,1,1,,1,1,,,3,1,,,,,,4,4,3,4,3,2,1,1,4,,1,1,Mobile,1,1.066,,1.034,7
297302,13/03/2025,1,1,28,2,1,1,6,3,4,4,1,5,3,4,1,3,4,2,4,4,2,2,2,3,2,4,3,1,,,,,,2,3,1,6,6,3,8,8,8,3,2,30,4,2,5,1,1,,,1,1,1,1,1,,,,1,,1,,,,,5,4,3,3,4,4,2,3,2,1,2,3,3,1,2,4,4,98,4,,,,,1,1,,1,,,,10,1,,,,,,3,3,3,2,2,2,1,4,4,,3,1,Mobile,1,0.716,,0.694,4
297303,13/03/2025,1,1,42,4,3,2,6,3,1,98,3,2,98,3,1,4,2,2,98,1,98,2,1,1,98,4,0,98,,,,,,2,2,3,8,5,5,10,7,7,1,1,6,6,98,3,1,,,,,,,,,,,,,,,,,1,,98,98,3,3,98,98,2,3,3,3,3,3,3,99,,4,4,98,4,,,,1,,,1,,,,,5,1,,,,,,3,3,3,3,4,1,1,1,4,,4,1,PC,1,0.72,,0.699,1
297304,13/03/2025,1,1,27,2,1,2,8,4,3,4,2,4,4,3,1,2,4,2,4,3,4,4,1,2,1,10,1,2,,,,,,2,1,1,8,8,6,8,7,8,2,1,1,1,2,5,1,1,,,,1,,1,,,,,1,,,,,,,8,4,4,2,2,4,2,3,3,2,3,4,3,1,1,4,4,1,3,,,,,1,,,1,1,,,8,1,,,,,,4,4,4,4,3,4,1,3,5,,2,1,Mobile,1,1.189,,1.154,1
297305,13/03/2025,1,1,,5,4,2,6,3,4,4,4,5,3,4,1,3,4,2,98,4,4,3,2,4,3,5,5,3,,,,,,3,2,1,1,8,6,3,10,10,2,2,97,3,3,4,1,1,1,,1,1,,,,,,,1,1,,,,,,2,2,3,3,2,3,98,1,2,3,3,4,4,1,5,4,4,1,3,,,1,,1,,,,,,,2,,1,,,,,4,4,3,3,2,4,1,3,5,,3,1,Mobile,1,0.604,,0.586,5
297306,13/03/2025,1,1,,2,1,2,5,2,5,5,3,2,4,3,3,4,2,2,3,3,3,4,4,4,2,10,10,1,,,,,,2,2,3,5,8,3,3,10,8,0,1,7,1,2,4,1,,,,1,1,,,1,,,1,1,1,,,,,,7,3,3,2,2,3,2,2,2,3,3,3,1,1,2,4,4,1,4,,,,,1,,,,1,,,7,1,,,,,,4,2,2,3,1,6,5,1,3,1998,4,1,Mobile,1,1.089,,1.057,5
297310,13/03/2025,1,1,52,5,4,1,9,5,4,5,3,5,3,,,,,2,1,1,2,3,3,2,3,8,10,5,3,3,3,2,2,1,3,3,1,0,3,6,6,1,6,3,94,94,6,3,1,,1,,,,,1,,,,,1,1,,1,,,,1,1,4,3,2,4,3,1,2,3,1,3,2,1,5,4,4,1,4,1,,,,,,,,,,,1,1,,,,,,4,3,2,2,3,1,2,,,,5,2,Mobile,1,,0.029,0.033,8
297311,13/03/2025,1,1,,3,2,2,8,4,3,4,4,3,4,3,3,4,2,2,4,4,3,3,2,3,2,3,2,3,,,,,,98,2,2,6,7,4,5,7,9,5,2,30,10,3,3,,1,1,,,1,,,,,,,1,,1,,,,,5,3,4,3,2,3,2,3,3,3,3,2,4,1,5,4,4,1,4,,,,1,1,,1,,,,,4,1,,,,,,4,3,3,4,3,5,1,2,4,,5,1,Mobile,1,1.132,,1.098,1
297312,13/03/2025,1,1,47,4,3,2,6,3,2,3,4,3,4,4,2,1,4,2,4,3,98,3,3,2,2,10,1,1,,,,,,2,2,2,10,10,0,8,6,9,0,2,5,5,1,3,1,1,,,,,,,,,,,,1,1,,,,,5,3,2,2,2,2,2,3,3,2,2,2,2,1,5,4,2,1,3,,,,,,1,,,,,,10,1,,,,,,2,2,3,3,4,2,1,2,4,,3,1,Mobile,1,0.925,,0.897,4
297315,13/03/2025,1,1,,2,1,2,8,4,5,98,3,5,4,4,1,4,3,2,3,1,98,2,3,3,98,8,6,2,,,,,,4,3,2,4,5,5,4,8,7,1,1,97,3,3,2,,1,,,,,,,,,,,1,1,,,,,,5,2,3,2,2,3,3,2,2,98,3,3,2,1,4,4,4,1,3,,,1,,1,,,1,,,,3,,1,,,,,4,3,4,3,2,5,1,4,4,,5,1,Mobile,1,0.871,,0.845,5
297316,13/03/2025,1,1,,2,1,1,9,5,5,2,2,4,3,4,4,1,3,2,3,1,3,3,3,4,3,4,4,98,,,,,,2,3,2,5,6,6,98,5,7,5,4,7,94,3,4,1,,,,,,,,1,1,,,,,,,,1,,3,4,3,98,2,3,3,2,2,2,3,3,98,1,5,4,4,98,2,1,,1,1,1,,,,,,,3,1,,,,,,3,3,2,3,1,5,1,1,3,2000,1,1,Mobile,1,0.748,,0.725,5
297317,13/03/2025,1,1,23,2,1,2,7,3,1,4,3,5,4,4,1,4,2,2,4,3,98,4,1,4,4,5,3,4,,,,,,1,4,4,7,10,0,5,6,4,7,2,6,6,1,2,,,1,,,,,,,,,,,,,,,1,,5,3,4,3,4,1,2,2,1,1,1,3,2,1,3,4,2,98,3,,,,1,,,,1,,,,3,1,,,,,,2,2,3,3,4,4,1,2,4,,2,1,PC,1,0.682,,0.661,1
297318,13/03/2025,1,1,,3,2,1,8,4,5,4,4,1,3,4,3,2,4,2,4,4,2,3,3,3,4,10,6,98,,,,,,3,2,2,7,9,0,2,9,9,5,1,7,2,2,5,,1,1,,,,,,1,,,,1,,,,,,,2,2,3,2,2,3,2,3,3,3,1,4,3,2,,4,4,1,5,1,,,,1,,,,,,,9,1,,,,,,3,3,3,3,2,5,1,1,3,2002,5,1,Mobile,1,0.849,,0.823,4
297319,13/03/2025,1,1,,2,1,2,6,3,5,5,3,5,4,4,2,1,3,2,4,1,98,2,3,4,98,1,5,1,,,,,,98,2,3,98,98,98,98,98,98,98,2,98,99,98,3,,1,,,,1,,1,1,,,1,1,1,,,,,,98,98,98,98,98,98,1,98,98,98,98,4,98,1,2,4,3,1,4,,,,1,1,,,1,,,,10,1,,,,,,3,3,98,98,2,5,1,1,4,,1,1,Mobile,1,0.649,,0.629,2
297320,13/03/2025,1,1,,4,3,1,8,4,4,4,3,3,4,4,1,3,4,2,4,1,2,3,4,4,3,4,10,1,,,,,,2,2,2,6,8,3,3,7,8,0,1,30,3,3,4,1,1,,,,,,,,,,,1,,1,,,,,6,3,3,3,2,3,1,2,2,2,2,2,3,2,,4,4,1,4,,,,,1,,,1,1,,,0,1,,,,,,4,4,4,4,2,5,1,2,4,,5,1,PC,1,1.015,,0.984,5
297321,13/03/2025,1,1,25,2,1,2,5,2,5,98,98,98,4,4,2,1,4,2,4,3,98,1,2,98,1,7,3,1,,,,,,4,4,3,5,8,2,4,7,8,1,2,98,98,2,1,,,,,,,,,,,,,,,,,,,,2,5,3,98,3,2,1,98,98,1,98,3,98,1,5,4,4,98,98,,,,1,1,1,,1,1,,,7,1,,,,,,3,3,2,2,2,5,1,1,4,,99,1,Mobile,1,1.089,,1.057,4
297322,13/03/2025,1,1,,4,3,2,9,5,4,4,4,5,4,,,,,2,1,1,4,3,4,2,3,5,3,5,4,4,2,1,3,2,1,2,0,0,9,0,5,0,2,1,11,11,7,5,,1,,,,,,,,,,,1,1,,,,,,3,1,4,1,1,4,4,1,1,2,1,1,1,2,,4,4,1,2,1,,,,,,,,,,,1,1,,,,,,2,3,2,2,2,6,2,,,,4,2,Mobile,1,,0.107,0.122,8
297323,13/03/2025,1,1,,3,2,2,8,4,4,5,4,2,4,4,1,2,3,2,4,1,4,2,3,3,3,6,5,1,,,,,,2,2,4,0,10,7,1,8,10,0,1,10,98,4,5,1,,,,,,,,,,,,1,,,,,,,1,1,3,4,3,2,2,1,1,1,2,2,4,1,2,4,4,1,2,,,1,,,,,,,,,5,1,,,,,,3,3,4,98,2,5,1,1,4,,1,1,Mobile,1,0.892,,0.865,5
297324,13/03/2025,1,1,25,2,1,2,8,4,5,5,3,3,4,4,3,1,4,2,4,3,98,2,3,4,3,9,7,1,,,,,,3,3,3,5,8,2,4,7,98,0,1,97,3,3,2,,,,,,,,,1,,,,1,,,,,,,3,4,98,2,3,2,1,1,1,2,2,4,2,2,,4,3,1,3,,,,,,,,1,,,,8,1,,,,,,4,2,1,3,2,6,1,3,4,,4,1,Mobile,1,0.871,,0.845,6
297326,13/03/2025,1,1,28,2,1,1,8,4,2,5,3,2,1,1,3,1,4,2,1,1,4,4,2,4,4,10,5,5,,,,,,1,2,1,0,10,10,10,10,10,10,1,97,8,7,5,1,1,1,1,1,1,,,,1,,1,1,1,,,,,,7,1,4,1,1,4,4,1,1,4,2,3,1,2,,3,4,1,2,1,1,1,,,,1,,,,,0,,1,1,1,,,4,3,3,2,4,2,1,1,4,,1,1,PC,1,1.203,,1.167,5
297327,13/03/2025,1,1,,5,4,2,8,4,4,5,5,5,2,,,,,2,1,1,4,4,3,3,3,9,10,5,4,3,3,2,2,2,1,1,0,0,0,2,8,0,5,4,94,94,7,5,1,1,1,,1,1,,,1,,,,,,,1,,,,1,98,2,3,4,4,4,1,1,1,1,1,1,1,5,4,4,1,1,,,,,,,,,,1,,1,1,,,,,,1,1,2,1,2,2,2,,,,1,2,Mobile,1,,0.125,0.142,8
297328,13/03/2025,1,1,36,3,2,1,6,3,4,4,3,3,4,4,1,2,3,2,4,3,98,3,3,2,3,2,4,1,,,,,,3,3,3,7,9,3,5,8,10,5,3,1,4,1,3,,,1,,,,,,1,,,,,,1,,,,,5,3,3,3,3,3,1,2,2,2,4,4,2,2,,4,4,1,4,,,,,,,,1,,,,9,1,,,,,,4,3,2,1,2,5,1,4,4,,5,1,Mobile,1,0.681,,0.661,3
297329,13/03/2025,1,1,,4,3,1,8,4,4,4,4,5,1,,,,,2,2,1,2,3,4,3,3,10,7,5,2,3,3,1,3,2,2,3,4,4,7,5,6,2,8,3,97,9,7,4,,1,1,,1,1,1,,,,,,1,,,1,1,,,7,2,3,2,1,4,98,1,1,3,1,3,3,1,5,4,4,1,2,,,,,,,,,,,1,1,1,,,,,,3,4,4,3,2,4,2,,,,1,2,Mobile,1,,0.057,0.064,8
297334,13/03/2025,1,1,,4,3,2,8,4,4,5,4,5,3,4,4,3,1,2,2,1,3,3,3,3,3,10,8,2,,,,,,1,3,1,1,5,5,1,8,5,1,3,7,7,5,5,1,,1,,,,1,1,,,,,,,,,,1,,2,3,2,3,3,3,2,1,1,2,1,3,2,1,2,4,3,1,1,,,1,,,,,1,,,,5,,1,,,,,3,2,2,2,2,5,1,1,3,1993,3,1,Mobile,1,0.991,,0.961,5
297335,13/03/2025,1,1,,5,4,2,4,1,3,4,4,4,2,,,,,2,1,1,98,4,3,1,4,10,5,5,4,4,4,2,4,2,2,1,2,5,10,6,10,4,10,98,97,99,7,4,,1,,,1,,1,,,,,,,,,1,,,,5,1,3,3,3,4,98,1,2,3,2,2,98,2,,4,4,1,1,1,,,,,,,,,,,1,1,,,,,,2,3,3,2,2,5,5,,,,1,2,Mobile,1,,2.318,2.643,8
297336,13/03/2025,1,1,,2,1,2,8,4,4,4,3,5,4,4,1,2,3,2,4,3,2,2,1,3,2,2,1,1,,,,,,2,2,2,10,10,0,7,5,7,0,1,1,1,1,4,,1,,,1,1,,,,,,,,1,1,,,,,8,5,4,2,4,2,1,3,1,1,1,4,3,1,2,4,3,1,3,,,,1,,,,,,,,10,1,,,,,,4,4,3,3,2,6,1,2,7,,2,1,,1,0.937,,0.909,6
297337,13/03/2025,1,1,,4,3,1,9,5,2,4,3,2,4,4,1,2,4,2,4,3,2,3,1,2,2,7,5,2,,,,,,3,3,3,5,5,5,6,5,6,4,2,98,4,3,2,1,,1,,,,,,,,,1,,,,,,,,4,4,2,3,3,3,3,2,2,2,3,3,1,1,2,4,3,2,4,,,,,1,,,,,,,5,1,,,,,,4,4,4,4,4,1,1,3,4,,4,1,Mobile,1,1.066,,1.034,6
297339,13/03/2025,1,1,,6,5,1,4,1,5,5,4,5,4,3,3,1,4,2,3,1,4,3,4,4,3,9,8,2,,,,,,4,3,2,1,6,8,2,9,7,4,2,3,3,5,4,1,,,,,,,,,,,,1,,,,,,,3,1,3,3,2,3,3,2,2,3,2,3,2,2,,4,4,1,3,,,1,,,,,,,,,3,1,,,,,,3,3,3,3,2,5,1,3,5,,4,1,Mobile,1,1.355,,1.314,4
297340,13/03/2025,1,1,,2,1,2,5,2,2,4,3,5,4,4,2,1,3,2,4,4,3,3,1,2,1,4,3,1,,,,,,3,3,3,6,10,7,7,10,10,0,2,97,4,2,2,,,,,1,,,,,,,,,1,1,,,,,5,5,98,98,98,98,98,2,2,1,3,3,2,1,2,4,2,1,1,,,,,,,,1,,,,10,1,,,,,,4,4,4,3,3,2,1,2,6,,1,1,Mobile,1,1.469,,1.425,7
297341,13/03/2025,1,1,35,3,2,1,1,1,1,5,3,2,4,4,1,2,4,2,4,3,1,1,1,1,1,2,0,1,,,,,,98,2,2,8,8,0,10,4,7,0,2,6,6,98,3,1,,1,,,,,,,,,,,,,,,1,,1,1,98,2,3,1,1,2,2,1,2,2,1,1,4,4,3,1,3,,,,1,,1,,,,,,10,1,,,,,,3,98,3,98,4,1,1,1,4,,5,1,PC,1,1.065,,1.033,1
297342,13/03/2025,1,1,,5,4,2,9,5,3,5,4,5,3,,,,,2,1,2,2,2,4,2,4,10,10,5,4,2,1,1,98,2,4,3,0,0,5,3,5,0,10,1,97,3,4,5,,,,,1,1,1,,,,,,,,,1,,,,1,1,4,4,3,4,4,1,1,2,1,1,1,1,4,4,4,1,1,,,,,,,1,,,,,0,1,,,,,,2,2,98,98,3,6,2,,,,4,2,Mobile,1,,0.179,0.205,8
297345,13/03/2025,1,1,,6,5,1,7,3,3,5,4,5,2,,,,,2,2,1,98,3,3,2,3,10,1,5,3,2,3,2,3,2,2,2,3,2,5,2,5,3,5,1,12,12,98,4,,1,,,,,,,,,,,1,1,,1,,,,98,1,98,4,1,4,3,2,2,2,2,98,2,2,,4,4,1,1,1,,,,,,,,,,,0,1,,,,,,98,3,3,98,3,2,2,,,,3,2,Mobile,1,,0.212,0.242,8
297346,13/03/2025,1,1,56,5,4,2,4,1,4,4,4,1,4,3,4,3,2,2,4,1,4,2,4,4,2,10,10,2,,,,,,4,3,2,5,10,3,5,10,10,3,1,3,1,3,5,,1,,,,,,,,,,,,,1,,,,,6,98,4,4,4,4,2,2,2,2,2,4,4,2,,4,4,1,4,,,,,1,,,,,,,10,1,,,,,,3,2,3,2,2,6,1,3,5,,2,1,PC,1,0.969,,0.94,4
297348,13/03/2025,1,1,,2,1,1,5,2,4,5,4,4,2,4,1,3,4,2,3,3,2,3,2,3,3,5,7,2,,,,,,3,3,2,2,7,5,2,7,8,2,1,3,3,3,4,1,1,1,,,1,,,1,,,,1,1,,,,,,6,2,3,2,2,3,2,2,2,2,3,3,3,1,5,4,4,1,4,,,1,1,,,1,1,1,,,1,,1,,,,,3,3,4,2,2,4,1,1,4,,1,1,Mobile,1,1.202,,1.166,3
297349,13/03/2025,1,1,,6,5,1,9,5,5,4,4,5,1,98,3,4,1,2,4,2,1,2,4,4,4,10,10,5,,,,,,1,1,1,5,5,5,3,5,5,4,1,8,3,5,5,1,,,,,,,,,,,,,,,,,1,,1,1,4,1,1,4,4,1,1,3,2,2,98,1,1,4,2,1,3,,,1,,,,,,,,,1,1,,,,,,4,4,4,4,2,6,1,1,4,,5,1,Mobile,1,0.951,,0.922,3
297350,13/03/2025,1,1,33,3,2,1,9,5,5,4,3,3,3,3,4,3,1,2,2,1,3,3,3,3,3,8,7,2,,,,,,3,2,3,2,6,7,3,7,5,4,2,97,3,5,3,1,1,,,,,,,1,1,,1,1,,,,,,,3,2,3,2,2,3,3,1,2,3,2,3,2,2,,3,2,1,2,,,1,,1,,1,,,,,1,,1,,,,,3,3,3,3,2,5,1,1,7,,2,1,PC,1,0.712,,0.69,4
297351,13/03/2025,1,1,,3,2,1,1,1,1,4,4,2,4,4,1,2,4,2,4,3,2,3,1,1,1,0,0,1,,,,,,2,2,3,8,5,5,8,9,5,3,2,9,5,1,4,,,,,,,,1,,,,,,,1,,,,,2,5,4,2,1,3,2,3,2,1,3,2,2,1,2,4,3,2,4,,,,,,,,1,,,,10,1,,,,,,4,4,3,3,4,1,1,1,4,,5,1,PC,1,1.065,,1.033,4
297353,13/03/2025,1,1,,5,4,1,8,4,5,4,4,4,2,,,,,2,1,1,2,3,3,3,4,10,10,5,98,98,98,98,98,1,1,1,4,4,7,4,10,4,8,1,8,3,6,4,1,1,1,,,,,,,1,,,1,1,,,,,,6,2,3,2,2,4,4,1,2,3,2,3,3,1,5,4,4,1,2,1,,,,,,,,,,,0,,1,1,,,,3,3,2,2,1,5,5,,,,4,2,PC,1,,0.245,0.279,8
297354,13/03/2025,1,1,29,2,1,2,8,4,5,5,3,3,4,4,3,4,1,2,3,1,3,3,3,4,3,10,6,3,,,,,,2,2,2,4,6,6,1,7,6,1,1,97,3,5,5,1,,,,,,,,1,,,,1,,,,,,,1,2,2,2,2,4,2,1,1,1,2,3,2,1,2,4,3,1,2,,,1,,1,,,1,1,,,5,,1,,,,,3,3,2,1,1,6,1,1,6,,2,1,Mobile,1,0.871,,0.845,5
297355,13/03/2025,1,1,,4,3,2,9,5,5,4,98,5,98,98,4,3,1,2,98,1,98,98,4,4,4,10,6,5,,,,,,1,1,2,3,5,6,4,7,5,5,1,2,8,5,4,1,,,,,1,,,,,,,,,,,,1,,1,1,98,1,2,4,98,1,1,4,2,2,1,1,2,4,3,1,3,,,1,,1,,1,,,,,4,,,,,,1,3,3,3,3,1,5,1,1,4,,4,1,Mobile,1,0.771,,0.748,2
297356,13/03/2025,1,1,,5,4,1,6,3,2,5,4,3,4,4,2,1,4,2,4,4,98,4,1,1,1,10,1,1,,,,,,1,2,4,6,1,1,10,5,2,0,3,5,1,2,2,,,,,,,,,,,1,,,,,,,1,,5,1,4,4,3,1,1,1,1,1,1,1,1,2,,4,1,1,3,,,,1,,1,,1,,,,10,1,,,,,,3,3,3,3,4,1,1,3,5,,5,1,Mobile,1,0.776,,0.752,2
297357,13/03/2025,1,1,,3,2,1,2,1,1,1,1,1,4,4,1,2,4,2,4,3,98,2,1,1,1,1,0,1,,,,,,2,3,4,8,10,0,10,10,10,0,1,5,5,1,4,,,,,,,,1,,,,,,,1,,,,,3,5,2,1,1,2,1,3,2,1,2,2,1,1,1,4,3,2,3,,,,1,,1,,1,,,,10,1,,,,,,4,4,3,3,4,1,1,2,4,,2,1,PC,1,1.065,,1.033,3
297358,13/03/2025,1,1,47,4,3,1,8,4,5,4,4,5,1,,,,,2,1,1,2,3,3,4,4,10,10,5,4,2,4,1,2,2,1,3,1,1,5,5,8,3,10,1,12,11,6,4,1,,1,,1,,1,,,,,1,1,1,,,1,,,3,1,4,4,1,4,4,1,1,3,1,98,4,2,,4,4,1,4,1,,,,,,1,,,,,0,1,,,,,,3,2,2,3,1,6,99,,,,3,2,Mobile,1,,0.318,0.362,8
297359,13/03/2025,1,1,43,4,3,1,4,1,4,3,4,5,2,,,,,0,1,1,98,4,98,3,4,7,10,5,4,3,2,1,2,3,1,1,0,0,5,5,5,0,5,1,11,11,7,3,1,1,,,1,1,1,1,,,,1,,,,1,,,,1,98,3,2,98,4,98,98,98,98,1,98,1,2,,4,4,98,98,,,,,,,1,,,,,0,1,,,,,,98,3,3,3,2,2,2,,,,5,2,,2,,0.483,0.551,8
297360,13/03/2025,1,1,,4,3,1,4,1,2,5,5,2,3,4,1,4,3,2,2,1,2,3,1,2,2,3,3,5,,,,,,3,2,1,6,8,5,9,9,10,5,1,1,1,3,4,1,1,1,,,,,,,,,,1,,,,,,1,7,4,3,2,3,3,2,3,2,2,3,4,4,1,4,4,3,1,3,,,1,,1,,,,,,,5,1,,,,,,4,4,4,3,3,2,1,2,5,,2,1,Mobile,1,1.519,,1.473,2
297361,13/03/2025,1,1,,4,3,2,7,3,5,5,4,5,4,3,1,3,4,2,4,1,2,1,4,4,1,10,7,5,,,,,,1,1,1,3,6,4,6,8,7,7,1,97,3,3,4,1,,,,,,,,,,1,,,,,,,1,,4,1,4,1,1,4,3,1,2,2,3,3,98,1,4,4,3,1,2,,,1,,,,,,,,,5,1,,,,,,4,4,4,3,1,6,5,4,3,1991,2,1,Mobile,1,0.686,,0.665,5
297363,13/03/2025,1,1,58,5,4,1,9,5,5,4,3,5,2,4,3,4,1,2,2,1,2,3,4,4,4,9,10,5,,,,,,1,2,3,1,3,8,0,10,0,8,1,2,2,5,2,1,,,,,,,,,,,,,,,,,1,,1,1,3,1,1,4,4,2,2,4,2,3,3,1,2,4,3,1,3,,,1,,,,,,,,,1,,1,,,,,4,4,1,3,1,5,1,4,6,,2,1,Mobile,1,0.647,,0.628,6
297364,13/03/2025,1,1,,5,4,1,5,2,4,2,1,2,4,4,1,2,4,2,4,3,2,4,1,3,2,0,0,1,,,,,,2,2,1,9,9,5,4,7,8,3,1,4,1,1,5,1,1,1,,,,,,,,,,,,1,,,,,8,5,3,2,3,2,2,2,2,1,1,2,1,1,5,4,4,2,4,,,1,1,1,1,,1,1,,,10,1,,,,,,4,4,1,4,2,5,1,3,4,,5,1,Mobile,1,1.039,,1.008,4
297367,13/03/2025,1,1,,3,2,2,8,4,1,5,4,5,4,,,,,2,1,1,2,3,4,3,3,10,10,5,3,2,2,3,2,3,2,2,0,3,5,0,4,4,5,4,94,94,98,3,1,,,,1,,,,,,,,,,,1,1,,,1,2,2,2,2,3,4,1,1,3,1,1,2,99,,4,4,1,1,,1,,,,,,,,,,0,1,,,,,,1,2,2,2,4,5,2,,,,3,2,Mobile,1,,0.502,0.572,8
297368,13/03/2025,1,1,45,4,3,2,8,4,5,5,3,5,4,4,3,4,1,2,4,3,3,3,2,4,4,10,10,3,,,,,,1,1,1,2,4,4,1,9,4,2,1,98,3,6,5,1,1,1,,,,,,,,,,1,1,,,,,,1,1,4,98,2,4,4,1,1,3,1,3,2,2,,4,3,1,3,,,1,,,,,,,,,1,,1,,,,,3,3,3,3,1,6,1,4,6,,5,1,PC,1,0.92,,0.892,5
297369,13/03/2025,1,1,,7,5,2,8,4,3,5,4,5,2,,,,,2,1,1,3,4,3,4,4,10,10,98,4,4,3,2,3,2,1,2,1,0,5,3,8,5,98,1,97,13,7,4,1,1,1,1,,,,,,,,1,1,,,1,,,,1,1,4,4,3,4,98,1,1,98,1,98,98,2,,4,4,1,2,,,1,,,,,,,,,0,1,,,,,,3,3,3,3,3,99,2,,,,1,2,Mobile,1,,0.267,0.304,8
297370,13/03/2025,1,1,,5,4,1,5,2,4,4,4,2,3,3,1,3,2,2,3,3,3,3,3,3,2,9,9,2,,,,,,2,2,2,7,7,4,4,8,5,4,1,97,4,3,3,1,1,1,,1,,,,,,,1,,,1,,,,,6,4,3,3,3,3,3,2,2,2,2,3,2,1,5,4,2,1,4,,,,1,,,,,1,,,9,1,,,,,,3,3,3,3,2,4,1,2,5,,3,1,Mobile,1,1.039,,1.008,3
297371,13/03/2025,1,1,,3,2,1,9,5,5,5,4,5,4,,,,,2,2,1,98,4,4,98,3,10,10,5,3,2,98,2,3,3,3,4,3,1,5,1,7,2,8,4,3,3,4,3,1,1,1,,1,,,,1,1,,1,1,,,,1,,,2,1,3,3,2,4,2,2,2,2,2,3,2,2,,4,3,1,3,,,1,,,,,,,,,8,1,,,,,,3,3,3,3,2,6,5,,,,3,2,Mobile,1,,0.414,0.472,8
297372,13/03/2025,1,1,,4,3,1,7,3,3,4,4,4,3,,,,,2,3,2,4,3,3,3,3,10,10,5,3,3,98,3,3,3,3,3,6,2,6,1,2,1,5,2,2,1,5,1,,,,,,,,,,,,,,,,,,,,6,4,3,3,3,3,3,2,2,3,3,3,3,2,,4,4,1,4,,,,,1,,,,,,,0,1,,,,,,3,3,3,3,2,2,2,,,,2,2,Mobile,1,,0.28,0.319,8
297373,13/03/2025,1,1,,7,5,1,4,1,5,3,2,2,3,4,1,3,4,2,2,1,3,4,3,3,3,10,5,3,,,,,,2,1,2,1,5,5,5,9,9,5,1,3,3,4,4,,1,,,,,,,,,,,1,,,,,,,2,1,3,1,2,3,1,1,2,3,3,4,3,2,,4,4,1,2,,,1,,,,,,,,,5,,1,1,,,,4,4,3,3,2,4,1,4,2,1962,3,1,PC,1,1.355,,1.314,3
297375,13/03/2025,1,1,38,3,2,1,8,4,3,3,3,2,3,4,1,3,4,2,3,1,3,3,1,3,2,7,5,1,,,,,,2,2,2,8,9,6,6,7,7,5,1,98,1,2,4,1,1,,,,,,1,1,,,1,1,1,1,,,,,7,3,3,2,2,3,3,3,3,2,3,3,3,1,5,4,3,2,3,,,1,,1,,,1,,,,1,1,,,,,,4,4,4,4,3,2,1,2,5,,2,1,Mobile,1,1.159,,1.125,5
297376,13/03/2025,1,1,,5,4,2,9,5,5,5,5,3,98,4,1,3,4,2,98,1,3,98,3,4,4,10,5,5,,,,,,3,1,1,2,5,5,2,5,5,5,1,7,2,4,5,1,1,1,,,,,1,,,1,1,1,,,,,,,1,2,4,2,2,98,98,1,1,3,2,4,3,1,1,4,3,1,2,,,1,,1,,,1,,,,1,,1,,,,,3,3,3,3,2,6,1,4,6,,4,1,Mobile,1,0.631,,0.612,1
297377,13/03/2025,1,1,,2,1,1,7,3,5,5,5,5,4,4,4,3,2,2,4,3,1,4,3,4,3,6,10,1,,,,,,4,4,1,0,8,4,0,10,10,0,1,30,2,3,2,1,,,,,,,,,,,,,,,,,1,,1,3,2,4,1,4,4,1,1,3,1,1,1,1,3,2,2,1,1,,,1,1,1,1,,1,1,,,10,1,,,,,,2,2,1,1,2,6,1,2,4,,5,1,Mobile,1,0.665,,0.645,5
297378,13/03/2025,1,1,37,3,2,2,8,4,4,5,4,5,2,,,,,2,2,1,98,3,4,98,98,10,10,5,4,98,98,2,98,98,2,3,0,0,5,98,98,98,5,1,98,98,7,3,1,1,,,,,,,,,,,1,1,,1,,,,1,98,98,1,1,4,98,1,1,98,2,98,1,2,,4,3,1,1,,,,,,,,,,,1,0,1,,,,,,3,3,3,98,2,6,2,,,,2,2,Mobile,1,,0.319,0.364,8
297379,13/03/2025,1,1,,8,5,1,4,1,5,4,3,4,2,2,1,4,3,2,2,1,2,1,3,1,1,7,9,5,,,,,,3,2,2,1,4,6,3,8,6,3,1,3,3,6,4,,1,,,,,,,,,,,1,,,,,,,6,2,3,2,2,3,2,1,1,3,2,4,2,2,,4,4,1,2,,,1,,,,,,,,,4,1,,,,,,3,3,3,3,2,5,1,2,1,1951,2,1,Mobile,1,1.355,,1.314,3
297380,13/03/2025,1,1,,4,3,1,6,3,5,5,2,5,4,2,1,2,4,2,4,3,3,2,98,4,2,6,3,1,,,,,,3,3,3,2,8,5,1,5,7,2,4,3,3,3,3,1,,,,,,,,,,,,,,,,,1,,1,2,3,4,4,2,3,1,1,2,2,3,4,2,,4,3,1,3,,,,,,,,1,,,,8,1,,,,,,3,2,2,3,1,5,1,4,5,,4,1,Mobile,1,0.703,,0.682,3
297381,13/03/2025,1,1,,6,5,1,3,1,3,3,3,1,4,4,1,3,2,2,4,3,2,4,3,98,1,0,4,1,,,,,,2,2,1,10,10,2,8,5,10,3,1,1,1,1,5,,1,,,,,,,1,,,,,,1,,,,,9,5,98,3,1,3,1,3,3,1,3,3,1,1,99,4,4,2,4,,,,,,,,1,,,,9,1,,,,,,4,4,3,4,3,2,1,2,5,,2,1,Mobile,1,1.851,,1.796,6
297382,13/03/2025,1,1,32,3,2,2,8,4,5,5,4,5,2,98,3,4,1,2,1,1,4,4,4,4,3,10,8,5,,,,,,4,1,2,0,7,10,7,10,10,6,1,8,9,6,2,,,,,,1,,,,,,,,,,,,1,,2,1,3,3,2,4,3,1,1,2,1,3,2,1,2,4,2,1,1,1,,1,,,,1,,,,,1,1,,,,,,4,3,3,3,1,6,1,1,4,,2,1,Mobile,1,0.828,,0.804,1
297384,13/03/2025,1,1,,6,5,2,5,2,4,4,3,5,2,,,,,2,2,1,4,3,3,2,3,10,10,98,3,3,2,2,3,3,2,3,4,5,5,5,5,5,5,2,2,8,6,4,,,1,,,,,,,,,,,,,,1,,,5,2,3,2,2,3,3,2,2,3,2,98,3,2,,4,4,1,3,,,,,,,1,,,,,0,1,,,,,,3,3,3,3,3,4,5,,,,4,2,Mobile,1,,0.93,1.06,8
297385,13/03/2025,1,1,45,4,3,2,8,4,3,5,3,5,2,,,,,2,2,1,3,2,4,2,98,8,10,5,4,4,2,2,3,3,2,2,5,5,5,2,5,2,8,1,97,13,4,3,,1,,,,,,,1,,,,,1,,,,,,5,2,3,2,3,4,4,2,2,3,3,3,2,2,,4,2,1,4,,,1,,1,,,,,,,1,1,,,,,,4,3,3,3,3,4,5,,,,5,2,Mobile,1,,0.352,0.401,8
297387,14/03/2025,1,1,25,2,1,2,4,1,4,5,4,4,4,3,1,3,4,2,4,1,3,2,4,4,3,10,0,1,,,,,,2,1,3,8,5,10,7,10,7,0,4,1,94,1,1,,,,,,,,,,,,,,,,,,,,7,3,1,2,3,4,1,2,2,1,1,4,2,1,5,4,3,1,1,,,,,,1,,,,,,8,1,,,,,,2,3,3,2,3,5,1,2,6,,3,1,Mobile,1,1.12,,1.086,6
297388,14/03/2025,1,1,,5,4,1,7,3,3,3,4,4,2,,,,,2,2,1,1,3,3,1,3,9,10,1,4,3,3,3,2,3,2,3,0,1,6,5,5,1,6,1,13,13,7,2,1,1,,,1,,1,,,,,,1,,,1,,,,3,2,3,2,2,4,3,1,2,3,1,2,1,2,,4,4,1,1,,,,,,,1,,,,,0,1,,,,,,4,3,3,2,3,2,2,,,,4,2,Mobile,1,,0.216,0.246,8
297389,14/03/2025,1,1,,6,5,1,9,5,5,4,3,3,98,3,3,1,4,2,2,4,3,2,98,4,4,10,8,5,,,,,,1,1,1,0,3,6,1,10,8,6,1,7,2,5,5,1,1,1,,,,,,,,,1,1,,,,,,,2,1,4,1,2,4,2,1,2,3,2,3,1,1,5,3,3,1,3,,,,,1,,,1,1,,,1,,1,1,,,,4,3,98,3,2,5,1,1,6,,2,1,PC,1,0.951,,0.922,2
297390,14/03/2025,1,1,,3,2,2,9,5,5,4,3,3,4,3,3,1,2,2,3,4,3,2,4,3,3,6,5,98,,,,,,3,3,2,3,5,2,2,9,9,98,2,30,7,3,3,1,,1,,1,1,,,,,,,1,,,,,,,3,2,3,2,98,98,2,1,1,2,2,3,2,2,,3,2,1,3,,,,,,,,,,,1,6,1,,,,,,4,4,98,3,2,5,1,2,4,,3,1,Mobile,1,0.694,,0.674,4
297391,14/03/2025,1,1,,3,2,2,7,3,5,5,4,5,2,1,4,3,2,2,2,4,3,4,4,4,4,9,9,5,,,,,,2,2,2,1,3,8,1,8,3,8,1,3,3,6,3,1,,,,1,1,,,,,,,,,,,,1,,1,2,4,2,3,4,4,1,1,2,2,3,3,1,5,4,3,1,1,,,1,,,,1,,,,,2,,1,,,,,3,3,3,3,1,5,1,4,5,,2,1,Mobile,1,0.617,,0.599,3
297392,14/03/2025,1,1,39,3,2,1,8,4,4,5,4,5,4,,,,,2,3,3,1,98,4,2,3,10,10,98,4,98,2,2,2,2,4,1,0,0,4,0,4,5,0,4,94,98,5,5,1,1,1,,1,,,1,1,,,,,,,1,1,,,1,1,2,98,3,4,4,1,1,2,1,1,2,2,,4,4,1,1,,,,1,,,,,,,,0,1,,,,,,2,3,1,2,4,1,2,,,,3,2,Mobile,1,,0.112,0.127,8
297395,14/03/2025,1,1,,2,1,2,7,3,5,5,3,4,3,4,3,4,2,2,4,2,3,3,3,4,3,9,10,3,,,,,,2,3,2,0,5,5,3,10,7,6,3,8,94,4,2,1,,,,,1,1,,,,,,,,,,,1,,5,3,3,2,2,3,3,1,1,2,2,2,1,99,,4,1,98,3,,,,1,1,,1,1,,,,4,1,,,,,,3,2,3,2,2,6,1,1,7,,99,1,Mobile,1,0.649,,0.629,3
297396,14/03/2025,1,1,,5,4,2,9,5,2,4,3,2,4,4,3,4,1,2,3,4,3,3,3,2,2,9,4,98,,,,,,2,2,3,8,9,4,9,10,10,5,1,97,4,2,4,,1,,,,,,,,,,,,1,1,,,,,8,5,3,2,98,3,98,3,3,2,2,98,3,2,,4,4,1,4,,,,,,,,,,,1,4,1,,,,,,4,4,3,3,3,4,1,3,5,,5,1,Mobile,1,0.851,,0.826,4
297397,14/03/2025,1,1,,7,5,2,8,4,5,4,3,4,2,4,3,4,2,2,3,3,3,4,4,3,4,9,9,3,,,,,,4,2,1,1,5,5,0,8,5,5,1,2,2,6,4,,1,1,,,,,,,,,,1,,,,,,,4,2,3,3,98,4,3,2,2,3,3,4,3,2,,4,4,1,3,,,,1,,,1,,,,,2,,,,,,1,3,3,98,3,2,5,1,1,7,,99,1,Mobile,1,1.107,,1.074,4
297398,14/03/2025,1,1,35,3,2,1,7,3,4,4,5,5,2,,,,,2,2,1,3,2,3,3,4,10,10,2,3,2,2,2,3,2,4,3,98,2,8,5,4,5,5,2,13,11,7,4,,,1,,,,,,,,,,1,,,,,,,5,3,2,2,3,3,3,2,2,3,2,2,2,2,,4,4,1,3,,,,,,,,,,,1,0,1,,,,,,3,3,2,3,3,5,2,,,,2,2,Mobile,1,,0.254,0.29,8
297399,14/03/2025,1,1,,4,3,2,6,3,5,5,5,5,3,3,3,2,4,2,3,3,2,4,4,4,3,10,10,98,,,,,,2,2,2,0,2,5,0,10,5,5,1,3,2,5,5,,1,,,1,,,,1,,,1,1,1,,,,,,1,1,98,4,98,3,2,1,1,3,2,4,4,1,5,4,4,1,3,1,,1,,1,,,,,,,5,1,,,,,,3,3,2,2,1,4,5,1,3,1996,1,1,Mobile,1,0.686,,0.665,2
297400,14/03/2025,1,1,,8,5,1,4,1,5,4,3,5,3,3,4,3,1,2,2,1,3,3,3,4,3,10,10,5,,,,,,3,2,2,0,5,10,0,10,6,5,1,2,2,5,4,,,,1,,,,,,,,1,,,,,,,,1,1,4,1,2,4,1,1,1,2,4,4,1,2,,4,4,1,2,,,1,,,,,,,,,0,,1,,,,,4,3,3,3,1,6,1,1,6,,3,1,PC,1,1.355,,1.314,4
297401,14/03/2025,1,1,44,4,3,1,5,2,5,3,3,2,4,4,4,3,2,2,2,1,1,4,4,4,4,10,5,5,,,,,,3,3,2,5,5,5,5,8,5,3,1,3,3,5,4,1,1,,,,,,,,,,,1,,,,,,,5,3,3,2,3,4,2,2,2,3,3,3,3,2,,4,4,1,5,,,1,,1,,1,1,,,,6,1,,,,,,3,3,3,2,3,5,1,1,4,,4,1,Mobile,1,1.179,,1.144,4
297403,15/03/2025,1,1,,3,2,2,8,4,3,4,4,5,3,,,,,2,2,2,98,3,3,1,3,10,10,3,3,3,2,2,3,3,3,3,0,2,10,1,9,1,6,1,13,98,5,4,1,1,1,,,,,,,,,,1,1,,,,,,2,3,2,3,2,4,4,1,1,1,1,1,1,2,,4,4,1,3,,1,,,,,1,,,,,0,1,,,,,,3,3,2,3,3,5,2,,,,4,2,Mobile,1,,0.693,0.79,8
297404,15/03/2025,1,1,,3,2,1,6,3,2,5,1,5,4,,,,,2,4,2,4,3,4,2,4,10,10,1,4,2,3,2,3,2,2,2,0,0,0,5,0,0,7,1,97,5,7,4,1,1,,,,,,,,,,,1,,,,,,,1,1,3,2,2,4,4,1,2,3,2,1,1,2,,4,4,1,1,,,,,,,1,,,,,1,1,,,,,,2,3,2,2,3,6,2,,,,3,2,Mobile,1,,0.552,0.63,8
297405,15/03/2025,1,1,23,2,1,2,6,3,4,2,2,5,4,4,1,4,2,2,4,3,2,3,3,3,2,5,3,1,,,,,,1,1,2,7,10,3,5,10,10,5,1,98,1,2,5,1,1,,1,,,,1,1,,,,,,1,,,,,7,98,2,2,3,3,1,2,1,1,2,4,2,1,1,3,2,1,3,,,,1,1,,,1,,,,6,1,,,,,,4,4,4,4,3,4,1,3,5,,4,1,Mobile,1,0.699,,0.678,4
297406,15/03/2025,1,1,,4,3,1,9,5,2,4,4,5,4,,,,,2,1,1,3,3,4,2,4,10,10,5,4,1,2,2,3,1,3,2,0,1,10,3,7,1,7,4,13,94,6,5,1,1,1,,,,,,,,,,1,1,,,,,,1,2,3,4,3,4,4,1,2,4,1,2,2,1,5,4,4,1,1,,1,1,,,,,,,,1,10,,,,,,1,3,3,2,2,3,2,2,,,,4,2,Mobile,1,,0.081,0.093,8
297407,15/03/2025,1,1,,4,3,2,5,2,3,5,5,5,98,,,,,2,98,1,98,3,4,3,4,10,0,5,3,3,2,98,98,3,2,4,98,98,98,98,98,98,98,98,99,99,98,1,,,,,,,,,,,,,,,,,,,,98,98,98,98,98,3,3,98,98,98,98,98,98,2,,4,4,98,98,,,,,,,,,,,1,0,1,,,,,,98,98,98,98,2,6,2,,,,99,2,Mobile,1,,2.662,3.035,8
297408,15/03/2025,1,1,,6,5,2,7,3,5,5,3,4,98,1,3,4,1,2,3,4,3,3,4,4,3,10,10,4,,,,,,1,2,3,1,1,7,3,4,2,4,1,97,8,5,4,,1,,,,,,1,,,,1,1,1,,,,,,1,1,3,1,3,4,3,1,1,2,1,2,3,2,,4,4,1,98,1,,1,,,,1,,,,1,0,,1,1,,,,3,3,2,3,1,5,1,4,5,,1,1,Mobile,1,0.825,,0.8,2
297409,15/03/2025,1,1,,7,5,1,5,2,4,3,3,2,4,4,1,2,3,2,4,3,2,3,2,2,1,10,5,2,,,,,,3,2,2,10,10,5,6,5,10,5,1,1,1,1,5,1,1,1,1,,,,,,,,,,,1,,,,1,8,4,3,2,2,3,1,3,3,2,3,3,2,2,,4,4,2,4,,,,,1,,,1,,,,10,1,,,,,,4,3,3,3,2,4,1,1,6,,3,1,Mobile,1,1.528,,1.482,4
297410,15/03/2025,1,1,,5,4,2,4,1,5,5,5,5,4,4,3,1,4,2,3,4,2,4,4,4,3,8,8,98,,,,,,4,3,2,98,98,98,98,98,98,98,2,97,3,4,4,,1,,,,,,,,,,1,1,,,,,,,2,2,2,3,3,98,1,1,1,2,2,2,1,1,5,4,3,1,2,,,1,,,,,,,,,1,,1,,,,,3,3,3,2,2,5,1,2,2,1970,99,1,Mobile,1,0.9,,0.873,4
297412,15/03/2025,1,1,,7,5,1,9,5,2,5,3,5,2,2,4,3,1,2,2,4,1,4,1,3,3,10,5,3,,,,,,1,1,4,0,5,5,0,9,10,5,1,99,3,3,4,,1,1,,,,,,,,,,1,,,,,,,1,1,4,1,1,4,3,1,2,3,2,3,4,1,2,4,4,1,1,1,,1,,,,,,,,,2,,,,,,1,3,4,3,3,4,1,1,1,6,,4,1,PC,1,1.282,,1.244,4
297414,15/03/2025,1,1,,5,4,1,4,1,2,5,5,5,3,,,,,2,2,1,98,98,4,1,4,10,10,98,3,2,2,98,1,3,4,3,0,0,9,5,5,5,5,4,94,96,7,3,1,,,,,,,,,,,,1,,,,,,,1,1,3,98,98,4,4,1,1,2,1,1,1,2,,4,4,1,1,,,,,,,,,,,1,0,1,,,,,,98,3,3,98,3,2,2,,,,1,2,Mobile,1,,0.81,0.923,8
297415,16/03/2025,1,1,,5,4,1,9,5,5,5,4,5,4,3,3,1,4,2,3,1,1,2,4,4,4,10,9,3,,,,,,1,1,1,0,2,10,0,10,6,2,1,2,2,5,5,1,1,,,1,,,,,,,1,1,1,,,,,,3,1,3,1,4,3,2,1,3,4,1,3,1,1,5,4,3,1,1,,,1,,,,,,,,,7,,1,1,,,,3,3,1,3,1,6,1,1,4,,4,1,PC,1,0.647,,0.628,3
297416,16/03/2025,1,1,69,6,5,1,7,3,5,5,4,5,3,4,3,4,1,2,2,1,3,3,4,4,4,10,10,5,,,,,,1,1,1,0,3,6,2,10,4,2,1,8,9,5,5,1,1,,,,,,,,1,,,1,1,,,,,,1,1,4,1,1,4,4,1,2,4,1,4,2,2,,4,4,1,2,,,1,,1,,1,,,,,0,,1,,,,,4,4,3,3,1,6,1,1,7,,2,1,PC,1,0.845,,0.82,4
297417,16/03/2025,1,1,,4,3,2,7,3,5,4,3,5,3,4,2,1,4,2,4,3,3,4,3,4,1,7,5,1,,,,,,4,2,3,7,7,0,1,7,6,0,2,98,1,2,2,,,,,1,,,,,,,,,1,,,,,,5,4,3,4,2,98,98,3,3,2,3,4,3,1,5,4,3,1,3,,,,,,,,1,,,,8,1,,,,,,3,4,3,3,2,5,1,2,5,,3,1,Mobile,1,0.686,,0.665,3
297418,16/03/2025,1,1,,5,4,1,9,5,3,5,4,5,2,,,,,2,1,1,3,4,98,2,3,10,10,2,4,3,3,2,98,3,2,2,98,2,7,98,5,98,6,2,12,12,5,3,,,,,1,,,,,,,,,,,1,,,,2,3,3,3,3,4,98,1,1,3,2,98,98,2,,4,4,1,98,1,,,,,,,,,,,0,1,,,,,,98,3,3,98,2,2,2,,,,2,2,Mobile,1,,0.063,0.071,8
297419,16/03/2025,1,1,,4,3,1,9,5,3,4,3,4,2,,,,,2,2,1,2,2,2,3,3,10,10,3,4,4,2,2,4,2,2,2,10,5,5,5,7,3,10,1,1,1,4,3,1,1,,,1,1,1,1,1,1,,1,1,1,,1,1,,,10,3,4,2,4,4,4,4,3,2,4,4,4,1,2,3,3,1,3,1,,,,,,,,,,,0,1,,,,,,4,4,4,4,3,2,2,,,,3,2,PC,1,,0.081,0.093,8
297420,16/03/2025,1,1,26,2,1,1,8,4,5,5,3,5,4,4,4,3,1,2,2,4,2,2,4,4,3,7,7,1,,,,,,4,4,3,5,3,5,0,10,3,0,2,7,8,4,2,1,,,,,,,,,,,,1,,,,,,,1,3,2,3,4,2,3,1,1,1,2,3,2,1,5,4,4,1,3,,,,1,1,,,1,1,,,7,1,,,,,,3,2,1,1,1,6,1,1,7,,1,1,Mobile,1,0.892,,0.865,4
297421,16/03/2025,1,1,31,3,2,2,8,4,5,4,3,2,4,4,1,3,4,2,3,2,2,3,3,1,1,4,5,3,,,,,,2,2,2,5,5,7,5,7,6,7,1,3,3,4,3,,1,,,,1,,,,,,,1,,,,,,,5,2,3,2,2,4,3,2,2,3,2,3,3,1,2,4,2,1,4,,,1,,,,,,,,,5,,1,1,,,,4,4,2,2,2,6,1,4,4,,3,1,Mobile,1,0.828,,0.804,2
297423,16/03/2025,1,1,,3,2,2,7,3,5,5,2,5,4,4,3,4,2,2,4,2,3,4,3,2,4,8,10,3,,,,,,2,3,3,4,2,3,3,5,5,98,1,8,2,4,2,1,1,1,,1,1,,1,,,,,1,,,,,,,1,1,3,2,2,98,98,2,1,3,2,4,2,1,3,4,3,1,2,,,,,,,,1,,,,8,1,,,,,,3,3,3,3,2,5,1,1,2,2000,5,1,Mobile,1,0.617,,0.599,4
297424,16/03/2025,1,1,,6,5,1,9,5,2,5,3,3,2,,,,,2,2,4,3,2,4,1,4,10,5,3,3,1,2,2,4,2,2,3,5,5,7,5,6,0,3,3,1,1,3,3,,,,,1,,1,1,,,,1,,,,,,,,4,4,3,2,3,3,3,2,1,2,2,2,2,1,2,4,3,1,3,,,1,,,,1,1,,,,1,,1,,,,,3,3,3,3,3,2,5,,,,5,2,Mobile,1,,0.062,0.07,8
297425,16/03/2025,1,1,24,2,1,2,5,2,5,5,2,5,3,4,3,1,4,2,3,2,2,3,4,4,4,1,9,1,,,,,,2,1,1,0,5,5,3,9,5,3,1,8,2,4,5,,1,,,1,,,,,1,,1,1,1,,,,,,4,1,2,1,1,2,1,1,2,4,2,3,1,1,3,4,3,1,1,,,1,,,,,,,,,9,,1,,,,,3,3,3,3,2,5,1,1,6,,3,1,Mobile,1,1.089,,1.057,4
297426,16/03/2025,1,1,30,3,2,1,8,4,4,5,3,5,98,,,,,2,98,1,98,3,3,2,3,10,10,5,3,3,2,2,98,3,3,2,98,98,98,98,98,98,98,98,98,98,98,2,,1,,,,,,,,,,,,,,,1,,,1,3,2,98,2,4,4,2,2,2,2,2,2,2,,4,4,1,98,1,,,,,,1,,,,,0,1,,,,,,98,98,98,98,4,2,5,,,,2,2,Mobile,1,,0.112,0.127,8
297427,16/03/2025,1,1,23,2,1,2,5,2,5,5,4,5,4,4,3,2,1,2,4,4,2,1,3,4,3,8,5,1,,,,,,2,2,2,4,6,3,8,10,10,0,3,7,94,2,3,,,,,,,,,1,,,,1,,,,,,,5,3,3,3,2,2,1,2,1,2,1,4,3,1,2,3,2,1,2,,,1,1,,1,,1,,,,10,1,,,,,,3,1,2,2,2,6,1,1,6,,4,1,Mobile,1,1.089,,1.057,2
297429,16/03/2025,1,1,,7,5,1,8,4,3,4,4,98,98,,,,,2,1,1,3,3,3,3,3,8,7,5,3,3,3,2,3,98,2,2,4,4,7,6,6,5,8,3,11,94,6,3,,1,,,,,,,,,,,,1,,,,,,5,2,3,1,2,3,3,2,2,3,2,98,2,2,,4,4,1,98,1,,,,,,,,,,,0,1,,,,,,98,3,3,98,2,5,2,,,,3,2,Mobile,1,,0.093,0.106,8
297431,16/03/2025,1,1,,5,4,1,6,3,4,4,3,4,4,4,4,1,3,2,3,4,3,4,4,3,3,5,5,2,,,,,,2,3,2,3,5,5,3,7,6,2,2,97,3,4,3,,1,,,,,,,,,,1,1,1,,,,,,5,2,3,2,2,3,2,1,1,3,3,3,3,1,1,4,4,1,3,,,,,1,,,1,,,,3,,1,,,,,4,3,3,3,2,3,1,2,6,,4,1,Mobile,1,0.619,,0.601,4
297432,16/03/2025,1,1,27,2,1,2,8,4,5,3,3,4,4,4,4,3,1,2,3,4,2,2,4,4,3,8,5,3,,,,,,2,2,1,1,7,3,2,10,9,4,1,97,3,2,3,1,,1,,1,1,,1,,,,1,1,,,,,,,1,2,98,3,2,3,3,1,1,98,2,3,3,1,3,3,4,1,2,,,1,,1,,,1,,,,7,1,,,,,,3,3,3,3,2,5,1,3,5,,4,1,Mobile,1,0.871,,0.845,4
297433,17/03/2025,1,1,50,5,4,2,9,5,5,5,4,5,3,,,,,2,2,1,98,2,4,3,4,10,10,5,3,3,2,98,3,3,1,3,4,2,7,0,5,1,8,3,2,94,6,2,1,,1,,,1,,,,,1,,1,1,,,,,,1,2,3,98,3,4,98,2,2,3,2,2,1,2,,4,4,1,2,1,,1,,,,,,,,,2,1,,,,,,4,4,3,2,3,2,5,,,,99,2,Mobile,1,,0.464,0.529,8
297434,17/03/2025,1,1,33,3,2,2,9,5,3,4,5,5,98,,,,,2,98,1,3,2,4,2,98,9,3,5,3,3,3,2,3,3,2,3,3,3,5,4,5,3,7,1,97,13,4,1,,,,,,,,,,,,,,,,,,,,4,98,98,2,2,4,98,2,2,3,2,98,98,99,,4,4,98,98,,,,,,,,,,,1,1,1,,,,,,3,2,3,3,3,99,2,,,,99,2,Mobile,1,,0.459,0.523,8
297435,17/03/2025,1,1,45,4,3,1,4,1,4,3,3,3,4,,,,,0,2,1,4,3,4,1,3,10,7,5,3,3,3,4,3,3,3,4,5,0,0,0,0,0,4,1,8,1,4,4,,1,,,,,1,,,,,,,1,,,,,,5,2,2,3,3,3,2,3,1,1,4,4,2,2,,4,4,1,1,,,1,1,1,,1,,,,,5,1,,,,,,4,4,4,4,3,6,5,,,,1,2,,2,,0.483,0.551,8
297439,17/03/2025,1,1,47,4,3,1,9,5,2,2,3,2,4,4,4,2,3,2,4,3,2,3,1,1,2,7,1,3,,,,,,1,1,1,98,6,4,2,2,3,3,1,1,1,2,4,1,1,1,1,,,,,,,,,1,,,,,,,7,3,3,2,2,3,2,2,3,3,2,3,4,1,5,4,4,1,4,,,,1,,,,,,,,2,1,,,,,,4,4,4,4,3,2,1,4,2,1978,3,1,PC,1,1.066,,1.034,1
297440,17/03/2025,1,1,38,3,2,1,2,1,1,3,3,2,4,4,1,4,2,2,4,3,3,2,2,1,2,4,1,3,,,,,,2,4,3,7,9,2,10,5,9,0,4,94,94,2,3,1,,,,,,,1,,,,,,,,,,1,,1,4,3,3,2,2,3,2,1,1,1,2,98,1,4,4,3,1,4,,,,,,1,1,1,,,,5,1,,,,,,3,4,3,4,4,1,1,1,6,,3,1,Mobile,1,1.065,,1.033,1
297441,17/03/2025,1,1,,3,2,1,9,5,3,4,3,5,3,4,1,3,4,2,4,4,2,2,3,2,2,4,4,3,,,,,,2,2,3,5,8,8,4,8,8,4,1,30,4,3,4,1,,,,,,,,1,,,1,,,1,,,,,4,3,4,3,2,3,98,2,2,2,3,3,3,1,1,3,2,1,4,,,1,1,1,,1,1,1,,,6,1,,,,,,4,4,4,4,3,2,1,1,4,,3,1,PC,1,0.972,,0.943,6
297442,18/03/2025,1,1,,4,3,1,8,4,1,4,3,1,2,3,1,4,3,2,3,1,2,98,2,1,2,8,3,1,,,,,,3,1,3,5,7,1,8,4,8,1,1,6,6,3,5,1,,,,,,,,,,,,,,,,,1,,2,4,3,2,3,2,3,2,2,1,1,3,2,1,3,4,3,1,3,1,,1,1,1,1,1,1,1,,,5,1,,,,,,3,3,1,1,3,1,1,1,2,2011,3,1,PC,1,0.99,,0.96,7
297443,18/03/2025,1,1,40,4,3,1,9,5,3,4,2,1,4,4,1,3,4,2,4,3,2,2,2,3,3,8,2,2,,,,,,4,2,1,2,8,7,2,8,8,5,1,97,94,2,5,1,1,1,,,,,1,,,,,1,,,,,,,4,3,4,1,1,3,3,2,2,2,2,1,3,1,5,3,3,1,2,,,,1,,1,,1,,,,2,1,,,,,,4,4,4,3,3,2,1,3,5,,3,1,Mobile,1,1.08,,1.047,1
297444,18/03/2025,1,1,,5,4,1,9,5,5,5,3,5,4,4,3,4,1,2,2,2,1,1,4,4,4,3,10,5,,,,,,4,4,2,0,3,10,5,10,5,5,1,99,99,7,5,1,1,1,1,1,,,,,,,,,,,,,1,,1,1,4,1,1,4,4,1,1,4,1,2,2,2,,4,3,1,1,1,,,,,,,,,,,5,,1,1,1,,,2,3,1,2,2,6,1,1,6,,5,1,PC,1,0.647,,0.628,4
297446,18/03/2025,1,1,55,5,4,2,2,1,5,4,3,3,4,4,3,4,1,2,3,4,3,3,4,4,3,8,7,5,,,,,,3,2,2,0,2,2,2,10,5,2,1,7,3,2,5,1,1,,,,,,,,,,1,,,,,,,,1,2,4,4,1,3,2,1,1,3,2,4,4,1,3,4,3,1,4,1,,,,,,1,1,,,,2,,1,,,,,4,3,3,4,1,6,1,1,6,,4,1,PC,1,0.9,,0.873,6
297447,18/03/2025,1,1,,2,1,1,6,3,2,98,98,98,98,98,4,2,3,2,98,3,98,98,98,98,98,5,5,98,,,,,,98,98,98,98,98,98,98,98,98,98,98,99,99,98,98,,,,,,,,,,,,,,,,,,,,98,98,98,98,98,98,98,98,98,98,98,98,98,99,,99,99,98,98,,,,,,,,,,,1,5,,,,,,1,98,98,98,98,3,99,1,2,5,,99,1,Mobile,1,0.897,,0.87,1
297448,18/03/2025,1,1,,6,5,2,9,5,2,4,3,98,98,4,4,2,3,2,3,3,4,98,1,2,2,10,5,3,,,,,,3,2,4,6,8,4,7,7,10,5,2,99,5,98,1,,,,,,,,,,,,,,,,,,,,5,4,3,2,2,98,3,2,2,3,3,4,3,1,3,4,4,1,5,,,1,,,,,,,,1,2,,,,,,1,4,3,4,3,4,2,1,3,4,,5,1,PC,1,1.251,,1.214,4
297449,18/03/2025,1,1,35,3,2,1,9,5,5,5,4,5,1,2,3,4,1,2,1,4,3,4,4,4,1,10,10,5,,,,,,1,1,2,0,1,10,0,10,0,5,1,8,9,7,4,1,1,1,,,,,,,,,1,,1,,,,,,1,1,4,1,1,4,3,1,1,3,1,2,1,1,5,4,2,1,1,,,1,,,,1,,,,,0,,1,1,1,,,2,2,1,1,1,6,5,1,4,,1,1,Mobile,1,0.712,,0.69,3
297450,18/03/2025,1,1,,6,5,2,5,2,5,4,3,2,4,4,3,4,1,2,4,2,3,4,1,3,3,10,5,98,,,,,,1,2,2,2,6,4,1,10,9,5,1,30,3,4,4,,1,1,,,,,,,,,1,1,,,,,,,1,2,3,2,2,4,1,2,1,3,2,4,2,2,,4,3,1,3,,,1,,1,,1,,,,,5,,1,,,,,4,4,3,3,2,5,1,4,1,1965,2,1,Mobile,1,1.385,,1.343,3
297451,18/03/2025,1,1,27,2,1,2,8,4,2,5,3,2,4,4,1,2,4,2,4,3,3,2,1,1,2,7,2,1,,,,,,4,3,2,6,9,2,9,6,10,0,1,5,5,3,3,,,,,,1,,1,,,,,1,1,,,,,,4,2,2,2,2,3,2,2,2,2,2,4,3,1,3,4,4,1,3,,,,1,1,,,,,,,9,1,,,,,,3,3,3,3,3,2,1,2,4,,4,1,Mobile,1,1.174,,1.139,1
297452,20/03/2025,1,1,55,5,4,1,4,1,3,4,4,4,1,,,,,0,1,1,98,4,3,3,98,8,5,2,3,3,2,3,3,3,3,3,0,98,98,0,98,98,98,2,98,12,4,1,,,,,,,,,,,,,,,,,,,,4,98,2,98,98,3,2,2,1,98,2,98,1,2,,4,3,1,2,1,1,,,1,,1,,,,,1,1,,,,,,3,3,2,2,2,2,2,,,,2,2,,2,,0.81,0.923,8
297454,19/03/2025,1,1,70,7,5,1,8,4,3,4,3,4,2,,,,,0,1,1,1,3,98,2,3,7,8,3,4,3,4,1,3,1,1,1,0,0,5,5,5,0,5,1,11,11,7,4,1,1,,,,,,1,,,,,,1,,1,,,,1,1,4,1,1,4,4,1,1,2,1,1,2,2,,4,4,1,98,1,,,,,,,,,,,0,1,,,,,,98,98,2,3,3,2,2,,,,5,2,,2,,0.093,0.106,8
297456,23/03/2025,1,1,80,8,5,1,1,1,1,5,3,5,2,,,,,0,2,1,2,4,98,1,4,4,5,3,4,4,4,98,2,1,98,3,98,98,7,98,5,98,5,4,99,94,98,1,,,,,,,,,,,,,,,,,,,,5,98,1,1,98,98,98,1,98,98,2,1,2,2,,4,99,98,98,,,,,,,,,,,1,5,1,,,,,,3,3,3,2,2,6,2,,,,1,2,,2,,0.576,0.657,8
297458,19/03/2025,1,1,18,1,1,1,3,1,3,3,1,1,1,,,,,0,3,4,98,3,98,98,98,8,5,98,3,98,98,98,4,2,2,2,5,98,98,3,5,5,7,2,97,95,98,4,,1,1,,,,,,,,,1,1,,,,,,,98,98,3,3,3,3,98,98,98,98,2,3,98,1,1,4,3,1,4,,,,,,,,,,,1,7,1,,,,,,4,4,98,4,4,4,99,,,,99,2,,2,,5.027,5.73,8
297462,19/03/2025,1,1,,3,2,1,8,4,1,5,5,2,4,4,2,1,4,2,4,3,3,4,1,1,1,0,0,1,,,,,,2,3,1,3,5,0,10,10,1,0,1,5,6,3,5,,,,,,,,1,,,,,,,,,,1,,5,5,4,98,1,2,1,2,2,1,2,2,1,2,,4,4,1,2,,,,1,,1,,,,,,9,1,,,,,,3,2,1,4,4,1,1,1,4,,3,1,Mobile,1,0.891,,0.865,4
297463,19/03/2025,1,1,,4,3,1,5,2,5,5,5,5,4,3,1,3,4,2,4,1,3,3,2,3,2,7,10,1,,,,,,3,2,3,7,4,4,4,4,7,7,3,97,7,3,3,,1,,,,,,,,,,,1,,,,,,,7,2,3,3,2,3,3,2,2,3,2,3,3,1,2,4,2,1,3,,,,1,1,,,1,1,,,10,1,,,,,,3,3,3,2,1,5,1,1,3,1997,3,1,Mobile,1,1.179,,1.144,2
297467,19/03/2025,1,1,66,6,5,2,3,1,4,5,3,5,1,,,,,0,1,4,4,4,2,3,4,10,10,98,4,3,4,1,98,3,1,2,0,0,5,5,5,98,5,1,11,11,7,4,1,1,,,,,,,,,,,1,,,1,1,,,1,1,98,98,98,4,3,1,98,2,1,98,1,2,,4,4,1,1,,,,,,,1,,,,,0,,1,,1,,,3,3,4,2,4,5,2,,,,1,2,,2,,1.049,1.196,8
297469,19/03/2025,1,1,46,4,3,1,5,2,4,5,4,5,3,4,3,4,1,2,3,1,3,4,2,4,3,8,7,3,,,,,,3,1,2,3,4,7,4,7,4,3,1,3,3,5,4,1,1,1,,,,,,,,,1,1,1,,,,,,3,2,3,1,1,3,2,1,2,3,2,3,3,2,,4,4,1,2,,,1,,1,,1,1,,,,6,,1,,,,,3,4,3,3,2,4,1,2,5,,4,1,Mobile,1,1.27,,1.232,4
297471,19/03/2025,1,1,,6,5,1,5,2,5,5,5,2,3,4,4,3,1,2,4,2,3,4,3,3,3,10,7,1,,,,,,3,2,3,5,4,5,5,5,7,3,2,97,3,5,2,1,,,,,,,,,,,,,,,,,1,,5,3,3,3,2,3,1,2,2,3,4,4,3,99,,4,99,1,4,,,1,,,,,,,,,5,1,,,,,,3,2,3,2,2,5,1,4,6,,2,1,Mobile,1,1.419,,1.376,4
297472,19/03/2025,1,1,30,3,2,2,9,5,3,5,3,5,2,,,,,2,98,1,3,3,3,3,3,10,3,5,4,3,3,98,3,3,2,3,2,1,9,2,5,5,7,2,13,13,7,3,1,1,1,,,,,,,,,,1,,,,,,,1,2,3,4,2,4,3,1,1,2,1,98,98,2,,4,4,98,2,,,,,,,,,,,1,1,1,,,,,,3,3,3,3,3,5,2,,,,4,2,Mobile,1,,0.459,0.523,8
297474,19/03/2025,1,1,,4,3,1,6,3,5,5,4,3,3,,,,,2,2,1,2,3,4,4,4,10,10,4,4,1,1,2,4,1,2,3,2,2,8,2,9,0,6,2,3,2,6,2,1,,,,,,,,,,,,1,,,,,,,1,1,3,3,3,4,3,1,1,3,3,4,3,1,4,4,4,1,4,,,1,,,,,1,,,,10,1,,,,,,3,3,1,2,1,6,5,,,,3,2,Mobile,1,,0.724,0.826,8
297475,19/03/2025,1,1,22,1,1,2,7,3,5,5,3,2,2,1,3,4,1,2,2,1,3,3,4,4,4,9,8,5,,,,,,2,2,2,3,3,6,5,5,5,5,1,8,8,5,3,1,,,,1,1,1,,,1,,,1,,,,,,,4,1,4,1,2,4,4,2,2,3,2,2,3,1,2,4,4,1,2,1,1,1,,,,1,,,,,0,,1,1,,,,4,3,3,2,2,6,1,2,5,,4,1,PC,1,0.649,,0.629,4
297476,19/03/2025,1,1,31,3,2,1,6,3,4,5,4,5,2,,,,,2,2,2,2,2,2,3,2,10,2,98,4,4,3,3,2,3,3,3,2,0,9,10,9,7,4,1,97,12,7,2,,,,,,1,,1,1,,,1,,,,,,,,2,2,2,3,3,4,4,1,2,1,2,4,3,1,5,4,4,1,3,,,,,,,1,,,1,1,10,,1,,,,,4,4,4,4,3,2,2,,,,5,2,Mobile,1,,0.254,0.29,8
297477,19/03/2025,1,1,52,5,4,2,4,1,3,5,5,5,2,,,,,2,2,1,4,4,3,3,4,10,10,5,3,3,3,2,3,4,1,3,98,98,10,98,10,98,5,2,8,13,7,3,1,,1,,,1,,,,,,,1,,,,,,,2,1,3,98,98,4,3,1,2,4,2,2,98,2,,4,4,1,98,1,,,,,,,,,,,0,1,,,,,,98,98,98,98,3,6,2,,,,1,2,Mobile,1,,2.318,2.643,8
297478,20/03/2025,1,1,52,5,4,2,4,1,1,5,5,3,2,,,,,0,2,4,98,3,3,1,98,8,0,4,3,3,4,4,3,4,3,2,98,98,98,98,98,98,98,4,97,94,98,4,1,1,,,,,1,,,,,,,,,,,1,1,98,98,3,2,2,4,4,2,2,98,98,98,98,1,5,4,4,98,98,,,,,,,,,,,1,5,1,,,,,,1,1,1,2,4,6,2,,,,4,2,,2,,1.678,1.913,8
297479,19/03/2025,1,1,70,7,5,2,2,1,3,4,4,3,98,,,,,0,1,1,98,4,3,2,98,5,5,5,4,98,3,1,3,3,1,1,5,98,98,98,5,98,5,3,12,94,98,5,,1,1,,,,,,,,,,,,,1,1,,,98,98,3,98,98,4,98,98,98,98,98,98,98,2,,4,4,1,98,,,,,,,,,,,1,5,1,,,,,,98,98,98,98,4,6,2,,,,99,2,,2,,2.279,2.598,8
297480,19/03/2025,1,1,33,3,2,2,9,5,5,5,4,5,1,,,,,2,1,1,3,98,4,4,4,10,10,2,3,2,2,98,1,2,2,2,1,1,7,2,7,3,7,1,11,11,5,3,1,,,1,,,,,,,,,,,,,,1,,1,1,3,1,1,4,4,1,1,2,1,2,98,2,,4,3,1,1,1,1,,,,,,,,,,1,1,,,,,,3,2,2,3,2,4,5,,,,4,2,Mobile,1,,1.187,1.353,8
297481,19/03/2025,1,1,30,3,2,1,4,1,4,4,3,2,3,4,1,4,3,2,3,4,98,3,2,3,2,6,5,2,,,,,,3,3,3,4,7,5,5,5,8,4,4,3,94,2,4,,1,,,,,,,1,,,,1,,,,,,,6,4,3,2,3,4,3,2,2,2,2,3,3,2,,4,2,1,3,,,1,,1,,1,,,,,7,1,,,,,,3,2,2,1,2,6,1,3,4,,99,1,Mobile,1,1.092,,1.059,4
297484,19/03/2025,1,1,,4,3,2,4,1,3,3,2,2,2,98,1,3,4,2,4,4,3,4,1,3,2,5,5,2,,,,,,2,3,1,10,10,5,5,8,10,5,4,1,1,1,3,,1,,,,,,,,,1,,1,1,,,,,,6,3,3,2,2,2,2,2,2,2,3,4,3,1,1,4,4,1,4,,,,,1,,,,,,,8,1,,,,,,4,4,3,3,3,6,1,3,5,,1,1,Mobile,1,1.502,,1.457,6
297485,19/03/2025,1,1,,4,3,1,8,4,4,5,4,4,2,,,,,2,1,1,98,3,3,1,2,5,8,4,3,1,2,2,3,3,2,3,1,1,3,3,3,1,5,2,97,12,5,3,1,1,1,,1,1,,,,,,,,,,,,1,,5,3,2,3,98,98,98,2,2,2,1,2,3,2,,4,3,1,3,,,,,,,,,,,1,3,1,,,,,,98,2,98,3,2,2,2,,,,1,2,Mobile,1,,0.057,0.064,8
297486,19/03/2025,1,1,,3,2,1,6,3,4,5,5,3,98,,,,,2,2,1,98,1,4,3,4,8,10,3,4,4,3,3,3,3,2,3,0,0,7,0,8,0,5,1,11,11,7,1,,,,,,,,,,,,,,,,,,,,8,2,3,3,3,4,3,3,3,4,1,3,2,2,,4,4,1,3,1,,1,1,,,1,,,,,10,1,,,,,,2,3,3,3,1,5,5,,,,4,2,Mobile,1,,0.254,0.29,8
297489,19/03/2025,1,1,,3,2,1,6,3,4,5,3,4,98,,,,,2,2,1,3,3,3,98,4,6,10,4,3,3,2,2,3,3,2,3,4,4,5,4,6,1,7,2,2,98,5,1,,,,,,,,,,,,,,,,,,,,3,1,4,3,1,4,3,2,2,4,3,3,4,2,,4,4,1,2,,,1,,,,1,,,,,0,1,,,,,,4,3,3,3,2,5,2,,,,2,2,Mobile,1,,0.254,0.29,8
297491,19/03/2025,1,1,53,5,4,1,9,5,3,5,4,4,2,,,,,2,2,1,4,4,3,3,3,9,8,4,4,3,3,2,4,2,2,3,4,3,6,4,7,2,8,2,8,99,6,4,1,1,,,1,,,,1,1,,,1,,,,,,,4,2,3,3,2,4,3,2,2,3,2,2,3,1,5,4,4,1,2,,,1,,1,,1,,,,,1,1,,,,,,3,3,3,3,2,2,2,,,,3,2,Mobile,1,,0.063,0.071,8
297493,19/03/2025,1,1,,2,1,1,7,3,5,5,3,5,3,1,4,3,1,2,3,1,3,2,3,4,3,10,10,3,,,,,,3,2,3,0,4,7,2,8,5,2,1,30,8,5,1,,,,,,,,,,,,,,,,,,,,3,1,3,1,2,3,98,1,1,2,1,2,2,1,2,4,2,1,2,,,1,,,,1,1,,,,7,,1,1,,,,3,3,3,3,1,6,1,1,4,,2,1,Mobile,1,0.665,,0.645,3
297494,19/03/2025,1,1,,2,1,2,5,2,3,4,2,4,2,3,3,4,1,2,2,1,3,3,3,3,3,8,6,98,,,,,,3,98,1,5,5,5,4,5,5,5,1,3,10,5,4,1,,1,,1,1,,1,,,,,1,,,,,,,3,98,3,2,2,4,4,2,2,2,2,2,2,1,2,3,3,1,98,1,,,,,,1,,,,,1,1,,,,,,3,3,3,3,3,5,1,1,4,,4,1,Mobile,1,1.488,,1.443,1
297495,19/03/2025,1,1,54,5,4,2,9,5,3,5,4,5,1,,,,,2,1,1,98,3,4,1,4,4,10,5,4,1,3,2,3,3,4,3,0,0,0,10,0,0,5,4,94,94,98,3,,,,,,,1,,,,,1,,,,,,,,1,1,2,2,2,4,4,1,1,2,1,1,1,2,,4,4,1,2,,,,,,,,,,,1,1,1,,,,,,2,2,2,1,2,5,2,,,,4,2,Mobile,1,,0.179,0.205,8
297496,19/03/2025,1,1,,6,5,1,8,4,3,5,5,5,1,,,,,2,2,2,2,3,4,1,1,10,10,5,4,2,2,2,3,3,3,2,0,0,0,6,3,0,5,4,94,94,98,4,,1,,,,,,,,,,1,,,,,,,,1,1,1,3,1,4,4,1,1,2,1,1,2,2,,4,4,1,1,,,,,,,1,,,,,1,1,,,,,,2,2,2,1,3,2,2,,,,5,2,Mobile,1,,0.093,0.106,8
297497,19/03/2025,1,1,,6,5,2,8,4,2,5,4,5,2,,,,,2,1,1,4,4,4,1,3,10,2,5,4,4,3,2,3,2,2,1,0,0,5,0,1,0,1,4,96,12,7,5,1,1,1,,1,,,,,,,,1,1,,1,1,,,1,1,3,3,3,4,4,1,1,2,1,1,2,2,,4,4,1,1,,,,,,,1,,,,,1,1,,,,,,3,3,3,3,3,2,2,,,,3,2,Mobile,1,,0.267,0.304,8
297498,19/03/2025,1,1,,6,5,2,4,1,2,3,3,1,4,4,1,3,4,2,4,1,3,3,1,2,2,10,1,1,,,,,,2,2,3,5,10,5,10,10,10,5,2,97,4,2,2,,1,,,,,,,,,,1,,,1,,,,,7,3,3,4,2,4,3,2,2,2,2,4,2,2,,4,4,1,4,,,,1,1,,,,,,,2,1,,,,,,4,4,3,3,4,3,1,3,1,1963,4,1,Mobile,1,1.783,,1.73,1
297499,20/03/2025,1,1,45,4,3,1,8,4,4,5,3,5,3,3,4,2,1,2,3,3,2,3,3,3,2,5,5,1,,,,,,1,3,3,4,3,3,3,3,3,3,4,94,1,3,2,1,,,,,,,,,,,,,,,,,1,,1,3,3,98,98,2,2,1,1,1,2,2,1,2,,4,4,1,3,,,1,1,1,1,,1,,,,10,1,,,,,,3,3,3,3,2,5,1,1,4,,3,1,Mobile,1,1.015,,0.984,3
297500,20/03/2025,1,1,34,3,2,1,8,4,2,5,3,5,3,,,,,2,4,2,2,2,4,2,3,10,10,1,3,1,1,4,2,1,2,1,0,0,0,0,0,0,5,4,94,94,98,5,1,,,,,1,1,,1,1,,,,,,,,1,,1,3,2,2,2,4,4,1,1,2,1,1,1,1,2,4,3,1,1,,,,,,,,,,,1,0,1,,,,,,3,3,3,2,4,2,2,,,,5,2,Mobile,1,,0.242,0.276,8
297502,20/03/2025,1,1,48,4,3,2,9,5,1,5,5,5,3,,,,,0,1,1,3,4,3,1,4,10,4,5,3,3,2,2,98,2,2,2,0,0,8,1,6,2,5,1,12,12,7,4,1,1,1,,1,1,,,,,,1,1,,,1,,,,1,1,2,2,2,4,4,1,2,2,2,2,98,1,3,4,4,1,1,1,,,,,,1,,,,,0,1,,,,,,2,3,3,2,4,4,2,,,,2,2,,2,,0.168,0.192,8
297503,20/03/2025,1,1,52,5,4,2,4,1,4,5,4,3,3,98,4,2,3,2,2,1,98,3,2,3,3,5,5,3,,,,,,3,3,2,5,5,5,3,5,8,3,4,98,94,4,3,,1,,,,,,,,,,,1,,,,,,,5,98,3,3,3,98,2,2,2,3,2,2,2,99,,4,99,1,3,,,,,1,,,,,,,5,1,,,,,,3,3,4,4,3,4,1,3,5,,5,1,Mobile,1,0.969,,0.94,6
297506,20/03/2025,1,1,30,3,2,2,9,5,5,5,1,5,4,4,1,4,2,2,4,3,2,4,4,4,3,8,4,1,,,,,,3,2,4,2,4,0,0,10,8,3,3,94,98,4,1,,,,,,,,,,,,,,,,,,,,1,98,98,1,3,2,2,1,1,3,2,1,98,1,1,4,4,1,1,,,,1,,1,,1,,,,10,1,,,,,,3,2,2,1,1,6,1,3,4,,1,1,Mobile,1,0.694,,0.674,3
297508,20/03/2025,1,1,,7,5,1,6,3,4,5,5,5,1,,,,,2,2,2,3,4,4,3,3,10,10,4,3,3,3,2,3,3,2,2,1,1,6,1,7,1,6,1,11,11,3,4,,1,,,,,,,,,,1,1,1,,1,,,,2,2,3,3,2,4,3,1,2,3,2,98,3,2,,4,4,1,1,,,,,,,1,,,,,0,1,,,,,,3,3,3,98,2,5,2,,,,1,2,Mobile,1,,0.098,0.111,8
297510,20/03/2025,1,1,41,4,3,1,3,1,1,4,2,2,3,4,4,1,3,2,3,3,1,2,1,1,2,2,0,1,,,,,,3,3,3,6,6,4,10,8,8,2,2,6,6,2,3,1,,1,,,,,,,,,,,,,,,1,,2,5,3,2,2,3,3,3,3,1,2,2,2,1,5,4,4,98,3,,,1,1,1,,1,1,,,,2,1,,,,,,3,4,3,4,4,1,1,1,1,1998,4,1,PC,1,1.183,,1.147,1
297511,20/03/2025,1,1,,2,1,1,8,4,5,3,3,3,4,4,3,1,4,2,4,3,1,1,4,4,4,8,5,1,,,,,,2,3,3,0,5,2,1,10,5,1,1,2,2,4,3,1,,,,,1,,,,,,,1,,,,,,,5,1,3,2,1,3,3,1,1,3,2,3,3,2,,4,3,1,3,,,,,1,,,1,,,,3,,1,,,,,3,3,3,3,1,5,1,1,4,,2,1,PC,1,0.892,,0.865,5
297512,20/03/2025,1,1,,7,5,2,5,2,4,3,3,4,3,4,3,1,4,2,2,1,3,3,3,3,2,10,10,1,,,,,,4,2,3,5,5,5,5,5,5,5,1,1,1,4,5,,,1,,,,,,,,,1,1,1,1,,,,,6,3,4,2,2,3,2,1,2,2,3,4,4,2,,4,4,1,3,,,1,,,,,,,,,10,1,,,,,,3,4,3,4,2,4,1,2,1,1973,3,1,Mobile,1,1.491,,1.446,4
297513,20/03/2025,1,1,22,1,1,2,5,2,3,4,2,4,4,4,3,4,2,2,3,3,3,3,3,3,2,9,7,3,,,,,,1,1,2,1,5,6,6,10,9,6,1,3,10,4,3,1,,1,,,,,,1,,,1,,,,,,,,2,3,3,2,1,3,2,2,2,3,1,3,3,1,4,1,3,1,3,,,1,1,1,1,1,1,1,,,6,1,,,,,,4,3,4,4,4,2,1,2,5,,4,1,Mobile,1,1.488,,1.443,3
297514,21/03/2025,1,1,,4,3,2,6,3,4,4,3,4,4,4,1,3,2,2,4,4,3,2,2,3,2,7,5,1,,,,,,2,2,2,6,5,4,4,6,6,3,2,97,1,3,5,1,1,1,,,,,,,,,1,1,1,,,,,,5,3,3,2,2,2,2,3,2,2,3,2,2,1,2,4,2,1,4,,,1,,1,,,1,1,,,5,,1,,,,,4,4,3,3,3,4,1,4,4,,4,1,Mobile,1,0.738,,0.716,4
297515,21/03/2025,1,1,,3,2,1,9,5,4,5,5,3,2,,,,,2,2,1,3,98,4,3,4,10,10,5,3,2,2,2,4,2,3,3,4,1,6,1,7,1,8,4,94,2,5,4,1,,1,,1,1,,1,,,,,,,,1,,,1,3,1,3,1,2,3,3,1,1,3,2,98,3,1,1,99,3,98,98,1,,1,,,,1,,,,,0,1,,,,,,4,4,3,4,2,2,99,,,,1,2,Mobile,1,,0.074,0.084,8
297516,21/03/2025,1,1,,6,5,1,5,2,4,3,3,1,3,4,1,3,2,2,4,3,2,2,3,2,1,1,3,1,,,,,,1,1,2,10,7,3,7,7,10,7,1,1,7,3,4,,1,,,,,,,,,,1,,,1,,,,,7,5,3,3,2,3,1,3,3,1,2,3,2,1,4,4,2,1,5,,,,1,,1,,1,,,,9,1,,,,,,3,4,3,4,2,5,1,2,5,,4,1,Mobile,1,1.528,,1.482,6
297517,21/03/2025,1,1,,4,3,1,5,2,2,4,3,5,3,,,,,2,2,1,98,3,4,1,3,10,10,2,3,3,2,98,98,4,3,3,0,0,98,0,98,0,3,3,13,94,5,3,1,,1,,1,1,,,1,,,1,,,,1,,,,1,98,3,3,3,3,3,1,1,3,2,2,1,2,,4,4,98,1,,,,,,,1,,,,,0,1,,,,,,98,2,3,2,3,1,2,,,,4,2,Mobile,1,,0.93,1.06,8
297518,21/03/2025,1,1,,5,4,2,3,1,3,5,5,4,2,,,,,2,2,1,3,3,2,1,2,8,9,3,98,98,3,98,3,3,3,4,0,98,98,98,98,98,7,98,94,11,98,3,1,,,,,,,,,,,,,,,1,,,,98,2,3,3,3,4,4,2,2,3,2,2,2,1,5,4,3,98,1,,1,,,,,,,,,,8,1,,,,,,3,3,3,3,3,1,2,,,,1,2,Mobile,1,,2.318,2.643,8
297519,21/03/2025,1,1,27,2,1,1,6,3,5,5,5,3,4,4,3,1,4,2,3,2,2,3,3,4,3,7,6,5,,,,,,2,3,2,3,5,5,4,6,5,5,1,30,2,3,4,1,,,,1,,,,,,,,,,,,,1,,3,2,3,1,1,4,3,1,1,2,2,3,1,1,2,4,4,1,1,1,,1,,,,,,,,,0,1,,,,,,3,4,2,2,1,5,1,2,4,,5,1,PC,1,0.665,,0.645,4
297521,21/03/2025,1,1,,2,1,2,8,4,4,5,4,5,4,4,1,3,4,2,4,4,3,3,2,3,3,8,3,2,,,,,,3,2,2,0,10,2,4,10,10,3,1,3,2,1,4,1,,,,1,1,,,,,,,1,,,,,,,1,2,3,2,3,3,1,1,1,2,2,3,2,1,4,4,2,1,2,,,1,,1,,,1,,,,8,1,,,,,,3,2,2,2,2,6,1,1,5,,1,1,Mobile,1,0.937,,0.909,6
297522,22/03/2025,1,1,37,3,2,1,8,4,1,4,4,2,4,4,1,4,2,2,4,3,2,3,1,1,2,8,5,1,,,,,,3,1,3,9,10,6,10,9,10,2,1,4,4,1,4,1,,,,,,,,,,,,,,1,,,,,8,5,4,2,2,2,98,4,3,1,3,4,2,1,3,2,3,1,2,,,,1,1,1,,1,,,,0,1,,,,,,4,4,4,4,4,1,1,3,5,,4,1,Mobile,1,0.891,,0.865,7
297523,23/03/2025,1,1,27,2,1,1,6,3,2,4,2,2,4,4,2,1,4,2,4,3,2,2,1,2,1,2,0,1,,,,,,1,2,2,5,8,4,5,8,10,0,1,4,4,1,1,,,,,,,,,,,,,,,,,,,,5,5,3,2,3,2,2,2,2,1,2,3,1,1,1,2,2,1,3,,,,1,,1,,1,1,,,10,,,,,1,,4,4,4,4,4,1,1,2,4,,1,1,PC,1,0.897,,0.87,1
297524,23/03/2025,1,1,,3,2,2,9,5,2,5,2,4,4,4,3,1,2,2,4,3,3,3,3,2,2,6,7,1,,,,,,4,4,2,5,8,4,3,6,7,0,3,4,1,4,2,,,,,,1,,,,,,,1,,,,,,,2,3,2,3,3,2,2,1,1,2,2,3,1,1,2,4,3,98,1,,,,,,,,1,,,,10,1,,,,,,2,3,3,2,3,6,1,1,2,2014,5,1,Mobile,1,0.937,,0.908,1
297525,23/03/2025,1,1,38,3,2,1,9,5,4,5,3,5,4,,,,,0,1,1,3,2,4,98,4,10,0,2,4,3,1,1,2,1,3,2,0,0,4,3,0,0,5,1,12,12,7,5,1,1,,,,,,,,,,,1,1,,1,,,,1,3,1,1,1,4,4,1,1,2,1,1,1,2,,4,4,1,1,1,,,,,,1,,,,,0,1,,,,,,2,2,2,2,2,5,2,,,,5,2,,2,,0.074,0.084,8
297528,23/03/2025,1,1,40,4,3,1,5,2,3,5,4,5,3,,,,,0,98,1,4,3,4,1,4,10,0,5,4,4,3,1,1,4,1,1,0,0,5,0,0,5,6,1,12,12,4,5,1,1,,,1,,,,1,,,,,,,1,1,,,5,1,2,4,2,4,4,1,1,4,1,1,1,1,1,4,4,98,1,,,,,,,,,,,1,0,1,,,,,,1,1,3,1,4,2,2,,,,1,2,,2,,0.93,1.06,8
297531,23/03/2025,1,1,89,8,5,2,4,1,2,4,5,98,2,,,,,0,98,4,98,98,2,98,98,10,5,98,4,98,98,98,4,4,1,4,98,98,98,5,5,5,5,3,98,94,98,1,,,,,,,,,,,,,,,,,,,,10,98,4,98,98,4,1,98,98,98,98,98,98,2,,4,4,98,98,,,,,,,,,,,1,5,1,,,,,,3,3,3,3,3,3,2,,,,4,2,,2,,2.279,2.598,8
297533,23/03/2025,1,1,58,5,4,1,4,1,3,4,4,5,4,,,,,0,2,1,98,3,3,98,3,10,0,2,3,3,3,2,98,3,3,3,0,0,5,5,3,0,5,4,94,94,7,5,,1,,,,,,,,,,,,,,1,1,,,1,3,3,2,2,3,3,1,2,2,2,2,98,2,,4,4,1,2,,,,,,,,,,,1,10,1,,,,,,2,3,3,2,3,1,2,,,,2,2,,2,,0.81,0.923,8
297535,24/03/2025,1,1,,4,3,1,8,4,3,4,2,4,98,,,,,0,98,1,1,1,98,98,3,6,5,5,3,4,3,98,98,98,1,98,0,98,1,6,98,98,6,1,12,12,98,4,1,,,,,,,,,1,,,1,,,,,,,98,1,3,98,1,98,98,1,1,4,1,98,2,1,4,4,3,1,98,,,,,,,,,,,1,0,1,,,,,,98,98,98,98,2,4,2,,,,5,2,,2,,0.123,0.14,8
297536,23/03/2025,1,1,47,4,3,2,6,3,4,5,4,5,2,,,,,0,98,1,4,4,4,2,4,10,5,98,3,3,2,98,3,3,2,3,0,0,5,3,5,98,7,1,98,98,6,1,,,,,,,,,,,,,,,,,,,,1,98,3,2,2,4,4,1,2,2,2,3,2,2,,4,4,1,4,1,,1,1,1,,1,,,,,5,1,,,,,,3,3,3,3,2,99,5,,,,5,2,,2,,0.369,0.421,8
297537,23/03/2025,1,1,81,8,5,1,7,3,1,5,5,5,2,,,,,0,1,1,2,3,3,98,4,10,0,2,4,2,3,1,1,2,3,1,0,0,7,4,8,2,5,1,8,3,98,5,,1,,,,,,,,,,,,,,1,,,,1,4,4,1,1,4,4,1,2,3,1,1,1,2,,4,4,1,98,1,,,,,,,,,,,0,1,,,,,,1,3,1,1,3,6,2,,,,5,2,,2,,0.154,0.175,8
297539,24/03/2025,1,1,41,4,3,2,4,1,3,5,98,3,3,,,,,0,1,1,98,3,4,4,4,10,0,5,4,3,4,1,3,4,2,3,0,5,5,3,10,5,8,4,94,11,98,2,1,,,,1,1,1,1,1,1,,,,,,,,1,,1,1,2,3,3,4,4,1,1,2,1,1,1,2,,4,3,1,1,,,,,,,,,,,1,0,1,,,,,,3,1,3,1,4,6,2,,,,4,2,,2,,3.005,3.426,8
297540,24/03/2025,1,1,65,6,5,2,5,2,3,5,3,5,4,,,,,0,98,2,3,4,3,1,3,8,0,1,4,4,4,98,3,3,1,1,0,0,8,0,4,5,5,1,99,99,7,4,,1,,,1,,,,,,,,1,1,,1,,,,1,3,3,3,2,3,3,1,4,2,1,1,1,2,,4,4,98,1,,,,,,,,,,,1,0,1,,,,,,3,3,3,3,4,6,2,,,,1,2,,2,,2.019,2.302,8
297541,24/03/2025,1,1,52,5,4,1,6,3,4,5,4,5,3,,,,,0,1,1,3,4,4,3,3,10,8,5,3,2,3,2,3,2,2,1,0,0,10,0,10,0,5,1,8,9,5,5,1,1,1,,,,1,,,,,1,1,1,,,,,,2,1,3,2,2,4,4,2,2,2,2,2,3,1,5,4,4,1,1,1,,1,,,,1,,,,,0,1,,,,,,4,4,3,3,2,5,5,,,,5,2,,2,,0.099,0.113,8
297542,24/03/2025,1,1,40,4,3,1,4,1,3,5,5,5,2,,,,,0,4,1,4,3,4,2,1,10,0,5,4,2,2,3,3,3,1,2,0,3,3,5,0,2,5,1,12,12,7,5,,1,,,1,,,,,,,1,1,1,,1,1,,,1,1,2,3,3,4,4,1,2,2,2,1,1,2,,4,3,1,1,,,,,,,1,,,1,,0,1,,,,,,3,3,3,3,3,1,2,,,,5,2,,2,,1.05,1.196,8
297544,24/03/2025,1,1,50,5,4,1,4,1,4,5,5,5,4,,,,,0,3,1,4,3,4,4,4,10,0,1,1,2,1,2,3,2,2,2,0,0,0,0,0,0,5,4,94,2,5,5,,1,,1,1,1,1,1,1,1,,,1,,,,,,,5,1,3,4,1,4,4,1,1,4,1,4,1,2,,4,4,1,2,,,1,,,,,,,,,10,1,,,,,,4,3,3,3,3,6,5,,,,5,2,,2,,0.373,0.425,8
297547,24/03/2025,1,1,,6,5,1,3,1,4,4,3,4,98,,,,,0,98,4,98,1,3,1,4,7,10,4,4,3,1,3,4,4,1,3,4,5,5,5,98,98,8,1,1,5,5,5,1,1,,,,,,,,,,1,1,1,1,1,,,,5,4,3,1,1,4,4,2,2,3,98,4,98,1,5,4,2,1,2,,1,,,,,,,,,,5,1,,,,,,2,2,2,2,2,6,2,,,,1,2,,2,,0.367,0.418,8
297553,24/03/2025,1,1,38,3,2,2,9,5,5,5,2,5,3,,,,,0,98,1,98,2,4,4,3,8,7,98,4,2,1,2,98,2,2,4,98,98,6,98,98,98,5,3,98,98,7,3,1,,,,,,,,,,,,,,,,,1,,1,1,3,3,2,4,3,2,2,3,2,98,98,1,2,4,3,1,2,1,,1,,,,1,,,,,0,1,,,,,,4,4,3,4,1,6,5,,,,4,2,,2,,1.187,1.353,8
297554,25/03/2025,1,1,82,8,5,2,8,4,4,5,3,5,2,,,,,0,1,1,98,2,4,1,98,10,0,98,4,4,98,98,2,3,2,4,0,0,5,98,5,0,5,3,98,98,7,4,,1,,,1,,,,,,,,,,,,1,,,1,98,98,98,98,4,4,1,1,1,1,1,1,1,5,4,3,1,1,,,,,,,,,,,1,10,1,,,,,,98,98,98,98,1,6,5,,,,99,2,,2,,0.123,0.14,8
297556,24/03/2025,1,1,,3,2,1,5,2,2,3,3,2,4,4,1,2,3,2,4,4,3,3,3,2,2,0,5,1,,,,,,2,2,2,8,8,2,7,7,8,2,2,1,1,1,5,1,,,,,,,,1,,,,,,1,,,,,7,5,2,2,2,2,2,3,3,1,3,3,2,2,,2,4,2,4,,,,,,1,,,,,,5,1,,,,,,4,4,98,3,4,2,1,3,4,,4,1,Mobile,1,1.432,,1.389,7
297557,25/03/2025,1,1,25,2,1,2,7,3,5,4,3,4,4,4,1,3,4,2,4,3,3,3,2,3,1,3,4,2,,,,,,2,2,1,6,6,0,3,5,7,1,1,1,1,3,4,,1,,,1,1,,1,,,,,1,,1,,,,,3,5,4,1,2,1,2,3,3,2,3,4,98,1,5,3,4,1,3,,,,,,,,1,,,,3,1,,,,,,4,4,3,3,2,5,1,3,4,,1,1,Mobile,1,0.649,,0.629,6
297561,25/03/2025,1,1,,2,1,2,7,3,3,5,5,5,4,4,3,2,1,2,4,3,3,2,2,3,1,5,5,3,,,,,,3,1,2,4,8,5,3,10,10,2,1,10,4,2,4,,1,1,,1,1,,,,,,1,,,1,,,,,6,4,3,98,98,3,4,98,98,1,3,3,3,1,5,4,3,1,2,,,,1,,,,1,,,,8,1,,,,,,3,3,4,2,3,3,1,1,6,,4,1,Mobile,1,0.886,,0.86,7
297563,25/03/2025,1,1,25,2,1,2,8,4,4,5,4,2,4,4,2,4,1,2,4,3,2,2,3,4,3,6,1,1,,,,,,1,4,4,8,10,0,7,10,8,2,1,1,1,1,4,1,1,,,1,1,,,,,,,1,1,,,,,,1,2,4,1,1,1,1,3,1,1,1,4,2,1,2,4,3,2,5,,,,1,1,1,,,,,,8,1,,,,,,4,1,3,3,3,4,1,3,4,,4,1,Mobile,1,0.937,,0.909,4
297564,25/03/2025,1,1,30,3,2,2,8,4,3,5,3,5,4,4,3,1,2,2,4,3,4,4,1,2,1,6,0,1,,,,,,4,3,4,10,6,5,10,6,10,2,2,1,5,1,1,,,,,,,,,,,,,,,,,,,,1,1,2,3,3,1,3,1,1,1,1,3,2,1,2,4,3,1,1,,,,1,,1,,1,,,,10,1,,,,,,2,2,3,4,3,2,1,1,2,2000,1,1,Mobile,1,1.132,,1.098,3
297565,25/03/2025,1,1,23,2,1,1,4,1,5,5,3,5,4,98,3,1,4,2,3,1,2,3,3,2,1,4,4,4,,,,,,2,2,2,2,5,5,5,5,5,5,3,99,96,4,1,,,,,,,,,,,,,,,,,,,,98,98,98,98,98,98,98,2,2,2,2,2,2,1,2,4,3,98,2,,,,,,,,,,,1,8,1,,,,,,98,98,3,2,2,6,1,1,4,,99,1,Mobile,1,1.066,,1.034,4
297566,25/03/2025,1,1,24,2,1,1,7,3,5,4,3,3,4,4,1,2,3,2,4,4,3,4,1,2,1,4,0,1,,,,,,4,2,3,3,1,7,6,8,7,2,3,1,99,1,1,,,,,,,,,,,,,,,,,,,,4,1,2,4,4,98,98,2,2,4,1,3,2,2,,4,4,2,4,,,,,,1,,,,,,3,1,,,,,,1,1,2,2,3,1,1,2,4,,3,1,Mobile,1,0.665,,0.645,4
297567,25/03/2025,1,1,35,3,2,2,9,5,1,3,2,2,4,4,4,3,1,2,4,3,2,2,1,1,1,1,5,1,,,,,,3,3,3,9,10,5,9,9,9,0,1,4,4,1,5,1,,,,,,,,,,,,,,,,,1,,3,5,3,1,1,3,1,2,2,1,1,2,2,1,1,3,4,1,2,,,1,1,,1,,1,,,,1,1,,,,,,4,4,4,4,4,5,1,1,4,,5,1,PC,1,0.729,,0.708,7
297568,25/03/2025,1,1,49,4,3,2,5,2,5,5,4,3,4,3,1,4,2,2,4,4,3,4,4,4,98,10,7,5,,,,,,3,2,3,0,5,5,3,7,5,7,2,98,3,4,2,1,,,,,,,,,,,,1,,,,,,,4,2,3,2,2,3,3,1,1,2,2,3,2,2,,4,3,1,2,,,1,1,1,,1,,,,,5,,1,,,,,3,2,3,2,2,5,1,2,6,,4,1,Mobile,1,1.151,,1.117,3
297569,25/03/2025,1,1,34,3,2,2,4,1,5,5,5,3,4,4,2,4,3,2,4,3,4,3,3,4,1,10,5,3,,,,,,4,4,2,7,6,2,3,8,8,5,1,1,4,2,4,,,,,,,,,1,,,,,,1,,,,1,3,5,3,4,4,4,1,2,1,1,4,4,3,1,2,4,3,1,3,,,,1,,1,,1,,,,10,1,,,,,,3,3,2,4,3,5,1,1,4,,5,1,Mobile,1,0.99,,0.96,6
297570,25/03/2025,1,1,38,3,2,2,8,4,1,5,4,2,3,4,1,4,3,2,4,3,98,4,1,1,2,5,0,2,,,,,,2,2,3,6,8,3,10,10,10,2,1,6,6,3,4,1,,1,,,,,,,,,,,,,,,1,,4,5,3,98,2,3,1,2,2,1,2,2,1,1,5,4,4,98,3,,,,1,1,,,1,,,,7,1,,,,,,3,2,2,3,4,5,1,1,6,,2,1,PC,1,0.87,,0.844,5
297572,25/03/2025,1,1,,5,4,1,7,3,3,4,4,4,3,98,1,3,4,2,98,4,2,3,3,3,4,10,5,5,,,,,,1,1,1,1,7,7,7,7,7,7,1,99,99,4,5,,,1,,,,,,,,,1,,,,,,,,1,1,3,1,1,4,3,1,2,4,3,4,2,1,2,99,3,1,3,,,,,,,,,,,1,4,,,,,,1,4,3,2,3,3,1,99,4,4,,99,1,Mobile,1,0.786,,0.762,1
297573,25/03/2025,1,1,,6,5,2,9,5,2,5,4,5,1,,,,,2,1,1,3,98,4,3,4,10,10,98,3,3,3,2,2,3,4,2,0,0,98,5,4,1,7,3,99,98,98,5,1,1,,,,1,,,1,,,,,,,1,,,1,1,1,98,1,98,4,4,1,1,98,1,1,98,1,5,4,4,1,98,,1,,,,,,,,,,0,,,,,,1,98,98,98,98,2,5,2,,,,5,2,Mobile,1,,0.176,0.201,8
297574,25/03/2025,1,1,,2,1,2,5,2,4,3,3,4,4,3,1,3,4,2,4,3,2,4,1,3,3,5,5,3,,,,,,3,3,1,7,6,4,4,5,5,1,4,97,2,4,2,1,1,,,,1,1,,1,,,,1,1,,,,,,1,2,3,3,3,1,1,1,1,1,2,3,1,2,,4,4,1,1,,,1,,,,,1,,,,10,1,,,,,,2,3,2,2,2,4,1,2,4,,1,1,Mobile,1,1.173,,1.138,4
297578,25/03/2025,1,1,,2,1,2,7,3,2,5,98,98,98,,,,,2,98,1,98,3,3,2,98,10,5,5,3,3,98,98,3,2,2,4,98,98,98,98,98,98,98,2,97,94,98,2,1,1,,,,1,,,,,,,,,,1,,,,1,98,98,98,98,98,98,98,98,98,98,98,98,2,,4,4,98,98,,,,,,,,,,,1,1,1,,,,,,4,4,4,4,3,5,2,,,,1,2,Mobile,1,,5.027,5.73,8
297579,25/03/2025,1,1,,4,3,1,9,5,5,2,2,1,3,4,3,1,4,2,2,1,2,2,4,4,4,9,6,5,,,,,,1,2,2,3,4,6,4,10,10,5,1,8,3,5,5,1,1,1,,,,,,,,,1,,,,,,,,3,2,3,1,2,4,2,1,2,3,2,3,3,1,5,4,3,1,2,,,1,,,,1,,,,,5,,1,1,,,,4,4,3,3,1,6,1,4,4,,5,1,Mobile,1,0.79,,0.767,5
297580,25/03/2025,1,1,50,5,4,2,8,4,3,4,3,98,98,,,,,2,98,1,98,3,98,98,3,10,5,5,3,98,98,98,3,3,2,3,98,98,98,98,98,98,98,98,98,98,98,3,1,1,,,1,,,,,,,,1,,,,,,,98,98,98,98,98,3,98,98,98,98,98,98,98,2,,4,4,98,98,,,,,,,,,,,1,0,1,,,,,,3,3,3,3,3,6,2,,,,4,2,Mobile,1,,0.271,0.309,8
297583,25/03/2025,1,1,23,2,1,2,5,2,4,4,3,5,4,4,3,1,4,2,4,3,98,98,1,4,3,10,5,3,,,,,,4,3,4,4,8,1,7,9,10,3,4,3,1,3,2,1,1,1,,,1,,,,,,,1,1,1,,,,,4,98,3,2,3,3,3,1,2,1,3,4,3,1,2,2,4,1,3,,,1,1,1,,,1,,,,4,1,,,,,,4,3,3,2,3,4,1,3,4,,2,1,Mobile,1,1.173,,1.138,3
297584,25/03/2025,1,1,,3,2,2,9,5,1,98,3,2,3,3,1,2,3,2,3,3,3,4,1,2,2,10,1,3,,,,,,3,2,4,8,8,3,10,6,9,1,2,6,6,1,1,,,,,,,,,,,,,,,,,,,,4,2,3,3,3,3,3,2,2,2,2,3,2,2,,4,3,1,4,,,,1,1,,1,1,,,,9,1,,,,,,4,4,4,4,4,2,1,4,2,2009,3,1,Mobile,1,0.729,,0.708,7
297585,25/03/2025,1,1,,5,4,2,8,4,5,5,5,5,2,,,,,2,2,1,98,3,3,3,3,10,8,5,3,3,3,2,3,3,2,3,8,5,5,5,5,5,5,2,99,99,7,5,1,1,,,,,,,,,,1,,,,,,,,5,4,3,3,3,4,4,98,98,98,98,98,98,2,,4,4,1,2,,,,,,,,,,,1,3,1,,,,,,3,3,3,3,1,6,2,,,,5,2,Mobile,1,,0.702,0.8,8
297586,25/03/2025,1,1,,7,5,1,4,1,4,4,2,5,98,4,1,4,2,2,4,1,3,4,2,98,98,10,1,2,,,,,,4,4,3,5,5,3,3,7,6,4,3,97,10,3,4,,1,,1,,,,,,,,1,,,1,,,,,4,3,3,4,4,98,3,2,2,2,2,2,3,2,,4,4,1,2,,,1,,1,,,,,,,10,1,,,,,,3,3,2,2,2,2,1,3,5,,99,1,Mobile,1,1.459,,1.415,6
297587,25/03/2025,1,1,,8,5,1,6,3,5,5,4,5,2,2,3,1,4,2,2,1,3,3,3,3,4,10,9,5,,,,,,2,1,1,2,3,6,3,7,3,5,1,8,3,5,5,1,1,,1,1,,,1,,,,1,1,,,,,,,1,1,3,1,2,4,4,1,2,4,1,3,3,1,1,4,3,1,1,1,,1,,,,,,,,,1,,1,1,,,,4,3,3,3,2,5,1,2,1,1949,5,1,,1,0.845,,0.82,4
297588,25/03/2025,1,1,,8,5,1,5,2,4,3,3,3,4,3,3,1,4,2,4,4,3,98,4,1,2,5,5,1,,,,,,2,2,3,5,5,2,3,5,5,0,1,97,99,4,4,1,,,,,,,,,,,1,1,1,1,,,,,5,4,4,2,2,4,2,2,2,1,4,4,2,2,,4,3,1,3,,,1,,,,,,,,,10,1,,,,,,4,4,4,4,2,5,1,2,1,1978,4,1,Mobile,1,1.528,,1.482,4
297589,25/03/2025,1,1,,6,5,1,3,1,5,5,3,5,3,3,4,3,1,2,2,1,2,3,3,4,3,6,10,3,,,,,,2,2,3,3,1,6,1,8,2,5,1,30,2,6,3,1,,,,,,,,,,,1,,,,,,,,1,1,3,2,2,4,4,1,2,4,1,3,3,1,1,4,2,1,2,,,1,,,,,,,,,1,1,,,,,,3,3,3,3,1,6,1,4,6,,4,1,Mobile,1,1.355,,1.314,5
297592,25/03/2025,1,1,,5,4,1,6,3,4,4,3,2,3,4,1,3,4,2,3,1,3,3,3,3,3,8,8,98,,,,,,2,2,2,2,4,4,2,8,4,5,1,97,3,5,4,1,1,,,,,,,,,,1,,1,,,,,,3,2,3,2,2,3,2,2,2,3,3,4,3,1,5,4,3,1,2,,,1,,1,,,1,1,,,5,1,,,,,,4,4,3,3,2,5,1,3,5,,3,1,Mobile,1,0.619,,0.601,7
297594,25/03/2025,1,1,,5,4,1,8,4,5,3,3,3,4,3,3,1,4,2,3,3,3,3,3,3,3,9,8,5,,,,,,1,2,3,3,8,9,8,10,8,6,1,99,3,5,4,,1,1,,,,,,,,1,1,1,,,,,,,3,2,4,1,1,3,3,1,2,3,3,3,4,1,3,4,2,1,4,,,,,1,,,1,1,,,2,1,,,,,,4,4,4,4,2,5,1,4,6,,4,1,Mobile,1,0.772,,0.748,2
297596,25/03/2025,1,1,67,6,5,1,6,3,3,1,1,1,4,98,2,3,1,2,4,3,3,1,2,2,2,10,6,1,,,,,,3,3,4,10,10,1,5,9,10,1,1,1,1,1,2,1,,,,,,,,,,,,,,,,,1,,6,5,4,4,3,4,2,4,4,1,3,4,1,1,1,4,4,1,3,,,,,1,,,,,,,7,1,,,,,,4,4,4,4,3,1,1,4,4,,2,1,Mobile,1,1.155,,1.12,4
297598,25/03/2025,1,1,24,2,1,2,8,4,4,5,3,5,4,,,,,0,1,1,4,98,4,4,1,10,0,1,4,3,3,2,2,4,2,3,0,0,0,0,0,0,8,2,98,11,98,5,,,,,,1,,,,,,,,,,,,1,,1,5,3,98,3,4,4,1,1,2,1,1,1,2,,4,4,1,1,,,,,,,1,,,,,5,1,,,,,,3,3,3,2,2,6,2,,,,4,2,,2,,5.027,5.73,8
297599,25/03/2025,1,1,,6,5,1,6,3,2,3,3,3,4,4,1,2,4,2,4,4,3,3,1,2,1,5,4,98,,,,,,2,2,1,6,7,4,5,5,10,4,1,4,4,2,5,1,1,1,,1,,,1,,,,1,1,1,1,,,,,5,4,3,2,2,3,3,3,3,2,2,3,2,1,2,4,3,2,4,,,,,1,,,1,,,,10,1,,,,,,4,4,4,4,3,2,1,3,5,,3,1,Mobile,1,1.14,,1.106,1
297601,25/03/2025,1,1,,4,3,1,3,1,5,3,2,2,4,4,2,4,1,2,4,3,98,3,3,3,2,0,0,1,,,,,,4,2,3,5,5,5,5,5,5,2,4,97,5,3,2,1,,,,1,,,,,,,,,1,,,,,,98,3,3,3,2,3,2,1,1,1,2,4,2,2,,4,2,1,2,,,,1,1,1,1,1,,,,5,1,,,,,,98,98,98,98,2,3,1,4,4,,1,1,Mobile,1,1.126,,1.092,3
297602,25/03/2025,1,1,55,5,4,1,6,3,3,5,5,5,98,,,,,0,2,1,98,4,4,1,3,10,10,1,4,1,1,2,98,1,1,4,0,0,0,0,0,3,98,4,94,94,98,1,,,,,,,,,,,,,,,,,,,,1,2,2,2,2,4,4,1,1,2,2,98,1,2,,4,4,1,98,,,,,,,1,,,1,,0,1,,,,,,98,98,98,98,3,1,2,,,,3,2,,2,,0.216,0.246,8
297606,25/03/2025,1,1,39,3,2,1,8,4,5,4,3,5,3,98,1,4,3,2,2,1,3,3,4,3,3,9,6,98,,,,,,2,2,2,2,5,5,3,5,5,4,1,97,9,6,4,1,,,,,1,,,,,,,,,,,,1,,3,2,98,2,3,4,4,1,2,3,3,3,1,1,2,4,3,1,3,,,1,,1,,1,1,1,,,3,,1,,,,,4,3,2,3,2,6,1,1,6,,5,1,PC,1,0.849,,0.823,5
297607,25/03/2025,1,1,62,6,5,1,8,4,3,5,5,98,3,,,,,0,1,2,4,4,4,2,3,5,5,4,4,3,4,2,3,3,2,3,0,0,9,98,8,98,8,1,8,9,7,3,1,1,,,1,,1,1,,,,,1,1,,1,,,,7,1,4,2,2,3,3,1,1,4,1,98,3,1,5,4,3,1,98,1,1,,,,,1,,,,,0,1,,,,,,3,3,2,2,3,4,2,,,,2,2,,2,,0.093,0.106,8
297610,25/03/2025,1,1,,3,2,1,5,2,2,4,3,2,4,4,1,2,3,2,4,4,2,2,2,2,1,4,4,1,,,,,,3,3,2,5,10,4,4,6,7,0,2,4,1,1,5,1,,1,,1,,,,1,,,,,,,,,1,,5,5,3,2,2,2,2,3,3,1,3,3,2,1,5,2,3,1,3,,,,1,,,,1,,,,10,1,,,,,,3,3,3,3,3,2,1,3,4,,3,1,Mobile,1,1.432,,1.389,7
297613,25/03/2025,1,1,,5,4,1,3,1,4,5,4,98,2,,,,,0,1,1,98,3,98,2,3,10,10,2,4,2,1,1,98,4,4,3,98,98,5,98,5,98,5,2,98,13,98,4,1,1,,,,,,,,,,,,,,1,,,,98,98,2,2,98,4,4,98,98,98,98,98,98,2,,4,4,98,98,,,,,,,,,,,1,0,1,,,,,,98,98,98,98,2,4,2,,,,99,2,,2,,0.373,0.425,8
297614,25/03/2025,1,1,,6,5,2,5,2,5,5,4,3,4,4,1,3,4,2,3,4,3,3,4,3,4,10,8,5,,,,,,2,1,1,0,3,9,0,1,5,4,1,30,3,4,5,,1,,1,,,,,,,,1,1,1,,,,,,1,1,3,4,2,4,3,1,1,3,1,4,4,1,5,4,4,1,3,,,1,,,,,,,,,5,,1,,,,,4,4,2,3,2,6,1,3,1,1966,4,1,PC,1,1.385,,1.343,4
297615,25/03/2025,1,1,,7,5,1,8,4,5,4,3,4,4,4,4,3,1,2,4,3,3,3,3,3,3,10,5,3,,,,,,2,1,1,2,5,8,5,10,7,2,1,8,2,5,4,1,1,,,1,,,,,,,1,1,,,,,,1,4,2,3,1,1,3,2,2,2,3,2,4,3,2,,4,2,1,3,,,1,,1,,1,,,,,2,1,,,,,,3,3,3,3,2,5,1,1,6,,3,1,PC,1,1.134,,1.1,4
297616,25/03/2025,1,1,40,4,3,2,8,4,3,5,4,98,98,,,,,0,98,4,3,98,3,98,3,10,10,5,3,3,3,2,3,2,2,3,98,98,5,98,5,98,6,1,30,12,5,4,1,1,,1,1,,,1,1,,,,1,1,,1,1,,,1,2,3,2,3,4,4,98,98,3,2,98,98,2,,4,4,1,98,,1,,,,,1,,,,,0,1,,,,,,98,3,3,3,3,5,2,,,,5,2,,2,,0.352,0.401,8
297617,25/03/2025,1,1,,3,2,1,8,4,3,5,3,5,2,,,,,0,1,1,4,1,1,4,4,10,3,5,3,1,2,2,2,3,3,2,3,3,5,3,4,3,5,1,8,9,5,3,,,,,1,1,1,1,,,,,,1,,,1,,,1,2,3,3,3,4,4,1,1,1,1,1,1,1,5,4,4,1,1,,,,,,,1,,,,,0,1,,,,,,3,3,3,2,3,2,2,,,,4,2,,2,,0.242,0.276,8
297618,25/03/2025,1,1,31,3,2,2,7,3,4,5,4,5,3,,,,,2,1,2,3,2,4,3,3,10,10,1,2,2,1,3,2,1,2,1,0,0,5,4,5,4,5,4,94,94,7,5,,,1,,,1,,,,,,,,,,,,1,,1,1,2,1,1,3,4,1,1,2,1,1,1,1,1,4,4,98,1,,1,,,,,1,,,,,1,1,,,,,,3,3,2,3,3,4,2,,,,3,2,Mobile,1,,0.728,0.83,8
297619,25/03/2025,1,1,35,3,2,1,5,2,2,4,3,4,2,,,,,0,98,2,1,4,1,1,98,8,5,4,4,3,3,3,3,3,2,3,0,0,7,0,2,2,5,1,12,12,7,3,1,,,,1,,1,1,1,,,1,,1,1,1,1,,,5,98,98,3,3,4,4,1,1,3,1,1,3,2,,4,4,1,3,1,,,,,,1,,,,,0,1,,,,,,2,3,2,3,4,3,2,,,,3,2,,2,,1.834,2.091,8
297620,25/03/2025,1,1,47,4,3,1,3,1,4,5,4,3,3,,,,,0,3,2,2,3,2,98,2,10,5,5,3,3,3,2,3,4,2,3,5,3,0,7,5,8,8,1,1,1,3,2,1,,,,,,,,1,,,,,,,,,1,,5,4,3,3,3,3,3,2,1,2,2,2,3,2,,4,4,1,98,,,1,1,1,,1,,,,,0,1,,,,,,3,3,3,3,2,5,2,,,,1,2,,2,,0.483,0.551,8
297621,25/03/2025,1,1,,5,4,1,6,3,3,5,4,4,3,,,,,2,1,1,2,4,4,1,4,6,10,5,3,3,2,2,2,2,3,3,5,3,5,3,5,5,5,4,94,94,98,4,1,,,,,,,,,,,,,,,1,,,,1,2,98,2,3,4,3,1,1,3,1,98,1,99,,4,3,1,2,,,,,,,,,,,1,2,1,,,,,,98,3,98,2,3,1,2,,,,2,2,Mobile,1,,0.216,0.246,8
297623,25/03/2025,1,1,,2,1,2,8,4,2,4,3,3,4,,,,,2,4,3,3,3,1,3,2,6,6,4,98,98,98,98,98,1,1,3,4,6,5,8,5,8,6,3,1,7,6,4,,,,,1,,,,,,,1,1,1,,,,,,4,3,1,3,98,2,2,98,98,98,98,98,98,1,2,4,3,1,3,,,,1,,,,,,,,4,,,1,,,,3,98,98,98,3,6,5,,,,3,2,Mobile,1,,5.027,5.73,8
297624,25/03/2025,1,1,,3,2,1,4,1,5,5,5,5,3,,,,,0,1,1,1,2,4,98,2,5,5,5,3,4,2,2,4,1,3,4,10,0,5,5,5,5,7,4,94,13,98,3,,,,,1,1,1,1,,,,,,,,,,1,,5,98,3,4,1,98,3,2,2,3,1,3,98,2,,4,4,1,4,1,,,,,,1,,,,,10,1,,,,,,4,4,4,1,2,6,2,,,,4,2,,2,,5,5.7,8
297625,25/03/2025,1,1,51,5,4,2,9,5,4,4,3,2,3,4,3,4,1,2,4,1,3,3,3,3,4,10,7,2,,,,,,2,2,1,4,5,5,1,6,7,4,1,97,1,4,5,,,,,,1,,,,,,,,1,,,,,,1,1,3,2,2,3,2,1,2,4,2,3,4,1,1,4,3,1,98,,,1,,,,,,,,,10,,,,,,1,4,3,3,3,2,2,1,4,6,,4,1,PC,1,0.68,,0.659,4
297626,25/03/2025,1,1,,7,5,2,6,3,4,5,4,3,4,4,3,1,4,2,2,1,3,4,3,3,3,10,8,2,,,,,,98,1,1,0,2,2,0,5,5,2,1,2,2,4,5,1,1,1,,,,,,,,,,1,,,,,,,1,1,4,3,1,4,4,1,98,98,2,98,98,1,5,4,4,1,3,,,,,1,,,1,1,,,9,,1,1,,,,4,4,98,3,2,5,1,1,2,1969,2,1,Mobile,1,0.888,,0.862,4
297627,25/03/2025,1,1,36,3,2,1,8,4,4,5,4,5,2,,,,,0,2,4,2,2,3,3,3,10,5,5,3,2,3,98,3,3,2,3,0,0,5,5,5,5,10,2,97,13,4,1,,,,,,,,,,,,,,,,,,,,1,1,2,3,3,3,3,1,1,3,1,1,1,2,,4,4,98,98,1,1,1,,,,1,,,,,5,1,,,,,,3,3,2,3,2,4,2,,,,4,2,,2,,0.112,0.127,8
297629,25/03/2025,1,1,,4,3,1,5,2,1,4,3,3,4,4,1,3,2,2,4,3,98,4,2,1,1,2,2,1,,,,,,3,3,2,9,9,2,8,4,5,0,2,9,5,2,4,1,,1,,,,,,,,,,,,1,,,,,5,5,3,2,2,2,2,2,2,1,2,3,2,1,3,3,4,2,2,,,,1,,1,,1,,,,8,1,,,,,,3,3,3,3,4,1,1,2,5,,3,1,Mobile,1,1.239,,1.201,4
297631,25/03/2025,1,1,23,2,1,1,7,3,5,4,1,1,3,4,1,4,3,2,4,3,2,3,4,3,2,7,6,1,,,,,,1,2,3,6,7,7,7,10,10,2,1,3,3,3,4,1,,,,,,,,1,,,1,,,1,,,,,6,2,3,2,2,3,2,2,3,3,2,4,2,2,,4,4,1,5,,1,,,1,,,1,1,,,5,1,,,,,,4,3,3,3,1,6,1,1,4,,2,1,PC,1,0.665,,0.645,4
297634,25/03/2025,1,1,35,3,2,2,5,2,5,5,2,5,3,3,4,3,2,2,2,4,98,2,4,4,98,7,8,98,,,,,,3,1,4,1,4,7,2,10,4,5,1,2,2,4,1,,,,,,,,,,,,,,,,,,,,98,2,3,2,3,3,2,1,2,2,1,3,3,2,,4,3,1,2,,,1,,,,1,,,,,5,,,,,,1,3,3,3,3,2,5,1,1,4,,3,1,Mobile,1,1.036,,1.005,4
297635,25/03/2025,1,1,,6,5,2,6,3,5,5,3,5,4,3,3,1,4,2,3,3,4,3,3,3,3,5,5,5,,,,,,3,1,1,1,5,5,7,9,10,5,1,3,3,4,4,1,1,1,,,,,,,,,1,1,1,,,,,,3,1,3,4,2,2,2,1,1,2,1,3,3,1,4,4,2,1,4,,,1,,,,,,,,,5,1,,,,,,3,3,3,3,2,6,1,3,4,,5,1,Mobile,1,0.825,,0.8,4
297636,25/03/2025,1,1,54,5,4,2,9,5,5,4,3,5,2,4,4,3,1,2,2,1,3,3,3,3,3,10,5,5,,,,,,3,2,3,0,5,9,0,9,7,7,1,2,3,5,5,1,,,,1,,,1,,,,,,,,,,1,,98,1,4,1,2,4,3,1,1,4,2,4,2,1,2,4,3,1,2,1,1,1,,,,,,,,,3,,1,1,1,,,3,3,2,3,2,6,1,1,4,,4,1,PC,1,0.631,,0.612,4
297637,25/03/2025,1,1,,3,2,1,5,2,5,5,4,5,4,2,3,4,1,2,3,3,3,4,4,4,3,10,8,5,,,,,,4,4,3,2,3,6,2,9,4,6,4,3,94,4,2,1,1,1,,,,,,,,,,1,,,,,,,1,1,4,3,1,4,3,1,1,2,2,4,2,1,5,3,3,1,4,,,1,,,,1,1,,,,1,1,,,,,,2,2,2,2,1,6,5,4,3,2000,3,1,Mobile,1,1.062,,1.03,4
297638,25/03/2025,1,1,,2,1,2,6,3,5,5,2,4,98,3,4,3,1,2,4,3,3,2,4,4,3,9,8,3,,,,,,3,1,3,1,5,5,5,5,5,5,1,97,8,5,2,1,1,,,1,,,,,,,,1,,,,,,,3,2,4,1,1,4,1,1,2,98,2,3,98,2,,4,4,1,3,,,1,1,,,1,1,,,,3,,1,,,,,4,4,3,3,2,6,1,4,4,,1,1,Mobile,1,0.649,,0.629,4
297640,26/03/2025,1,1,58,5,4,1,4,1,4,3,3,2,3,2,2,1,3,2,3,3,2,3,2,3,2,6,6,2,,,,,,3,3,3,6,5,4,4,7,7,3,2,1,1,3,2,1,1,,,,,,,,,,,1,,1,,,,,4,3,2,2,3,2,2,2,2,2,3,4,3,1,2,4,2,1,3,,,1,,,,,,,,,4,1,,,,,,3,3,3,98,3,2,1,2,5,,4,1,Mobile,1,0.993,,0.963,6
297641,26/03/2025,1,1,35,3,2,1,9,5,4,5,5,5,2,,,,,2,98,1,4,4,3,98,98,9,7,98,3,3,98,1,4,3,2,4,98,5,5,7,5,98,10,3,97,98,98,1,,,,,,,,,,,,,,,,,,,,98,98,4,2,2,4,98,98,98,4,3,3,3,2,,4,4,98,98,,,,,,,,,,,1,1,1,,,,,,4,4,3,4,2,6,2,,,,2,2,PC,1,,0.074,0.084,8
297642,26/03/2025,1,1,26,2,1,2,9,5,3,3,3,4,4,3,1,2,3,2,4,2,2,2,2,2,2,6,4,1,,,,,,3,3,2,7,10,0,7,5,7,0,2,1,1,1,3,,1,,,,,,,,,,,,,1,,,,,6,3,2,2,2,1,2,2,2,1,2,3,2,1,2,4,4,1,3,,,,,,,,1,,,,10,1,,,,,,3,3,3,3,3,3,1,3,4,,1,1,Mobile,1,0.997,,0.967,2
297643,26/03/2025,1,1,,6,5,2,9,5,4,3,2,1,4,4,4,1,2,2,4,3,3,3,1,3,1,4,5,1,,,,,,2,2,2,9,8,2,8,8,8,3,1,1,3,3,4,1,,,,1,1,,,,,,,,,,,,1,,6,4,3,2,2,2,2,3,2,1,2,3,2,1,1,4,2,2,4,,,,1,1,,,1,,,,5,1,,,,,,4,4,4,4,3,4,1,4,5,,3,1,Mobile,1,0.999,,0.969,4
297644,27/03/2025,1,1,,7,5,2,1,1,1,4,3,2,1,,,,,0,4,2,1,2,3,2,3,6,10,98,98,98,98,98,98,98,98,98,98,98,98,98,98,98,98,98,99,99,98,98,,,,,,,,,,,,,,,,,,,,98,98,98,98,98,98,4,98,98,98,98,98,98,2,,4,4,98,3,,,,,,,,,,,1,0,,,,,,1,98,98,98,98,4,2,2,,,,99,2,,2,,1.65,1.88,8
297646,26/03/2025,1,1,64,6,5,1,8,4,4,3,3,3,3,,,,,0,2,1,2,4,4,1,4,10,5,4,3,2,3,2,98,2,2,3,98,98,5,5,5,98,5,1,30,11,5,3,,1,1,,1,,,,,,,,1,,,,,,,3,1,3,2,2,4,2,2,2,3,1,1,2,2,,4,4,1,98,1,,,,,,1,,,,,0,1,,,,,,4,4,4,3,2,4,2,,,,3,2,,2,,0.043,0.049,8
297648,26/03/2025,1,1,48,4,3,1,9,5,3,5,5,5,2,,,,,0,2,1,4,2,98,1,3,10,10,4,4,2,1,98,4,3,3,1,5,3,5,7,6,4,8,1,12,1,7,4,1,,,,,,,,,,,,,,,,,1,,6,2,4,3,4,4,3,2,2,3,2,98,98,1,2,4,4,1,4,1,1,,,1,,1,,,,,5,1,,,,,,98,98,98,98,4,2,2,,,,1,2,,2,,0.081,0.093,8
297650,26/03/2025,1,1,27,2,1,2,5,2,3,2,2,2,4,4,1,2,3,2,4,3,98,3,2,98,1,5,1,1,,,,,,2,2,3,6,5,5,5,5,5,2,2,1,1,2,2,1,,,,1,,,,,,,,,,1,,,,,6,5,3,2,98,3,3,2,2,2,2,2,98,1,5,4,4,1,3,,,,1,1,1,,1,,,,5,1,,,,,,4,4,3,4,3,6,1,2,5,,1,1,Mobile,1,1.488,,1.443,6
297651,27/03/2025,1,1,55,5,4,1,9,5,3,5,3,5,1,,,,,0,1,1,1,1,4,1,4,10,0,5,3,2,2,2,3,2,2,1,5,0,5,10,10,0,10,1,7,12,7,4,1,,,,,,,,,,,,,,,1,,,,1,2,4,1,2,4,3,1,1,4,1,4,4,1,2,4,3,1,2,1,,,,,,1,,,,,0,1,,,,,,4,4,2,4,4,1,2,,,,2,2,,2,,0.063,0.071,8
297652,26/03/2025,1,1,,2,1,1,1,1,2,5,5,2,4,4,1,2,3,2,4,4,3,3,1,2,2,3,4,1,,,,,,2,4,2,2,7,0,6,7,8,0,4,97,6,1,3,,,,,,1,,1,1,,,,,,,,,1,,1,5,2,1,2,2,3,2,2,1,1,2,1,1,1,1,3,1,2,,,,,,1,,1,,,,8,1,,,,,,4,4,3,4,3,2,1,4,6,,4,1,Mobile,1,1.437,,1.394,1
297653,26/03/2025,1,1,37,3,2,1,4,1,2,5,5,5,3,,,,,0,2,1,3,3,4,1,3,4,4,5,2,3,3,3,3,3,2,3,0,0,4,2,5,2,5,1,12,12,7,5,1,1,,,1,1,,,,,,1,,,,,1,,,2,1,3,3,3,3,3,1,1,2,1,1,2,2,,4,3,1,1,1,,,,1,,1,,,,,0,1,,,,,,2,2,3,2,3,2,2,,,,1,2,,2,,2.07,2.36,8
297656,26/03/2025,1,1,45,4,3,1,5,2,3,4,4,4,2,,,,,0,1,1,98,3,3,3,3,6,3,5,3,3,3,2,3,3,2,3,0,0,5,5,0,98,5,2,97,98,4,2,1,1,,,1,,,,,,,1,1,,1,1,,,,1,1,98,3,2,3,3,2,2,3,1,1,1,1,4,4,3,1,2,,,,,1,,1,,,1,,0,1,,,,,,3,3,3,3,2,1,2,,,,99,2,,2,,0.93,1.06,8
297660,26/03/2025,1,1,,3,2,2,9,5,4,5,5,5,4,4,3,4,1,2,4,3,2,2,3,2,3,8,7,3,,,,,,1,2,1,0,6,5,3,6,5,2,1,7,7,3,5,1,1,1,,,,,1,1,,,1,1,,,,,,1,4,2,3,2,2,3,3,1,2,3,1,3,3,1,4,4,3,1,2,,,,,1,,,1,1,,,9,,1,1,,,,3,2,2,4,2,4,1,3,6,,5,1,Mobile,1,0.748,,0.725,4
297661,26/03/2025,1,1,,4,3,1,8,4,5,5,4,1,4,4,4,3,2,2,2,1,2,2,4,4,3,5,9,5,,,,,,1,3,3,3,5,5,4,10,8,4,1,3,2,2,4,1,,,,,,,,1,,,,,,,,,1,,2,2,3,1,1,4,3,1,1,2,2,3,98,1,2,3,3,1,4,,,1,,,,,,,,,9,1,,,,,,3,3,2,3,2,5,1,4,5,,4,1,Mobile,1,0.943,,0.914,7
297663,27/03/2025,1,1,42,4,3,2,9,5,4,5,4,5,3,,,,,0,1,1,1,3,4,3,4,10,0,1,4,1,1,1,1,4,3,2,0,5,10,5,10,0,8,1,12,12,7,1,,,,,,,,,,,,,,,,,,,,1,1,1,4,2,4,4,1,1,2,1,1,1,2,,4,3,1,1,,1,,,,,1,,,,,0,1,,,,,,98,3,3,3,2,4,5,,,,5,2,,2,,0.107,0.122,8
297664,27/03/2025,1,1,,6,5,2,2,1,1,4,3,3,98,,,,,0,2,1,1,3,2,1,4,5,5,98,4,98,98,1,3,3,3,1,10,5,5,1,1,1,10,4,94,94,3,5,,1,1,,,,,,,,,,,,,,1,,,10,3,3,2,2,4,3,4,3,3,3,3,3,2,,4,4,1,4,1,1,1,1,1,1,1,1,,,,10,1,,,,,,4,3,3,3,4,2,5,,,,2,2,,2,,1.65,1.88,8
297666,27/03/2025,1,1,,2,1,1,8,4,4,5,4,5,3,,,,,0,98,1,1,2,4,4,4,6,3,1,2,98,1,4,3,2,2,1,2,3,6,2,5,3,6,4,94,94,4,5,,,,,1,1,,1,1,,,,1,,,,,,,2,1,3,1,2,4,2,1,3,4,1,98,98,1,4,4,3,1,2,,,1,,,,1,1,,,,3,1,,,,,,3,1,1,2,2,4,2,,,,3,2,,2,,5.027,5.73,8
297667,27/03/2025,1,1,43,4,3,2,8,4,2,4,3,4,2,,,,,0,98,1,98,3,4,2,98,8,0,5,3,3,3,2,3,4,2,3,0,98,98,5,5,98,5,2,12,12,98,1,,,,,,,,,,,,,,,,,,,,1,98,3,2,98,4,3,2,3,2,1,2,98,2,,4,4,1,1,,,,,,,,,,,1,3,1,,,,,,3,3,3,3,3,2,2,,,,99,2,,2,,0.352,0.401,8
297670,01/04/2025,1,1,44,4,3,1,4,1,5,5,5,98,98,,,,,0,98,4,98,4,3,98,98,5,10,5,2,3,1,1,4,98,3,4,98,98,98,98,98,98,98,2,94,94,98,1,,,,,,,,,,,,,,,,,,,,1,98,98,98,98,98,98,2,2,2,2,2,2,2,,4,4,98,98,,,,,,,,,,,1,5,1,,,,,,98,2,2,98,2,4,2,,,,5,2,,2,,2.715,3.095,8
297672,27/03/2025,1,1,40,4,3,1,6,3,3,2,2,2,3,,,,,0,4,3,98,4,3,3,4,10,10,2,4,3,2,1,4,2,4,3,10,1,5,5,5,5,10,1,1,1,1,5,1,1,1,,1,1,,,1,,,1,1,1,,,1,,,7,1,2,3,3,4,3,3,3,4,2,3,3,1,3,4,3,1,5,1,,1,1,1,,,,,,,5,,1,,,,,4,4,4,4,2,2,2,,,,4,2,,2,,0.28,0.319,8
297674,27/03/2025,1,1,,4,3,1,4,1,3,5,5,3,98,,,,,0,98,2,4,4,4,1,4,10,5,98,1,1,1,1,1,3,4,3,0,0,0,0,0,0,0,98,94,12,98,2,,,,,,,,,,,1,,,,,1,,,,1,1,3,2,1,4,4,1,1,98,1,1,1,1,5,4,4,1,1,,,,,,,1,,,1,,0,1,,,,,,1,1,1,1,4,1,2,,,,99,2,,2,,1.05,1.196,8
297675,01/04/2025,1,1,34,3,2,1,4,1,4,4,3,98,98,,,,,0,98,4,2,98,98,4,1,0,10,3,4,2,1,98,4,98,4,4,98,98,98,5,5,5,5,4,98,96,98,1,,,,,,,,,,,,,,,,,,,,98,3,4,98,98,4,98,2,2,98,2,98,98,2,,4,4,98,98,,,,,,,,,,,1,5,1,,,,,,98,4,4,4,2,6,2,,,,3,2,,2,,0.953,1.087,8
297677,27/03/2025,1,1,82,8,5,1,7,3,5,4,3,5,4,,,,,0,2,4,1,4,4,3,4,10,7,5,3,3,4,1,1,2,1,3,3,0,9,4,8,4,5,1,8,9,7,5,,1,1,,,,,,,,,,1,,1,,1,,,5,3,2,98,3,4,4,1,2,4,2,2,3,2,,4,4,1,1,,,,,1,,1,,,1,,0,1,,,,,,2,3,2,3,1,6,5,,,,1,2,,2,,0.549,0.626,8
297678,27/03/2025,1,1,53,5,4,2,3,1,4,4,3,3,2,,,,,0,98,1,98,4,3,1,98,10,7,5,3,98,3,98,3,3,3,4,98,5,5,5,6,5,6,2,97,98,4,1,,,,,,,,,,,,,,,,,,,,5,3,3,98,98,3,3,98,98,2,2,2,98,2,,4,4,98,3,,,,,,,,,,,1,5,1,,,,,,3,3,3,3,3,2,5,,,,2,2,,2,,1.068,1.217,8
297681,27/03/2025,1,1,59,5,4,1,5,2,4,5,4,5,3,,,,,0,1,2,2,4,4,2,3,10,7,5,3,2,3,1,3,1,1,2,0,0,5,5,7,0,3,1,11,11,7,5,1,1,,,1,1,1,,,,,,1,,,1,,,,3,2,3,3,2,4,4,1,1,3,1,2,1,1,5,4,4,1,1,,,,,,,1,,,,,0,1,,,,,,3,3,2,3,2,6,2,,,,3,2,,2,,0.33,0.377,8
297683,27/03/2025,1,1,46,4,3,1,4,1,3,5,5,5,2,,,,,0,2,1,4,3,4,2,1,10,0,5,4,2,3,1,4,2,1,1,5,5,5,5,5,5,5,1,97,99,5,5,,1,,,,,,,,,,,1,,,,1,,,5,3,98,3,3,4,3,2,2,2,2,2,2,2,,4,3,1,3,,,,,,,,,,,1,0,1,,,,,,3,3,3,4,3,1,2,,,,3,2,,2,,1.05,1.196,8
297687,27/03/2025,1,1,24,2,1,2,5,2,5,5,4,4,2,1,3,4,1,2,3,1,98,2,4,4,4,8,10,3,,,,,,2,1,2,4,5,5,1,10,2,2,1,2,2,4,4,1,1,,,,1,,,,,,,1,1,,,,,,98,1,3,3,1,3,98,1,2,3,2,4,3,1,1,4,3,1,2,,,1,,1,,,,,,,1,,,,,,1,3,3,98,98,1,6,1,4,4,,3,1,Mobile,1,1.089,,1.057,5
297690,28/03/2025,1,1,32,3,2,2,9,5,5,4,3,5,2,1,3,4,1,2,2,1,3,2,4,4,3,9,5,5,,,,,,1,1,2,0,5,7,3,8,6,8,1,8,8,6,3,,,,,,,,,1,,1,,,,,,,1,,3,1,4,1,1,3,3,1,1,4,2,3,4,1,2,3,4,1,2,1,,,,1,,1,,,,,1,,1,,,,,3,3,3,3,1,6,1,1,3,2000,2,1,PC,1,0.694,,0.674,3
297691,28/03/2025,1,1,48,4,3,2,9,5,5,5,4,5,4,4,3,1,4,2,4,4,4,3,4,4,4,10,10,2,,,,,,1,1,2,0,5,10,1,10,9,6,1,97,9,7,3,1,1,1,,,,,,,,,,1,,,,,,,1,1,4,1,1,4,1,1,1,4,2,2,2,2,,4,3,1,4,,,1,,1,,,1,,,,1,1,,,,,,3,2,1,3,3,5,1,1,4,,5,1,Mobile,1,0.771,,0.748,2
297692,29/03/2025,1,1,,7,5,2,5,2,5,5,4,4,98,2,3,4,1,2,2,1,3,2,3,4,3,10,10,98,,,,,,3,1,1,0,5,9,2,10,9,6,1,97,2,5,4,,1,,,,,,,,,,1,1,1,,,,,,1,1,98,1,1,3,3,1,1,3,1,3,2,1,2,4,3,1,3,,,1,,1,,,,,,,5,,1,1,,,,3,2,2,2,2,5,1,2,4,,99,1,Mobile,1,1.385,,1.343,3
297694,31/03/2025,1,1,27,2,1,2,9,5,4,5,4,5,3,4,4,3,1,2,98,1,3,3,3,4,3,10,8,2,,,,,,2,3,2,2,7,5,3,7,8,3,2,98,94,4,4,1,1,,,1,,,,,,,1,1,1,,,,,,3,1,4,4,4,3,2,1,1,3,2,3,2,2,,4,4,1,2,1,,1,,1,,,,,,,0,,1,1,,,,4,3,2,2,2,5,1,2,5,,1,1,Mobile,1,0.786,,0.762,5
297696,31/03/2025,1,1,,6,5,1,4,1,4,4,4,2,3,2,3,4,1,2,2,2,3,3,3,3,3,6,7,1,,,,,,3,2,1,3,2,5,1,6,8,1,1,3,1,1,4,,1,,,,,,,,,,,1,1,,,,,,9,1,4,3,2,3,3,2,3,4,3,4,3,1,2,4,4,1,5,,,1,,1,,1,1,,,,2,1,,,,,,4,4,3,4,3,5,1,2,5,,3,1,Mobile,1,1.459,,1.415,1
297699,31/03/2025,1,1,36,3,2,1,6,3,4,4,3,3,4,4,2,1,3,2,4,3,2,3,1,3,1,5,3,5,,,,,,1,3,1,10,10,6,10,10,10,5,1,1,1,2,5,1,1,1,1,1,,,,1,,,,,,1,,,,,8,5,4,2,3,4,2,4,4,2,4,3,2,1,3,99,4,2,3,,,,1,1,1,1,1,,,,5,1,,,,,,4,4,4,4,2,3,1,2,4,,3,1,Mobile,1,0.681,,0.661,6
297700,31/03/2025,1,1,,4,3,2,9,5,4,5,5,5,4,4,1,2,3,2,4,3,3,3,2,2,3,5,5,1,,,,,,3,3,2,4,5,2,2,8,8,0,3,98,4,3,2,1,,,,,,,,,,,,,,,,,1,,4,3,3,3,2,2,98,2,2,2,1,2,2,1,3,4,3,1,3,,,,,1,,,,,,,10,1,,,,,,1,1,1,1,2,6,1,3,4,,4,1,Mobile,1,0.83,,0.806,1
297701,31/03/2025,1,1,44,4,3,2,9,5,5,5,3,5,98,4,4,3,2,2,2,1,4,4,4,4,4,10,7,1,,,,,,3,2,3,3,2,7,0,10,8,4,1,2,2,6,5,1,1,,,,,,,,,,,1,,,,,,,2,1,3,3,1,4,2,1,1,3,3,4,3,2,,4,3,1,4,,,1,,1,,,1,,,,0,1,,,,,,3,3,2,3,2,6,1,4,4,,2,1,PC,1,0.771,,0.748,4
297702,31/03/2025,1,1,,2,1,2,9,5,5,5,3,5,4,2,1,3,4,2,4,3,1,2,3,4,4,7,3,3,,,,,,98,98,2,3,98,2,2,7,8,2,1,7,7,2,5,1,1,,,1,1,,,,,,,1,1,,,,,,2,4,3,4,2,3,1,1,2,2,2,2,2,2,,4,4,1,4,,,1,,1,,1,1,1,,,7,,1,,,,,1,3,1,3,2,3,5,1,6,,4,1,Mobile,1,0.73,,0.708,5
297703,31/03/2025,1,1,,5,4,1,5,2,3,3,3,4,4,3,2,1,4,2,4,4,3,3,2,1,2,5,1,2,,,,,,3,2,2,8,9,2,7,5,8,2,2,99,5,2,3,1,1,1,1,,,,,,,,,,,,,,1,,6,3,3,3,3,2,1,2,2,1,3,3,2,1,5,4,3,1,4,,,,1,1,1,,1,,,,9,1,,,,,,4,4,3,4,3,1,1,4,5,,2,1,Mobile,1,1.319,,1.279,4
297704,31/03/2025,1,1,,3,2,2,4,1,5,5,5,5,4,4,3,1,4,2,2,1,3,4,4,4,4,10,5,5,,,,,,3,1,2,0,4,8,2,8,8,6,1,8,3,6,4,1,1,1,,,,,,,,,1,1,,,,,,,1,1,4,1,1,4,3,1,2,3,1,2,3,1,1,4,3,1,1,,,1,,,,,1,,,,0,,1,,,,,3,2,2,1,1,5,1,1,6,,2,1,Mobile,1,0.99,,0.96,2
297705,31/03/2025,1,1,,6,5,1,9,5,5,4,4,1,3,1,4,3,1,2,2,1,2,3,3,4,4,10,8,5,,,,,,1,2,3,0,5,10,4,10,5,7,1,8,8,7,5,1,1,1,1,1,,,,,1,,1,,,,,,,,2,1,2,1,2,4,3,1,2,4,2,3,2,2,,3,3,1,2,1,1,1,,1,,1,,,,,10,,1,1,,,,3,3,2,2,2,5,1,1,6,,5,1,Mobile,1,0.951,,0.922,5
297706,31/03/2025,1,1,45,4,3,2,5,2,4,4,2,3,4,4,1,3,2,2,4,4,3,3,2,3,1,8,3,1,,,,,,2,4,2,5,10,5,5,10,10,0,1,30,30,1,3,,,,,1,,,,,,,,,,,,,1,,5,5,4,1,1,4,3,1,1,1,2,4,1,2,,4,4,2,4,,,,,,,,1,,,,6,1,,,,,,4,3,3,3,3,6,1,3,4,,4,1,PC,1,1.239,,1.202,7
297707,31/03/2025,1,1,,3,2,2,9,5,5,5,4,5,3,1,3,4,1,2,2,1,2,1,4,4,4,10,10,4,,,,,,1,3,1,0,4,7,0,10,5,3,1,30,3,5,5,1,1,1,,1,1,,,,,,,1,,,,,,,1,1,2,98,4,4,1,1,2,4,1,3,1,1,5,4,3,1,1,,,1,,1,,1,1,,,,2,,1,,,,,4,3,1,3,1,5,1,4,4,,5,1,Mobile,1,0.694,,0.674,4
297708,31/03/2025,1,1,23,2,1,2,5,2,4,4,3,5,4,4,1,2,3,2,4,3,98,2,1,3,1,3,4,1,,,,,,3,2,1,8,9,0,2,5,10,0,1,97,4,1,4,1,1,,,1,,,,,,,1,,,1,,,,,8,5,4,3,3,2,3,3,3,1,3,4,3,1,5,4,4,2,3,,,1,1,,,1,,,,,3,1,,,,,,4,3,2,2,3,5,1,3,4,,3,1,PC,1,1.173,,1.138,7
297709,31/03/2025,1,1,,3,2,1,5,2,5,5,4,4,3,4,3,1,4,2,2,1,2,2,4,4,3,10,8,5,,,,,,2,2,3,1,3,6,1,7,5,5,1,8,8,5,4,1,,1,,,,,,,,,,,,,,,1,,1,1,3,1,1,3,2,1,2,4,2,3,2,1,5,2,3,1,3,,,1,,1,,,1,,,,7,1,,,,,,3,98,2,3,1,6,1,1,4,,5,1,Mobile,1,1.062,,1.03,3
297710,31/03/2025,1,1,27,2,1,2,8,4,5,5,4,3,3,3,3,4,2,2,3,1,3,3,3,3,3,10,9,4,,,,,,3,2,3,4,6,7,1,9,9,7,2,3,3,5,5,1,,,,1,,,,1,,,1,1,1,,,,,,5,2,4,1,1,3,2,1,2,3,2,3,3,1,1,4,2,1,2,,,1,,1,,1,1,,,,2,1,,,,,,3,3,2,2,2,5,1,4,4,,2,1,Mobile,1,0.871,,0.845,5
297711,31/03/2025,1,1,,5,4,1,4,1,4,4,4,5,4,4,1,3,2,2,2,1,98,4,3,3,2,10,10,98,,,,,,4,2,3,2,2,7,3,10,10,1,3,30,94,3,4,,1,,,,,,,,,,1,1,,,,,,,1,4,3,4,3,3,2,1,1,2,2,3,2,1,1,4,2,1,3,1,,1,1,1,,,1,,,,10,1,,,,,,3,3,3,3,2,1,1,3,1,9999,1,1,PC,1,0.993,,0.963,5
297712,31/03/2025,1,1,65,6,5,1,8,4,4,5,3,1,3,4,1,3,4,2,2,1,3,2,2,3,3,10,5,5,,,,,,1,1,3,2,9,5,2,5,7,5,1,3,3,3,3,1,1,,,,,,,,,,,1,1,,,,,,3,2,3,3,2,3,1,1,1,3,3,4,4,1,4,4,2,1,4,,,1,,1,,,,,,,3,1,,,,,,4,4,3,3,3,3,1,2,5,,3,1,Mobile,1,1.221,,1.184,6
297713,31/03/2025,1,1,33,3,2,1,4,1,4,5,4,4,3,,,,,2,2,1,3,4,4,4,4,10,10,5,98,98,98,98,98,4,2,3,0,1,8,1,7,3,9,1,13,13,7,3,,1,,,1,,,,,,,,1,1,,,,,,3,2,3,3,1,4,3,1,1,2,1,1,1,2,,4,3,1,1,,1,,,,,1,,,,,0,1,,,,,,3,2,1,2,2,5,2,,,,2,2,Mobile,1,,0.953,1.087,8
297714,31/03/2025,1,1,,5,4,2,4,1,3,5,5,4,4,4,1,2,3,2,4,1,4,4,2,1,2,7,5,2,,,,,,1,4,1,5,6,4,6,4,6,3,2,9,4,4,5,1,1,,,1,1,,,,,,,,1,1,,,,1,4,3,4,4,3,3,2,2,1,2,1,3,2,2,,4,4,1,1,,,,,,1,,,,,,10,1,,,,,,3,2,3,3,3,4,1,3,5,,4,1,Mobile,1,1.229,,1.192,5
297715,31/03/2025,1,1,,3,2,1,4,1,4,5,5,4,4,4,2,1,3,2,4,3,4,3,3,3,4,10,10,1,,,,,,3,1,3,10,10,4,2,1,8,0,1,1,1,3,5,1,1,1,,,,,,,,,,1,,,,,,,3,3,4,4,2,4,1,4,4,4,2,2,1,1,2,4,3,1,3,,,,1,1,1,,,,,,10,1,,,,,,4,4,4,4,2,5,1,3,4,,3,1,Mobile,1,1.092,,1.059,5
297717,31/03/2025,1,1,,2,1,2,5,2,5,4,2,2,3,4,4,1,3,2,3,3,2,2,4,4,3,8,9,2,,,,,,3,3,4,3,4,4,2,7,5,2,2,30,30,4,5,,,,,,,,,1,,,1,,,,,,,,2,2,3,1,1,3,2,2,2,2,2,3,3,1,5,3,4,1,4,,,,,,,,1,,,,6,1,,,,,,4,3,2,3,2,5,1,1,7,,5,1,Mobile,1,1.089,,1.057,1
297718,31/03/2025,1,1,23,2,1,2,5,2,5,5,3,5,4,4,1,2,3,2,4,4,98,4,4,3,3,10,5,98,,,,,,4,3,4,0,7,0,0,10,1,0,4,94,94,1,1,,,,,,,,,,,,,,,,,,,,1,98,2,2,2,3,3,1,1,1,1,3,1,1,5,3,4,1,2,,,,1,,,,1,,,,10,1,,,,,,3,3,3,2,1,6,1,1,4,,1,1,Mobile,1,1.089,,1.057,4
297720,31/03/2025,1,1,21,1,1,2,5,2,5,5,3,5,3,4,4,3,1,2,1,1,3,3,4,4,3,7,8,98,,,,,,4,3,3,0,4,6,1,10,5,5,2,97,8,5,2,,1,,,,1,,,,,,1,1,1,,,,,,3,2,2,1,2,4,3,2,1,2,2,4,3,1,2,4,3,1,2,,,1,,,,1,1,,,,7,,1,,,,,3,3,3,2,1,6,5,1,4,,2,1,Mobile,1,1.089,,1.057,5
297721,31/03/2025,1,1,,5,4,1,6,3,5,5,4,5,4,4,4,3,2,2,4,3,2,3,3,4,4,10,10,5,,,,,,1,1,1,3,9,4,1,9,9,6,1,2,2,2,5,,1,,,1,,,1,,,,,1,,,,,,,2,1,3,2,2,4,1,2,3,3,2,3,2,1,3,4,2,1,1,,,1,,1,,,1,,,,8,1,,,,,,3,3,3,3,2,6,1,3,5,,5,1,Mobile,1,0.575,,0.558,1
297723,31/03/2025,1,1,,5,4,2,6,3,5,4,2,3,4,4,1,4,3,2,4,3,1,2,4,3,2,10,5,1,,,,,,3,2,2,10,10,1,10,10,10,5,1,9,1,1,5,1,1,,,1,,,,1,,,1,1,1,1,,,,,7,5,98,98,2,98,4,2,2,1,2,4,1,1,5,4,3,1,2,,,,1,1,1,,1,,,,10,1,,,,,,4,4,4,4,2,6,1,1,3,1991,3,1,PC,1,0.561,,0.544,5
297724,31/03/2025,1,1,,2,1,2,4,1,2,5,3,5,4,4,2,1,3,2,4,3,3,3,1,2,1,1,0,1,,,,,,3,3,3,10,10,5,8,7,10,1,2,97,1,1,3,1,1,,,1,1,,,,,,,,,1,,,,,6,3,3,2,3,3,2,3,2,1,2,3,3,1,3,4,4,1,3,,,,,,1,,1,,,,8,1,,,,,,3,4,3,4,3,4,1,2,4,,4,1,Mobile,1,1.403,,1.361,5
297725,31/03/2025,1,1,,3,2,1,4,1,4,5,5,3,4,4,1,2,3,2,4,4,98,2,2,2,2,4,3,3,,,,,,3,3,3,8,7,1,6,5,8,3,1,97,4,2,2,,1,,,,1,1,,,,,1,1,,1,,,,,7,3,2,3,3,2,2,1,1,1,2,3,3,1,2,2,3,2,4,,,,,1,,,1,,,,8,1,,,,,,3,3,3,3,2,3,1,3,5,,4,1,Mobile,1,1.092,,1.059,4
297726,31/03/2025,1,1,58,5,4,2,4,1,4,5,2,4,4,4,3,4,1,2,4,4,98,4,4,4,3,8,10,2,,,,,,4,3,2,0,3,4,1,10,5,0,3,98,4,4,5,1,1,,,1,1,1,1,1,,,,1,1,,,,,,2,2,3,3,2,3,1,1,2,2,1,4,4,1,0,4,3,1,5,1,,,,1,,,1,,,,6,1,,,,,,4,3,3,3,2,5,1,1,6,,2,1,Mobile,1,0.969,,0.94,4
297727,31/03/2025,1,1,,6,5,2,5,2,4,5,3,5,3,98,1,2,4,2,98,4,98,98,98,98,98,10,10,1,,,,,,98,98,3,10,98,98,98,98,98,98,4,99,99,1,5,,1,,,,,,,,,,,1,,,,,,,98,98,98,98,98,98,98,98,98,98,98,4,98,99,,99,99,98,98,,,,,,,,,,,1,10,,,,,,1,98,98,98,98,2,99,1,3,5,,99,1,Mobile,1,1.491,,1.446,3
297728,31/03/2025,1,1,24,2,1,1,5,2,5,3,4,4,4,4,1,3,4,2,98,1,2,2,3,4,3,8,8,3,,,,,,2,3,2,3,6,4,1,5,9,1,4,97,1,3,3,1,1,,,,,,,,,,,1,1,,,,,,2,2,3,1,1,3,2,1,2,2,1,2,98,2,,2,4,1,2,,,1,,1,,,,1,,,1,1,,,,,,3,3,2,4,2,5,1,4,4,,4,1,Mobile,1,1.116,,1.083,4
297730,31/03/2025,1,1,39,3,2,2,9,5,4,5,3,4,4,3,3,2,4,2,4,1,3,3,3,4,3,10,6,3,,,,,,3,3,3,5,5,5,5,6,7,5,1,97,1,4,2,1,,,,,1,,1,,,,,1,,,,,,,3,3,3,2,98,98,1,2,2,2,4,4,4,2,,4,3,1,1,,,,,,,,1,,,,5,,1,,,,,3,2,4,2,3,4,1,3,5,,4,1,Mobile,1,0.748,,0.725,6
297731,31/03/2025,1,1,,2,1,1,7,3,2,4,3,2,4,4,1,2,3,2,4,3,3,3,1,1,1,6,1,1,,,,,,1,2,2,2,10,5,0,10,10,0,1,4,4,1,3,1,,,,1,,,,,,,,1,,1,,,,,5,5,4,2,1,3,1,2,2,1,3,4,2,1,2,2,3,1,1,,,,,,1,,,,,,5,1,,,,,,3,3,4,4,3,1,1,1,4,,2,1,Mobile,1,0.897,,0.87,1
297732,31/03/2025,1,1,,2,1,2,4,1,5,4,3,5,1,98,3,4,1,2,2,1,3,3,4,4,3,10,8,5,,,,,,2,2,1,2,5,7,5,7,7,5,1,8,8,5,2,1,1,1,,1,,,,,,,,1,,,,,,,1,2,3,1,2,4,3,1,2,3,2,2,98,2,,4,3,1,98,1,,,,1,,1,,,,,3,,1,,,,,3,3,3,2,2,6,1,3,4,,4,1,Mobile,1,1.04,,1.009,5
297733,31/03/2025,1,1,24,2,1,2,5,2,2,4,3,5,4,4,4,1,3,2,3,4,3,3,2,2,2,9,5,3,,,,,,3,4,1,2,8,8,1,8,8,1,1,3,1,3,5,1,,,1,1,1,,,,,,,1,,,,,,,1,3,3,98,2,4,4,1,1,1,98,3,98,1,5,3,4,1,2,,,1,,,,,,,,,1,,1,,,,,3,4,3,98,3,4,1,1,4,,1,1,Mobile,1,1.469,,1.425,1
297734,31/03/2025,1,1,40,4,3,1,8,4,5,5,3,5,4,4,1,2,3,2,4,3,4,4,4,3,3,10,5,1,,,,,,2,2,2,0,4,6,5,10,10,0,1,2,2,2,3,,1,,,,,,,,,,,1,,,,,,,5,1,2,4,4,4,4,1,2,4,2,4,4,1,1,4,3,1,2,,,,,,,,1,,,,10,,,1,,,,4,4,4,4,2,4,1,2,4,,4,1,Mobile,1,0.943,,0.914,4
297735,31/03/2025,1,1,26,2,1,2,5,2,3,5,5,3,3,3,4,3,1,2,4,4,2,2,3,4,4,9,5,3,,,,,,4,3,3,5,5,5,5,5,5,5,2,97,98,4,2,,,,,,1,,,,,,,1,1,,,,,,4,3,3,2,2,3,98,98,2,3,2,3,3,1,5,4,2,1,3,,,,1,,,,,,,,5,1,,,,,,98,98,3,2,3,4,1,2,4,,1,1,Mobile,1,1.488,,1.443,6
297736,31/03/2025,1,1,37,3,2,2,9,5,5,4,3,5,3,4,4,3,1,2,2,1,3,3,3,4,4,8,7,5,,,,,,98,98,3,2,5,8,2,10,9,7,1,8,9,6,3,1,,,,1,,,1,,,,,,,,,,1,,3,1,3,1,98,4,98,1,1,3,2,3,3,1,2,4,4,1,2,1,,1,,1,,,1,,,,3,,1,1,,,,3,3,2,2,1,5,1,1,4,,1,1,Mobile,1,0.694,,0.674,5
297737,31/03/2025,1,1,,2,1,2,5,2,4,5,4,5,4,4,1,2,3,2,4,3,3,3,3,3,2,8,5,1,,,,,,3,1,2,5,9,0,5,10,8,1,3,3,1,2,5,1,1,,,1,1,1,,1,,,,1,,1,,,,,6,3,2,2,3,2,2,2,2,2,3,3,3,1,2,2,3,1,3,,,,1,,,,,,,,8,1,,,,,,3,3,4,2,2,4,1,3,4,,5,1,Mobile,1,1.173,,1.138,2
297738,31/03/2025,1,1,25,2,1,2,9,5,2,4,2,2,4,4,1,3,2,2,4,4,3,3,1,2,1,6,1,1,,,,,,3,1,3,8,9,4,8,8,10,5,1,97,4,2,3,1,,,,,,,,,,,1,,,1,,,,,98,98,3,2,2,98,1,3,3,2,3,4,98,1,5,4,4,1,3,,,,1,,,,1,,,,9,1,,,,,,4,4,4,4,4,4,1,3,4,,99,1,Mobile,1,0.984,,0.955,4
297739,31/03/2025,1,1,,3,2,2,5,2,4,5,3,3,3,4,4,3,1,2,4,3,2,3,3,3,3,10,5,3,,,,,,2,2,3,4,5,4,2,6,5,4,3,97,1,2,5,1,1,,,1,,,,,,,,1,1,,,,,,5,98,2,2,2,2,3,2,2,2,2,3,3,2,,4,4,1,3,,,,1,,,,1,,,,4,1,,,,,,3,3,3,2,2,5,1,1,7,,3,1,Mobile,1,1.116,,1.082,6
297740,31/03/2025,1,1,,6,5,1,8,4,5,2,2,1,4,3,1,3,2,2,4,3,2,3,1,3,1,6,4,1,,,,,,1,3,1,9,8,5,7,7,8,3,1,1,1,2,5,1,1,1,,,,,,,1,,,,,1,,,,,7,4,4,1,2,3,3,2,2,1,2,2,1,2,,4,4,2,4,,,,1,1,,,1,,,,8,1,,,,,,4,4,3,3,2,5,1,1,4,,3,1,PC,1,1.134,,1.1,3
297741,31/03/2025,1,1,,4,3,2,5,2,5,4,4,3,3,4,1,2,3,2,4,3,3,4,3,3,2,10,10,1,,,,,,3,3,3,8,8,1,2,10,4,0,1,99,99,2,2,,1,,,1,,1,,,,,1,,1,1,,,,,8,3,2,2,2,2,2,3,2,2,2,3,3,1,5,4,3,1,4,,,1,,,,,1,,,,10,1,,,,,,3,3,3,4,2,6,1,4,4,,3,1,Mobile,1,1.151,,1.117,5
297742,31/03/2025,1,1,,3,2,2,4,1,5,5,5,5,4,3,2,4,1,2,4,3,4,4,3,3,1,3,4,1,,,,,,1,2,1,10,10,0,10,10,10,10,1,1,1,1,3,1,1,1,,,,,,,,,,,,1,,,,,8,5,4,2,1,4,1,2,2,2,2,3,2,2,,4,4,1,2,,,,,1,,,,,,,6,1,,,,,,3,2,3,3,2,6,1,3,7,,1,1,Mobile,1,0.99,,0.96,4
297744,31/03/2025,1,1,,2,1,1,5,2,5,5,3,5,3,3,4,3,1,2,4,3,2,1,4,4,3,10,8,4,,,,,,3,4,2,2,4,6,0,10,5,1,2,3,3,3,4,1,,,,,,1,,,,,,1,,,,,,,1,2,3,1,2,3,2,1,1,3,2,3,3,1,5,4,4,1,1,,,1,1,1,1,,,,,,7,1,,,,,,3,1,2,2,1,6,1,1,4,,2,1,Mobile,1,1.116,,1.083,4
297746,31/03/2025,1,1,28,2,1,2,9,5,5,4,4,5,3,4,1,4,3,2,2,1,3,3,3,4,4,10,6,3,,,,,,3,98,3,0,4,8,4,10,7,4,1,97,98,5,3,1,,1,,1,,,,,,,,1,1,,,,,,3,1,3,1,1,3,3,1,1,2,2,3,4,2,,4,2,1,1,,,1,1,1,,,1,1,,,5,,1,,,,,3,3,3,3,2,6,1,1,4,,4,1,Mobile,1,0.73,,0.708,3
297747,31/03/2025,1,1,,5,4,1,4,1,5,5,4,5,1,1,3,4,1,2,1,1,3,3,4,4,3,8,8,5,,,,,,3,2,2,1,5,10,1,10,5,9,1,8,9,6,4,1,1,1,,,,,,,,,1,1,1,,,,,,3,1,4,1,2,4,3,1,1,3,2,3,2,2,,4,2,1,4,1,,1,,1,,1,,,,,0,1,,,,,,4,3,2,3,1,6,1,2,5,,2,1,Mobile,1,0.922,,0.894,1
297748,31/03/2025,1,1,,2,1,2,8,4,5,4,4,2,3,4,2,3,4,2,2,3,2,2,4,3,4,10,10,3,,,,,,3,4,3,0,5,5,0,10,6,3,1,7,7,4,2,,1,,,,,,,,,,,1,,,,,,,1,2,2,3,2,3,1,1,1,2,1,4,3,1,1,4,2,1,2,,,,,1,,,1,,,,5,,1,,,,,3,3,3,3,2,5,1,1,4,,3,1,Mobile,1,0.871,,0.845,5
297749,31/03/2025,1,1,32,3,2,1,1,1,1,5,4,3,4,4,3,4,1,2,4,4,1,1,1,1,1,0,0,98,,,,,,1,4,2,2,7,0,9,2,6,2,4,94,94,4,3,1,,,,,,,,,,1,,,,,,,1,,1,5,1,1,2,1,4,2,2,1,1,1,1,1,5,4,99,2,3,,,,,,,,1,,,,10,,,,,,1,3,4,4,3,4,1,1,1,6,,3,1,PC,1,1.065,,1.033,1
297750,31/03/2025,1,1,32,3,2,2,8,4,4,5,3,5,3,,,,,2,1,1,98,4,4,3,4,10,8,5,3,3,2,2,2,4,2,2,1,2,8,1,2,3,5,1,13,13,6,4,,,,,1,,,,1,,,,,1,1,,,,,5,2,2,3,3,3,3,2,2,3,1,1,1,2,,4,2,1,2,1,,1,,,,1,,,,,1,1,,,,,,4,3,3,4,2,4,5,,,,3,2,Mobile,1,,0.319,0.364,8
297752,31/03/2025,1,1,,6,5,2,9,5,5,5,5,5,4,4,1,2,4,2,4,3,3,4,4,4,4,10,10,1,,,,,,3,1,1,1,9,2,2,10,9,1,1,30,2,6,5,1,1,1,1,,,,,,,,1,1,1,,,,,,1,1,1,4,1,2,1,1,2,4,2,4,2,1,1,4,3,1,2,,,,,1,,,1,1,,,8,,1,,,,,3,3,3,3,2,5,1,3,4,,5,1,Mobile,1,0.928,,0.9,4
297753,31/03/2025,1,1,,5,4,1,6,3,2,3,3,2,4,4,1,2,4,2,4,3,3,3,1,1,2,0,0,1,,,,,,2,2,2,10,10,0,5,5,10,2,1,1,1,1,4,1,1,,,,,,,,,,,,,1,,,,1,8,5,3,2,3,98,2,4,3,1,2,3,2,1,2,4,3,1,4,,,1,1,1,,,1,,,,8,1,,,,,,4,4,4,4,4,2,1,3,5,,3,1,Mobile,1,0.776,,0.752,4
297754,31/03/2025,1,1,,5,4,2,8,4,5,4,4,3,3,98,1,4,3,2,3,3,3,4,4,3,3,7,4,2,,,,,,2,2,2,2,6,5,0,10,6,3,1,7,3,3,4,1,1,1,,,,,,,,,,1,,,,,,,2,1,2,3,2,2,2,1,2,3,2,3,3,1,1,4,2,1,3,,,1,1,1,,,1,1,,,6,,1,1,,,,3,3,2,3,2,6,1,2,4,,4,1,Mobile,1,0.753,,0.73,4
297755,31/03/2025,1,1,24,2,1,2,5,2,4,4,3,4,3,2,3,4,1,2,2,1,3,4,3,4,3,10,8,4,,,,,,2,1,2,2,5,6,3,7,5,4,1,8,8,5,4,1,,,,1,,,,,,,1,1,,,,,,,3,1,3,1,1,4,3,2,2,3,2,4,3,1,4,4,4,1,4,1,,1,,1,,1,1,,,,3,1,,,,,,4,4,3,3,2,4,1,1,4,,4,1,PC,1,1.173,,1.138,3
297756,31/03/2025,1,1,,2,1,2,7,3,3,4,98,3,3,3,1,2,3,2,4,4,2,98,2,98,3,5,5,98,,,,,,4,2,3,98,5,5,5,5,5,5,4,98,99,4,1,,,,,,,,,,,,,,,,,,,,1,3,3,3,98,3,98,98,98,98,98,98,98,1,2,4,4,1,2,,,,,,,,,,,1,5,1,,,,,,98,98,98,98,3,4,99,4,4,,99,1,Mobile,1,0.886,,0.86,5
297757,31/03/2025,1,1,,3,2,2,5,2,2,5,3,4,4,4,1,4,2,2,1,3,3,2,3,3,1,0,5,1,,,,,,2,4,4,8,10,0,5,10,5,0,1,99,1,1,5,1,,,,,,,,1,,,,,,1,,,,,4,3,1,4,1,98,1,2,1,1,2,2,2,1,5,4,4,1,4,,,,1,,,,,,,,10,1,,,,,,4,3,2,4,3,5,1,3,4,,4,1,Mobile,1,1.398,,1.356,6
297758,31/03/2025,1,1,24,2,1,2,7,3,5,5,4,5,2,3,4,3,1,2,2,1,3,3,2,4,3,10,7,5,,,,,,3,3,1,0,6,7,3,5,5,3,1,30,8,5,3,,1,1,,1,1,,,,,,,1,1,,,,,,1,1,3,1,1,4,4,1,1,2,2,2,2,1,2,4,4,1,2,,,1,,,,1,,,,,1,,1,1,,,,2,3,3,2,2,5,1,4,2,2005,3,1,Mobile,1,0.649,,0.629,5
297759,31/03/2025,1,1,25,2,1,2,6,3,3,5,4,3,4,3,1,3,4,2,4,4,2,3,2,2,2,5,3,1,,,,,,4,4,4,0,7,3,8,8,9,3,2,97,2,3,2,,,,,,,,1,1,,,1,,,,,,,,8,5,1,1,3,4,4,1,1,1,1,1,1,1,3,4,3,1,3,,,,,1,,,,,,,6,1,,,,,,4,2,4,2,3,5,1,4,5,,1,1,PC,1,0.886,,0.86,6
297760,31/03/2025,1,1,43,4,3,1,8,4,4,4,2,2,4,4,3,4,1,2,3,4,2,2,1,3,3,8,5,5,,,,,,1,3,2,5,5,5,5,5,6,4,2,30,3,3,4,1,,1,,,,,,,,,,1,,,,,,,2,3,4,2,2,4,98,2,2,2,2,4,3,1,5,3,3,1,4,,,1,,1,,,1,1,,,6,1,,,,,,4,4,2,3,3,4,1,3,5,,5,1,Mobile,1,1.015,,0.984,4
297761,31/03/2025,1,1,36,3,2,2,7,3,4,5,4,5,4,4,3,2,1,2,4,4,3,3,98,3,3,6,5,3,,,,,,1,2,3,6,6,3,4,6,6,1,1,97,3,3,3,1,1,,,,,1,,,,,1,1,1,1,,,,,6,3,3,2,2,2,2,2,1,2,1,3,2,2,,4,4,1,3,,,,,,,,1,,,,10,1,,,,,,3,2,3,3,3,6,1,2,4,,4,1,Mobile,1,0.665,,0.645,6
297762,31/03/2025,1,1,,7,5,1,3,1,3,5,3,2,3,4,1,3,2,2,4,3,1,4,3,2,1,10,10,1,,,,,,98,4,1,5,5,0,3,0,3,2,4,5,1,1,3,,,,1,1,,,,,,,,,,1,,,,,1,4,4,98,4,3,3,1,1,1,2,4,98,2,,4,4,1,3,,,1,,,,,,,,,0,1,,,,,,4,4,2,4,3,2,1,2,1,1956,2,1,Mobile,1,1.851,,1.796,6
297764,31/03/2025,1,1,76,7,5,2,3,1,2,98,3,2,4,4,1,4,3,2,4,3,2,3,1,3,1,5,3,2,,,,,,1,2,3,8,8,4,8,9,10,3,3,97,10,2,4,1,1,,,,,,,,,,1,,,1,,,,,5,4,3,2,2,3,3,3,3,2,3,3,2,1,3,4,3,2,4,,,,1,1,,,1,,,,5,1,,,,,,3,3,3,3,4,2,1,1,6,,99,1,Mobile,1,1.783,,1.73,7
297765,31/03/2025,1,1,,5,4,1,4,1,5,3,3,2,4,3,2,1,3,2,4,3,4,3,3,4,2,5,7,1,,,,,,2,3,3,7,10,3,4,10,6,0,1,1,1,2,2,,,1,,,,,,,,,,,,,,,1,,8,3,3,3,2,2,1,3,2,2,3,4,3,1,2,4,3,2,5,,,,,,1,,,,,,10,1,,,,,,4,4,4,4,2,5,1,2,5,,3,1,Mobile,1,0.922,,0.894,6
297766,31/03/2025,1,1,36,3,2,2,5,2,5,5,5,3,3,4,3,4,1,2,2,1,3,3,3,4,3,5,6,5,,,,,,2,2,2,0,5,5,3,6,6,4,1,7,2,4,3,1,1,,,1,1,,1,,,,1,1,,,,,,,2,1,3,2,2,4,3,1,1,3,2,2,2,1,5,4,3,1,1,,,1,,,,,,,,,3,,1,1,,,,3,3,3,3,2,6,1,1,6,,3,1,Mobile,1,1.036,,1.005,2
297767,31/03/2025,1,1,,3,2,1,9,5,5,4,3,1,4,4,1,2,3,2,4,3,2,4,1,3,2,2,3,1,,,,,,3,2,1,6,10,3,7,5,10,2,2,7,4,2,5,1,1,1,,1,1,,1,,1,,,1,,1,,,,,5,5,3,2,2,3,2,2,2,1,2,2,1,2,,4,4,1,4,,,,1,,,,,,,,10,1,,,,,,4,4,4,4,2,4,1,1,4,,2,1,Mobile,1,0.712,,0.69,4
297768,31/03/2025,1,1,52,5,4,1,4,1,4,3,4,1,4,4,3,2,1,2,4,3,3,3,1,4,1,10,3,1,,,,,,3,2,2,8,8,0,10,10,8,9,1,1,4,1,5,1,1,1,1,1,,,,,,,,,,1,,,,,8,5,4,3,3,3,1,3,2,1,2,4,1,2,,4,2,2,4,,,,1,1,1,,1,,,,10,,,,,,1,4,4,3,2,2,4,1,3,5,,1,1,Mobile,1,0.993,,0.963,3
297769,31/03/2025,1,1,31,3,2,2,7,3,5,2,5,2,3,,,,,2,98,4,2,3,4,2,3,10,10,5,3,3,2,1,3,3,2,1,0,3,8,1,8,5,8,1,2,2,6,2,,1,1,,1,1,,,,,,,1,,,,,,,3,1,2,1,2,4,3,1,1,3,3,3,1,1,1,4,4,1,2,,,,,,,,1,,,,1,1,,,,,,4,3,3,4,1,6,5,,,,2,2,Mobile,1,,4.09,4.663,8
297770,31/03/2025,1,1,22,1,1,2,8,4,3,4,3,3,4,4,1,4,2,2,4,3,4,4,2,2,3,10,5,1,,,,,,3,2,4,6,9,2,4,5,5,0,2,3,1,1,2,1,1,,,1,,,,1,,,,1,1,,,,,,5,3,98,3,3,4,2,98,2,2,2,2,3,1,5,4,3,1,3,,,,1,1,,,1,,,,5,1,,,,,,3,3,3,3,3,4,1,3,4,,3,1,Mobile,1,1.189,,1.154,6
297772,31/03/2025,1,1,,2,1,2,7,3,5,5,4,5,2,1,3,4,2,2,2,2,3,2,3,4,4,10,6,3,,,,,,98,2,2,2,5,7,1,9,8,5,1,8,2,5,3,,,1,,,1,,,,,,,1,1,,,,,,1,1,3,4,1,4,1,1,2,3,2,3,2,2,,4,4,1,1,,,,1,1,,,,,,,6,,1,1,,,,3,2,2,3,2,6,1,1,4,,2,1,Mobile,1,0.649,,0.629,5
297773,31/03/2025,1,1,21,1,1,1,5,2,1,4,2,2,4,4,2,1,4,2,4,3,3,3,2,1,1,1,3,1,,,,,,3,2,2,8,9,7,8,8,8,0,2,4,4,1,4,1,,,,1,,,1,,,,,1,,1,,,,,4,4,3,2,2,3,1,3,3,1,3,4,3,1,2,1,3,1,2,,,,,,1,,1,,,,8,,1,,,,,4,4,4,4,4,1,1,1,4,,3,1,Mobile,1,1.172,,1.137,4
297774,31/03/2025,1,1,,6,5,2,4,1,5,5,2,3,3,3,1,4,3,2,2,1,3,3,3,3,3,5,5,5,,,,,,3,3,1,4,2,5,1,4,10,3,1,97,3,4,5,1,1,,,1,,,,,,,1,1,1,,,,,,1,2,3,1,1,2,2,1,1,2,2,3,2,2,,4,4,1,3,,,1,,,,,,,,,5,,1,,,,,4,4,3,3,2,6,1,2,1,1963,2,1,Mobile,1,1.322,,1.283,4
297776,31/03/2025,1,1,23,2,1,1,5,2,3,5,4,4,3,4,1,4,2,2,4,1,3,4,2,1,3,5,5,1,,,,,,4,3,2,7,5,1,6,4,4,4,2,1,5,2,3,,1,,,1,,1,1,1,,,,,1,1,,,,,3,3,98,3,98,1,2,2,3,3,2,2,2,1,5,4,4,1,3,,,,1,1,,,1,,,,8,1,,,,,,3,3,3,3,2,2,1,3,4,,2,1,Mobile,1,1.525,,1.479,1
297777,31/03/2025,1,1,,2,1,2,7,3,5,5,5,5,3,4,4,1,3,2,3,3,2,3,3,4,3,7,7,3,,,,,,4,3,3,2,4,5,3,8,6,4,2,98,99,4,3,1,,,,,,,,,,,,1,1,,,,,,3,2,3,2,2,2,2,1,2,3,2,4,2,1,2,4,3,1,2,,,1,1,,,,,,,,7,,1,,,,,3,2,2,3,2,5,1,1,4,,4,1,Mobile,1,0.649,,0.629,5
297778,31/03/2025,1,1,24,2,1,2,5,2,4,5,3,5,4,4,1,2,3,2,4,3,3,3,1,2,2,4,0,1,,,,,,4,2,2,6,7,2,5,5,7,3,2,98,1,2,4,,,,,,,,,1,,,,,1,1,,,,,9,3,3,3,4,3,1,3,3,3,3,4,4,1,5,4,3,1,3,,,,1,,,,,,,,10,1,,,,,,4,4,4,4,3,4,1,3,5,,3,1,PC,1,1.173,,1.138,2
297779,31/03/2025,1,1,,2,1,1,4,1,1,2,4,2,4,4,1,2,4,2,4,3,2,1,1,2,1,1,9,2,,,,,,1,2,1,9,10,2,10,8,8,2,3,94,1,3,3,1,,,1,,,,,,,,,,,,,,1,,1,5,3,1,1,2,2,4,4,1,2,2,1,1,5,4,2,2,4,,,,1,,1,,1,,,,10,1,,,,,,3,4,3,4,4,1,1,1,6,,2,1,PC,1,1.119,,1.086,5
297782,31/03/2025,1,1,36,3,2,2,5,2,2,5,4,5,4,3,3,2,1,2,4,3,3,3,2,3,98,4,5,2,,,,,,4,2,3,5,3,7,8,8,10,2,3,3,4,3,1,,,,,,,,,,,,,,,,,,,,7,98,98,3,3,98,98,2,2,2,2,3,2,2,,4,4,1,1,,,1,,1,,,,1,,,7,1,,,,,,2,2,2,98,3,5,1,2,4,,4,1,PC,1,1.398,,1.356,1
297783,31/03/2025,1,1,,6,5,2,9,5,5,5,4,5,2,1,4,3,1,2,1,1,3,3,4,4,4,10,10,5,,,,,,4,1,1,1,3,10,3,10,5,8,1,8,9,6,5,1,1,1,1,1,1,,1,,,,1,1,1,,,,,,1,2,4,1,2,4,3,1,2,98,98,3,2,1,2,4,3,1,2,,,1,,1,,,,,,,3,,1,1,,,,3,3,2,3,1,5,1,1,6,,5,1,Mobile,1,0.928,,0.9,4
297784,31/03/2025,1,1,,4,3,1,8,4,3,4,3,2,4,3,1,3,2,2,4,3,2,2,3,3,2,2,4,3,,,,,,4,3,1,6,8,8,4,10,10,2,2,30,30,1,5,1,1,1,,,1,,,1,,,1,,,1,,,,,3,4,4,1,1,3,3,2,2,1,2,2,1,2,,4,4,98,3,,,,1,1,1,,1,1,,,2,1,,,,,,4,3,3,3,3,2,1,3,4,,5,1,Mobile,1,1.288,,1.249,7
297785,31/03/2025,1,1,,7,5,2,4,1,4,3,3,2,4,4,1,4,3,2,4,3,3,4,2,3,1,10,0,1,,,,,,3,1,3,10,10,1,5,6,10,5,1,1,1,1,5,,1,,,,,,,,,,,,,1,,,,,10,5,3,2,2,4,2,4,98,2,4,4,2,2,,4,2,2,4,,,,1,1,1,,,,,,3,1,,,,,,4,4,4,4,2,4,1,1,2,1948,3,1,Mobile,1,1.424,,1.381,5
297786,31/03/2025,1,1,,4,3,1,4,1,5,4,4,2,3,3,4,3,1,2,3,3,2,3,4,4,3,9,5,3,,,,,,3,2,2,4,4,6,6,9,9,4,2,3,98,5,2,1,1,,,,,,,,,,,1,1,,,,,,2,2,3,1,2,3,3,2,2,3,2,3,2,1,4,4,4,1,3,,,,,,,,1,,,,2,1,,,,,,3,3,98,3,2,5,1,3,4,,3,1,Mobile,1,1.126,,1.092,4
297787,31/03/2025,1,1,,3,2,1,2,1,1,4,3,1,4,4,1,2,3,2,4,3,1,1,1,1,1,0,0,1,,,,,,1,1,2,7,7,2,10,5,5,0,1,6,6,3,5,1,,,,,,,1,,,,,,,,,,1,,5,4,4,4,3,1,1,2,2,1,2,2,2,1,5,4,3,2,4,,,1,1,1,1,,1,1,,,10,1,,,,,,4,4,3,4,4,1,1,1,6,,4,1,Mobile,1,1.065,,1.033,3
297788,31/03/2025,1,1,,4,3,1,6,3,5,5,3,5,4,4,3,4,1,2,2,1,2,3,3,4,3,0,8,4,,,,,,2,3,1,0,6,8,4,5,5,4,1,2,2,5,4,1,1,,,1,,,,,,,1,1,1,,,,,,5,2,3,1,1,4,3,1,1,4,2,3,3,2,,4,4,1,4,,,,,,,1,1,1,,,0,,1,1,,,,4,3,2,3,2,6,1,1,4,,1,1,Mobile,1,0.703,,0.682,4
297789,31/03/2025,1,1,,6,5,1,8,4,3,3,2,2,4,3,1,3,2,2,4,3,1,1,3,3,2,3,1,3,,,,,,2,3,2,5,7,5,2,7,7,1,4,99,94,2,4,,,,,,,,,1,,,1,,,,,,,,2,4,3,1,2,3,3,2,2,3,3,3,2,1,2,4,4,1,3,,,,1,1,,,1,,,,9,1,,,,,,4,4,3,3,3,99,1,4,5,,4,1,Mobile,1,1.549,,1.503,4
297790,31/03/2025,1,1,22,1,1,2,5,2,5,5,4,5,3,4,4,3,2,2,3,3,4,3,4,4,4,10,5,98,,,,,,4,3,2,4,5,5,3,8,6,2,1,97,8,5,4,1,1,,,,1,,,1,,,1,1,1,,,,,,1,2,3,2,2,4,4,2,2,3,1,4,2,1,5,4,3,1,1,1,,1,1,,,,1,,,1,4,1,,,,,,3,3,3,1,2,4,1,2,4,,1,1,Mobile,1,1.089,,1.057,6
297791,31/03/2025,1,1,,6,5,2,7,3,4,5,5,5,1,,,,,2,2,1,4,3,3,1,3,10,6,5,4,3,4,2,4,3,2,3,3,3,5,4,5,5,7,2,97,12,4,4,,1,,,,,,,,,,1,,,,1,1,,,3,3,98,4,4,4,4,1,1,2,2,2,2,1,5,4,4,1,2,,,1,,,,1,,,,,1,1,,,,,,1,2,2,1,3,2,5,,,,4,2,Mobile,1,,0.28,0.319,8
297792,31/03/2025,1,1,78,7,5,1,8,4,5,4,3,1,3,4,3,1,4,2,3,4,2,4,3,3,3,8,7,4,,,,,,2,2,2,2,5,5,2,8,6,4,1,30,3,3,5,1,1,1,1,,,,1,,,,1,1,1,,,,,,4,2,3,2,2,3,3,1,1,3,2,3,3,2,,4,4,1,3,,,1,,1,,1,,,,,6,1,,,,,,4,4,2,2,2,3,1,3,1,1950,5,1,PC,1,1.134,,1.1,4
297794,31/03/2025,1,1,,8,5,2,8,4,5,5,3,5,2,98,3,4,1,2,2,1,2,3,3,4,3,10,5,5,,,,,,1,1,1,0,3,10,3,3,3,3,1,8,9,7,4,,,,1,,,,1,,,,,,1,,,,,,1,1,3,2,2,4,4,1,2,3,2,3,2,2,,4,4,1,2,1,,1,,,,1,,,,,0,1,,,,,,3,3,98,98,2,5,1,1,6,,4,1,Mobile,1,1.107,,1.074,5
297795,31/03/2025,1,1,,7,5,1,5,2,4,3,3,2,4,1,1,3,4,2,4,3,4,4,1,3,1,8,6,4,,,,,,2,2,3,8,9,2,5,8,8,6,1,1,1,1,5,1,1,,,,,,,,,,1,,,1,,,,,8,4,4,1,2,4,2,3,2,1,2,3,1,2,,4,4,2,2,,,,,1,,,,,,,8,1,,,,,,4,4,3,2,2,4,1,3,1,1956,1,1,Mobile,1,1.528,,1.482,3
297797,31/03/2025,1,1,32,3,2,2,4,1,5,3,3,3,4,4,1,2,3,2,4,3,1,3,1,3,3,6,4,4,,,,,,3,3,1,8,8,6,6,6,6,7,1,1,1,1,4,,1,1,1,,,,,,,,,1,1,,,,,,4,4,3,3,3,3,3,3,3,3,3,3,3,2,,4,4,1,5,,,1,,,,,,,,,8,1,,,,,,4,4,4,4,2,4,1,3,7,,3,1,Mobile,1,0.99,,0.96,3
297798,31/03/2025,1,1,,5,4,2,4,1,5,5,4,5,4,4,1,2,3,2,2,1,98,4,4,3,4,10,5,1,,,,,,1,2,2,0,8,0,0,10,5,4,2,7,94,3,4,1,,,,,,,,,,,,1,1,,,,,,1,3,3,4,4,4,98,1,1,2,2,2,2,2,,4,4,1,3,,,,,,,,1,,,,10,1,,,,,,98,98,98,98,2,5,1,3,4,,2,1,Mobile,1,0.9,,0.873,4
297800,31/03/2025,1,1,,3,2,1,4,1,1,4,3,2,4,4,1,2,3,2,4,3,98,2,1,1,1,10,0,1,,,,,,3,3,3,8,8,0,10,5,7,0,1,6,6,2,3,,,,,,,,,,,1,,,,,,,1,,4,5,3,4,3,4,1,3,2,1,2,3,98,2,,4,3,98,3,,,,1,,1,,1,,,,10,1,,,,,,4,3,3,4,4,1,1,1,4,,4,1,PC,1,1.065,,1.033,1
297801,31/03/2025,1,1,,8,5,2,5,2,5,4,3,3,4,2,2,1,3,2,2,1,3,3,3,3,2,10,10,3,,,,,,3,2,3,10,5,0,0,5,10,5,1,1,1,1,4,1,1,,,1,1,,,,,,1,,,1,,,,,5,4,3,3,3,4,4,2,2,1,1,2,1,2,,4,4,2,3,,,,,,,,1,,,,10,1,,,,,,3,3,2,3,1,6,1,3,1,1970,3,1,Mobile,1,1.385,,1.343,4
297802,31/03/2025,1,1,,8,5,2,3,1,5,5,3,3,98,98,3,4,1,2,2,1,4,3,4,4,4,10,10,5,,,,,,1,1,1,0,0,10,0,10,4,5,1,8,9,5,5,,1,,1,,,,,,,,,,1,,,,,,5,1,4,2,2,4,3,1,1,4,1,2,1,2,,4,4,1,98,1,,,,,,,1,,,,1,,1,1,,,,98,98,98,98,1,6,1,1,4,,4,1,,1,1.322,,1.283,5
297804,31/03/2025,1,1,,4,3,1,4,1,5,5,2,3,1,4,1,4,3,2,1,1,2,3,3,3,3,6,5,3,,,,,,3,3,1,3,3,3,2,7,7,2,1,30,3,4,4,,1,,,,,,,,,,,1,,,,,,,2,2,4,1,1,3,4,1,2,4,3,4,4,1,2,4,4,1,3,1,,1,,,,,,,,,4,1,,,,,,4,4,3,3,2,5,1,3,5,,5,1,Mobile,1,1.126,,1.092,6
297805,31/03/2025,1,1,67,6,5,2,4,1,5,5,4,5,3,4,4,3,1,2,2,3,4,3,4,3,3,10,10,3,,,,,,2,3,2,0,3,10,3,9,5,3,1,7,3,7,4,1,1,,1,,,,,,,,1,1,,,,,,,1,1,3,4,4,4,2,1,1,4,2,3,2,1,5,4,4,1,4,,,1,,,,,1,,,,10,1,,,,,,4,2,2,2,2,4,1,3,5,,1,1,PC,1,1.322,,1.283,4
297806,31/03/2025,1,1,,7,5,1,6,3,5,5,4,4,3,4,3,4,1,2,2,1,3,4,4,4,4,10,10,3,,,,,,2,1,2,0,4,6,3,6,4,4,1,8,2,5,4,,1,1,1,,,,,,,,1,1,1,,,,,,2,1,3,2,1,4,3,1,1,3,3,3,2,1,4,4,3,1,4,,,1,,1,,,,,,,3,,1,1,,,,4,4,2,3,2,6,1,1,6,,3,1,Mobile,1,0.845,,0.82,2
297807,31/03/2025,1,1,34,3,2,2,7,3,2,5,2,5,3,4,4,1,3,2,2,4,3,3,2,2,3,10,5,2,,,,,,4,3,2,4,5,5,6,10,5,5,1,97,6,4,5,1,1,1,1,1,1,,1,1,,,,,1,,,,,,1,98,3,1,2,3,3,1,1,1,3,2,3,1,4,4,3,1,1,,,,,,,,1,,,,0,1,,,,,,3,3,98,3,3,5,1,4,4,,4,1,Mobile,1,0.833,,0.808,2
297808,31/03/2025,1,1,,4,3,1,1,1,1,3,3,2,4,4,1,2,4,2,4,3,3,4,1,1,1,0,0,1,,,,,,4,4,4,7,7,1,9,10,1,0,4,9,5,3,2,,,1,,,,,,,,,,,,,,,1,,1,5,4,3,3,2,1,2,2,1,1,1,1,1,2,4,3,2,1,,,,,,,,1,,,,10,1,,,,,,1,3,2,1,4,1,1,2,4,,3,1,PC,1,1.183,,1.147,7
297809,31/03/2025,1,1,,5,4,2,6,3,4,3,3,98,2,3,2,4,1,2,3,3,3,3,3,98,98,5,4,3,,,,,,2,2,1,7,8,7,5,5,10,5,2,30,30,2,4,1,1,1,1,,,,,,,,1,1,,1,,,,1,8,4,4,2,2,2,98,2,2,2,2,3,3,1,4,4,3,98,4,,,1,1,1,,1,1,,,,3,,1,,,,,4,4,3,4,2,5,1,2,4,,2,1,PC,1,0.604,,0.586,4
297810,31/03/2025,1,1,,5,4,2,7,3,5,98,3,98,4,4,1,2,4,2,4,4,98,98,98,98,98,0,10,98,,,,,,4,98,4,10,98,98,98,98,98,98,98,99,99,98,98,,,,,,,,,,,,,,,,,,,,98,98,98,98,98,98,98,98,98,98,98,98,98,99,,99,99,98,98,,,,,,,,,,,1,5,,,,,,1,98,98,98,98,2,99,99,1,3,9999,99,1,Mobile,1,0.561,,0.544,6
297811,31/03/2025,1,1,,2,1,1,7,3,5,5,4,4,4,4,4,3,1,2,4,3,1,2,3,3,4,8,7,1,,,,,,2,2,2,2,6,5,2,10,10,0,1,30,2,2,3,1,1,,,,1,,1,1,,,1,1,1,,,,,,2,3,3,1,2,2,2,1,2,3,1,3,2,1,1,3,2,1,2,,,,1,1,1,,,,,,8,1,,,,,,3,3,3,3,2,5,1,1,4,,4,1,Mobile,1,0.665,,0.645,3
297813,31/03/2025,1,1,,5,4,2,5,2,4,4,3,3,4,4,1,4,2,2,98,4,3,3,4,3,2,7,5,1,,,,,,3,2,2,7,8,5,5,9,9,4,1,1,1,1,3,,1,,,,,,,,,,,,,1,,,,,6,4,4,2,3,4,3,2,1,1,2,4,3,1,1,4,4,1,3,,,,,,,,1,,,,6,1,,,,,,3,3,3,3,2,4,1,3,5,,3,1,Mobile,1,1.014,,0.984,4
297814,31/03/2025,1,1,,6,5,1,4,1,5,5,3,5,3,4,3,4,1,2,2,1,3,3,3,4,3,10,6,5,,,,,,1,1,2,1,3,8,1,8,4,4,1,8,1,7,5,1,1,,,,,,,1,,,,1,1,,,,,,1,1,3,2,3,4,2,1,1,4,2,4,3,2,,4,4,1,2,,,1,,1,,1,,,,,0,,1,,,,,4,3,2,2,1,5,1,1,4,,4,1,PC,1,1.355,,1.314,4
297815,31/03/2025,1,1,,3,2,2,5,2,3,5,5,3,3,3,3,4,1,2,4,3,4,4,2,2,2,9,9,1,,,,,,2,3,3,10,10,0,5,5,6,0,1,5,5,1,2,,1,,,,,,,,,,,1,,,,,,,5,3,98,4,3,3,98,3,2,2,3,3,2,1,1,4,4,1,3,,,,,1,,,,,,,8,1,,,,,,4,3,3,3,3,4,1,2,6,,4,1,Mobile,1,1.416,,1.373,4
297816,31/03/2025,1,1,55,5,4,2,6,3,5,5,4,2,2,1,3,4,1,2,2,1,2,4,4,1,4,10,10,5,,,,,,1,1,1,0,4,9,3,10,3,5,1,8,9,6,3,1,,,,,,,,,,,1,1,1,,,,,,1,1,3,4,3,4,4,1,1,4,1,3,3,1,2,4,3,1,3,1,,1,,1,,1,,,,,0,,1,1,,,,4,3,3,3,2,6,1,1,6,,4,1,PC,1,0.561,,0.544,5
297817,31/03/2025,1,1,,3,2,2,9,5,5,5,4,5,4,4,3,1,4,2,3,4,2,2,3,4,98,7,7,4,,,,,,2,3,1,0,98,98,0,8,8,5,1,7,2,4,5,1,1,1,,1,,,,,,,,1,1,,,,,,1,2,3,98,2,2,2,1,2,2,2,2,2,2,,4,4,1,98,,,1,,,,,,,,1,7,,1,,,,,3,98,98,2,2,4,1,1,3,1990,2,1,PC,1,0.694,,0.674,3
297818,31/03/2025,1,1,,3,2,2,4,1,4,5,5,5,4,4,4,1,2,2,4,2,1,4,2,4,98,10,5,1,,,,,,3,4,2,9,8,0,10,10,7,4,98,98,98,1,5,1,,,,1,1,,1,1,,,,,,,,,1,1,7,3,4,4,4,2,1,1,1,1,1,2,1,1,5,4,3,1,3,,,,1,,1,,,,,,10,1,,,,,,4,2,4,4,3,2,1,3,3,1992,4,1,PC,1,1.066,,1.034,2
297819,31/03/2025,1,1,,7,5,2,4,1,3,3,3,4,3,4,1,2,3,2,4,4,3,3,1,3,2,9,9,2,,,,,,3,2,2,5,8,0,5,10,10,4,1,4,4,1,4,,1,,1,,,,,,,,1,,,1,,,,,7,4,3,2,3,2,1,3,3,2,2,4,2,1,5,4,2,1,4,,,,,1,,,,,,,10,1,,,,,,3,3,3,3,3,4,1,1,6,,1,1,Mobile,1,1.807,,1.752,3
297820,31/03/2025,1,1,68,6,5,1,3,1,4,5,4,5,4,4,3,4,1,2,2,1,4,4,2,2,3,10,10,5,,,,,,4,3,1,0,5,10,5,5,5,4,1,3,3,6,5,1,,,,,,,,,,,1,1,1,,,,,,1,1,4,4,2,4,4,1,1,3,2,4,4,2,,4,2,1,3,,,1,1,1,,,,,,,5,1,,,,,,4,4,2,3,2,4,1,2,1,1962,3,1,Mobile,1,1.459,,1.415,6
297821,31/03/2025,1,1,,7,5,1,4,1,4,3,3,4,2,1,3,4,1,2,2,1,3,3,3,3,3,10,8,3,,,,,,2,2,2,2,5,8,2,9,8,5,2,3,3,7,4,1,1,1,,,,,1,,,,1,1,,,,,,,3,2,4,2,2,4,4,2,2,4,4,4,4,1,3,4,3,1,2,1,,1,,1,,,,,,,8,1,,,,,,4,4,3,3,3,5,1,2,1,1962,3,1,PC,1,1.459,,1.415,4
297823,31/03/2025,1,1,31,3,2,2,8,4,4,3,2,5,4,3,4,3,1,2,4,3,2,1,2,4,3,6,5,1,,,,,,4,2,3,2,6,8,0,10,1,5,3,98,1,5,2,,1,,,1,,,,,,,,1,,,,,,,98,98,98,2,1,3,1,1,1,98,2,4,98,1,99,4,3,1,98,,,1,,,,,,,,,8,1,,,,,,3,3,3,3,2,5,1,3,4,,4,1,Mobile,1,0.892,,0.865,6
297824,31/03/2025,1,1,,7,5,1,6,3,4,3,3,2,4,4,3,4,1,2,3,2,2,3,3,3,1,8,9,3,,,,,,3,2,2,10,10,0,0,4,3,0,2,1,1,3,2,,1,,,,,,,,,,,,,,,,1,,98,5,3,1,3,2,1,3,2,1,1,3,1,2,,4,4,2,3,,,,1,,,,,,,,5,1,,,,,,4,4,3,98,2,2,1,3,1,1950,5,1,Mobile,1,0.91,,0.883,1
297825,31/03/2025,1,1,,6,5,2,4,1,3,3,3,2,3,98,2,3,4,2,4,1,4,4,1,2,2,5,2,1,,,,,,3,3,4,9,7,5,9,5,9,1,2,1,1,2,2,,1,,,,,,,,,,,,,1,,,,,10,98,98,3,3,3,2,3,3,2,2,4,3,1,5,4,4,1,5,,,1,,,,,,,,,2,1,,,,,,4,4,3,3,3,4,1,3,5,,3,1,Mobile,1,1.807,,1.752,6
297826,31/03/2025,1,1,,1,1,2,6,3,1,4,3,2,4,4,4,1,3,2,3,4,2,3,1,1,2,2,3,3,,,,,,2,1,3,0,3,0,10,1,2,3,2,6,6,98,4,1,,,,,,,,,,,,,,,,,1,,1,4,1,3,1,2,3,1,98,1,2,2,98,2,,4,4,98,3,,,,,1,,,,,,,7,1,,,,,,3,3,2,3,4,4,1,1,4,,1,1,PC,1,0.682,,0.661,3
297827,31/03/2025,1,1,,7,5,1,9,5,5,5,4,3,3,4,4,2,3,2,3,3,2,3,4,4,4,6,9,3,,,,,,1,1,1,3,9,5,1,10,7,2,1,30,10,3,5,1,1,1,,,,,,1,,,1,1,1,,,,,,2,2,3,3,4,3,2,1,1,3,2,3,3,1,5,4,4,1,3,,,,1,1,,,1,1,,,5,,,1,,,,4,4,2,3,2,5,1,1,3,1972,5,1,Mobile,1,0.951,,0.922,6
297828,31/03/2025,1,1,,4,3,2,9,5,5,5,4,3,3,3,3,4,2,2,4,3,4,3,4,4,4,7,9,2,,,,,,3,3,3,1,4,3,1,8,8,4,98,98,3,3,1,,,,,,,,,,,,,,,,,,,,1,1,2,4,98,98,1,1,2,3,2,3,4,1,5,4,3,1,98,,,1,1,,,,,,,,5,1,,,,,,4,1,2,3,1,6,1,4,5,,1,1,PC,1,0.771,,0.748,2
297829,31/03/2025,1,1,37,3,2,1,8,4,4,5,4,3,4,4,1,2,3,2,4,3,2,3,2,2,1,4,4,2,,,,,,2,1,1,10,9,5,9,9,9,8,1,1,1,2,5,1,1,1,,1,,,,1,,,,,,1,,,,,8,5,4,1,1,3,1,4,3,2,4,4,3,2,,4,2,1,3,,,,1,1,,,1,,,,10,1,,,,,,4,4,3,3,3,5,1,1,6,,3,1,PC,1,0.914,,0.886,3
297830,31/03/2025,1,1,,5,4,1,4,1,4,3,3,1,3,3,1,2,3,2,4,2,2,4,1,3,3,5,6,1,,,,,,3,2,2,10,5,5,5,5,5,98,1,1,1,1,3,1,,,,,,,,,,,,,,1,,,,,6,5,4,4,2,2,3,3,2,2,4,4,3,2,,4,1,1,4,,,1,,,,,,,,,7,1,,,,,,3,3,98,98,2,2,1,2,4,,1,1,Mobile,1,0.993,,0.963,9
297831,31/03/2025,1,1,25,2,1,1,2,1,1,3,1,3,4,4,2,1,4,2,4,4,2,2,1,1,1,0,0,1,,,,,,2,3,2,0,0,0,10,0,3,0,4,94,94,98,4,1,,1,,,,,,,,,,,,,,,1,,1,5,1,3,3,2,98,1,1,1,1,1,1,2,,4,4,2,1,,,,1,,1,,1,,,,4,1,,,,,,98,3,1,98,4,1,1,1,4,,4,1,PC,1,1.119,,1.086,7
297832,31/03/2025,1,1,61,6,5,2,4,1,5,5,4,5,3,4,3,4,1,2,2,1,98,4,4,3,3,10,7,5,,,,,,3,1,3,0,5,5,0,10,10,5,1,2,3,4,4,,1,,,,,,,,,,1,1,,,,,,,9,2,3,3,3,4,4,1,98,98,98,4,3,2,,4,4,1,98,1,,1,,,,,,,,,5,1,,,,,,3,2,3,98,2,5,1,3,1,1964,3,1,Mobile,1,1.322,,1.283,4
297833,31/03/2025,1,1,,5,4,2,5,2,5,4,3,2,3,4,4,3,1,2,2,3,3,3,3,4,2,10,7,1,,,,,,2,2,2,5,8,4,6,10,8,6,1,98,94,3,5,1,1,1,,1,1,,1,1,,,,1,1,,,,,,6,3,3,2,2,3,1,2,2,2,3,3,3,1,2,4,3,1,4,,,1,,1,,,1,,,,8,1,,,,,,4,3,3,3,1,6,1,3,4,,5,1,Mobile,1,0.942,,0.914,1
297834,31/03/2025,1,1,26,2,1,2,6,3,1,4,2,3,4,4,1,2,4,2,4,3,98,4,1,1,98,9,0,1,,,,,,4,98,2,5,9,1,10,8,10,0,4,97,6,1,2,1,,,,,,,,,,,,,,,,,1,,1,1,1,3,98,2,2,2,1,1,1,2,2,2,,4,4,1,3,,,,1,,1,,,,,,10,1,,,,,,3,3,4,4,4,4,1,1,4,,1,1,PC,1,0.682,,0.661,7
297835,31/03/2025,1,1,,7,5,1,2,1,3,4,5,4,98,3,3,1,2,2,3,1,3,3,2,2,2,5,6,3,,,,,,2,3,2,5,2,1,4,6,8,1,2,1,1,1,4,,1,,,,,,,,,,,,1,,,,,,4,3,3,2,2,3,2,3,2,2,2,3,2,2,,4,4,1,4,,,,,1,,,,,,,5,,1,,,,,3,3,98,3,2,4,1,3,5,,2,1,PC,1,1.851,,1.796,4
297836,31/03/2025,1,1,25,2,1,2,5,2,3,4,5,4,4,4,2,1,3,2,4,2,3,4,3,4,2,8,5,2,,,,,,98,1,3,3,9,3,2,9,9,1,3,97,1,2,5,1,,,,1,1,1,,,,,,,,,,,1,,8,4,3,3,3,2,2,2,2,1,2,3,1,1,1,4,3,1,3,,,,1,1,1,,1,,,,9,1,,,,,,4,3,4,98,2,3,1,4,4,,3,1,Mobile,1,1.488,,1.443,7
297837,31/03/2025,1,1,,6,5,1,6,3,1,2,1,2,4,3,1,2,3,2,4,4,3,4,1,1,1,1,1,1,,,,,,4,1,2,10,10,8,8,10,10,5,1,9,4,1,4,,1,,,,,,,,,,,1,,,,,,1,8,5,4,1,2,1,3,4,4,2,3,4,1,1,1,4,2,1,5,,,,1,,,,,,,,9,,,,,1,,4,4,3,4,4,1,1,2,5,,2,1,Mobile,1,0.888,,0.861,6
297839,01/04/2025,1,1,22,1,1,1,3,1,4,5,3,3,4,4,2,1,3,2,4,4,98,4,2,3,1,5,0,1,,,,,,2,4,3,5,10,0,10,10,10,0,4,94,4,1,1,,,,,,,,,,,,,,,,,,,,5,5,98,2,3,2,1,2,1,1,2,3,1,2,,4,1,1,3,,,,,,,,1,,,,10,1,,,,,,2,1,3,2,3,6,1,2,5,,1,1,Mobile,1,1.147,,1.113,6
297840,01/04/2025,1,1,25,2,1,1,5,2,4,5,4,4,4,4,3,1,4,2,3,3,3,3,2,3,4,10,5,3,,,,,,2,2,2,6,6,4,4,8,6,5,2,7,3,3,4,,1,1,,1,1,,,1,,,,,1,,,,,,4,2,3,1,2,4,2,2,2,3,3,4,4,1,0,4,3,1,3,,,,,1,,,1,,,,7,1,,,,,,4,3,3,3,2,4,1,3,4,,2,1,Mobile,1,1.202,,1.166,6
297841,01/04/2025,1,1,,3,2,2,5,2,2,4,3,5,4,4,4,3,2,2,4,3,2,2,4,4,3,7,10,98,,,,,,3,4,3,5,5,5,4,5,5,5,4,94,94,4,3,1,1,1,,1,,,,1,,,,1,1,,,,,,1,98,2,3,1,3,3,1,1,1,1,2,1,2,,4,3,1,3,,,1,1,,,,,,,,6,1,,,,,,3,3,3,3,1,2,5,3,7,,3,1,Mobile,1,1.398,,1.356,5
297842,01/04/2025,1,1,,6,5,2,9,5,3,3,3,4,4,3,4,3,1,2,4,4,3,3,2,3,3,1,2,1,,,,,,2,3,1,5,10,1,1,8,9,7,4,94,4,1,4,1,1,,,,,,,,,,1,1,,,,,,,2,2,3,2,4,2,2,2,2,2,2,4,2,1,5,4,3,1,2,,,1,,1,,,1,,,,8,,1,,,,,4,4,1,4,2,3,1,1,4,,3,1,Mobile,1,1.268,,1.23,4
297843,01/04/2025,1,1,,2,1,2,6,3,1,98,3,4,4,4,1,2,3,2,4,4,98,3,1,1,1,7,0,1,,,,,,4,1,3,6,8,0,10,1,5,0,2,6,6,2,2,1,,,,,,,,,,,,,,1,,,,,4,98,98,1,3,3,3,1,1,1,1,1,1,1,5,4,4,98,3,,,1,,1,,,,,,,10,1,,,,,,4,4,2,2,4,4,1,1,4,,1,1,PC,1,0.682,,0.661,7
297844,01/04/2025,1,1,,7,5,2,4,1,4,4,4,3,3,3,1,4,3,2,3,4,3,1,3,3,98,8,6,2,,,,,,2,2,2,3,6,4,7,6,6,4,2,98,3,4,4,,1,,,,,,,,,,1,1,,,,,,,3,2,3,4,2,3,2,2,2,2,2,2,3,2,,4,4,1,4,,,1,,,,,,,,,7,1,,,,,,4,3,3,3,2,5,1,3,5,,2,1,Mobile,1,1.424,,1.381,5
297845,01/04/2025,1,1,,6,5,2,6,3,5,5,3,4,4,4,4,3,2,2,4,1,4,4,4,4,3,10,5,1,,,,,,1,1,1,1,6,98,3,8,8,1,1,2,3,4,5,1,1,,,,,,,,,,,1,,,,,,,3,1,1,4,4,4,1,1,1,3,1,3,3,1,5,4,3,1,2,,,1,,,,,,,,,9,,1,1,,,,3,3,3,3,2,6,1,1,6,,3,1,Mobile,1,0.825,,0.8,4
297846,01/04/2025,1,1,36,3,2,2,8,4,5,5,3,5,3,3,3,4,1,2,2,1,2,2,4,4,4,10,8,5,,,,,,3,1,2,0,5,10,2,10,5,5,1,8,8,6,5,1,1,1,,,,,,,,,,1,,,,,,,1,1,3,2,3,4,4,1,1,3,1,2,2,1,5,4,2,1,1,1,,1,,1,,,,,,,0,,1,1,,,,4,4,3,3,1,6,1,1,4,,3,1,Mobile,1,0.828,,0.804,1
297847,01/04/2025,1,1,29,2,1,2,4,1,5,5,4,3,4,4,1,4,3,2,4,1,3,4,4,4,4,10,5,1,,,,,,4,2,3,5,5,5,1,7,5,0,1,7,7,2,2,1,,,,1,1,,,,,,,1,1,,,,,,1,3,3,1,3,4,2,2,2,3,3,4,3,1,2,4,2,1,2,,,,1,1,,,,,,,6,1,,,,,,3,3,3,3,1,6,1,3,4,,2,1,Mobile,1,1.04,,1.009,3
297848,01/04/2025,1,1,,4,3,1,9,5,4,4,3,4,3,,,,,2,98,1,3,2,98,3,4,7,3,5,2,98,3,98,4,2,2,3,98,98,98,98,98,98,98,1,12,12,98,4,,1,,,,,,,,,,,1,,,,,,,98,2,3,2,2,3,98,1,98,3,2,98,4,1,1,4,3,1,2,,,,,,,,,,,1,1,1,,,,,,98,3,3,98,2,2,2,,,,2,2,PC,1,,0.037,0.043,8
297849,01/04/2025,1,1,56,5,4,2,9,5,5,5,3,5,2,1,3,4,1,2,1,1,3,3,3,4,3,10,8,5,,,,,,1,1,1,0,10,10,10,10,10,10,1,99,99,4,5,1,,,,1,,,1,,,,1,1,1,,,,,,1,1,4,1,2,4,2,1,1,4,2,2,1,1,3,4,3,1,1,,,1,,1,,1,,,,,0,,1,,,,,4,4,4,4,1,6,1,1,6,,99,1,PC,1,0.631,,0.612,3
297851,01/04/2025,1,1,50,5,4,1,4,1,4,5,4,2,2,,,,,0,2,1,4,3,3,4,2,5,10,5,4,98,2,1,4,4,4,3,7,5,5,8,8,5,8,1,30,1,1,1,,,,,,,,,,,,,,,,,,,,9,2,3,3,3,4,1,1,2,4,4,4,4,1,5,2,4,1,4,1,1,,,,,1,,,,,0,1,,,,,,98,98,98,98,2,5,2,,,,5,2,,2,,0.373,0.425,8
297852,01/04/2025,1,1,55,5,4,1,9,5,4,4,4,5,4,,,,,0,1,1,3,4,3,4,3,10,4,5,4,3,98,1,4,1,1,4,0,0,5,5,5,0,5,1,8,11,4,4,1,1,,,,,,,,,,,1,1,,1,,,,8,1,4,1,1,4,4,1,2,3,1,1,3,1,5,4,3,1,2,1,,1,,,,1,,,,,0,1,,,,,,3,4,4,4,3,4,2,,,,4,2,,2,,0.029,0.033,8
297853,01/04/2025,1,1,,6,5,2,8,4,5,5,4,5,2,2,3,4,1,2,1,1,3,4,4,4,4,10,10,5,,,,,,2,1,1,0,5,10,1,10,5,5,1,8,2,7,5,,1,1,1,,,,,,,,1,,,,,,,,3,1,4,1,1,4,4,1,2,4,98,4,4,1,5,4,2,1,3,1,,1,,,,1,,,,,2,,1,,,,,3,3,98,3,2,5,1,4,7,,99,1,Mobile,1,1.107,,1.074,4
297854,01/04/2025,1,1,47,4,3,2,3,1,4,5,5,4,4,,,,,0,1,4,4,4,3,1,4,10,10,1,3,3,1,4,4,3,4,3,0,0,0,0,5,0,10,4,94,94,4,1,,,,,,,,,,,,,,,,,,,,1,3,2,4,3,4,4,2,2,2,1,1,1,1,5,4,4,1,1,1,,,,1,,1,,,,,0,1,,,,,,3,3,3,1,2,6,2,,,,4,2,,2,,1.384,1.577,8
297857,01/04/2025,1,1,19,1,1,2,5,2,5,4,2,5,2,,,,,0,98,2,98,3,3,2,3,9,4,5,2,3,98,98,3,3,2,2,5,4,4,5,5,5,5,1,97,95,4,2,1,,,,,1,,,,,,,,,,,,1,,5,3,3,98,3,4,4,3,2,3,3,3,2,99,,99,4,1,4,,,1,1,1,,1,1,,,,0,1,,,,,,3,3,3,3,2,4,5,,,,5,2,,2,,5.027,5.73,8
297858,01/04/2025,1,1,,2,1,2,4,1,4,5,5,4,4,4,1,3,2,2,4,3,4,4,2,4,1,10,5,1,,,,,,3,2,2,5,7,1,8,8,8,0,1,10,4,2,2,,1,1,,1,1,1,1,,,,,,1,,,,,,3,4,4,4,2,4,1,2,2,2,3,3,3,1,2,4,4,1,3,,,1,1,1,1,,,,,,5,1,,,,,,4,3,4,3,2,6,1,3,5,,5,1,Mobile,1,1.12,,1.086,6
297859,01/04/2025,1,1,,7,5,2,8,4,5,5,3,5,2,1,4,3,1,2,1,1,4,3,4,4,4,10,10,5,,,,,,1,1,1,0,2,9,0,9,3,8,1,8,9,7,5,1,1,,1,1,,,,,,,1,,,,,,,,5,1,4,4,1,4,4,1,1,3,2,2,2,2,,4,4,1,1,,,1,,,,,,,,,0,,1,1,1,,,3,3,2,2,1,6,1,1,6,,99,1,Mobile,1,1.107,,1.074,1
297861,01/04/2025,1,1,41,4,3,1,8,4,3,5,3,5,1,,,,,0,1,1,1,4,3,98,4,10,10,5,4,4,1,3,4,2,2,1,0,0,10,5,10,0,5,1,8,9,7,5,1,1,,,1,,,1,,,,,,1,,,,,,1,1,4,1,3,4,4,1,2,3,2,2,2,1,2,4,3,1,3,1,,1,,1,,1,,,,,0,,1,1,1,,,3,3,3,3,3,2,2,,,,1,2,,2,,0.123,0.14,8
297862,01/04/2025,1,1,40,4,3,1,6,3,3,5,3,3,4,,,,,0,1,1,98,4,4,1,4,10,10,5,3,3,2,2,98,4,4,3,0,0,0,0,5,5,5,4,94,94,4,5,1,,1,,1,1,1,1,1,,,,,,,,,,1,1,1,2,2,3,4,4,1,1,2,1,3,1,2,,4,4,1,4,1,1,1,1,1,,1,,,,,0,1,,,,,,3,3,3,3,2,4,5,,,,1,2,,2,,0.28,0.319,8
297865,01/04/2025,1,1,51,5,4,2,4,1,3,3,3,5,4,,,,,0,4,1,2,4,3,1,3,0,10,5,1,1,4,4,4,3,1,1,7,10,0,0,2,3,5,1,1,3,1,2,,1,,,1,1,1,,,,,,1,,,,,,,7,98,3,3,3,4,1,2,2,2,3,4,98,1,1,4,4,1,3,,,,,,,,,,,1,0,1,,,,,,4,4,1,2,4,3,5,,,,4,2,,2,,2.318,2.643,8
297867,01/04/2025,1,1,35,3,2,2,8,4,4,5,3,5,4,,,,,0,4,3,1,4,3,4,3,10,4,3,4,1,1,98,4,3,1,4,4,98,98,0,10,0,8,1,7,1,7,1,,,,,,,,,,,,,,,,,,,,5,98,4,4,4,3,1,1,1,2,4,2,2,2,,4,4,1,3,,,,1,1,,,,,,,5,1,,,,,,3,3,1,3,3,6,5,,,,3,2,,2,,0.319,0.364,8
297870,01/04/2025,1,1,40,4,3,2,5,2,4,4,2,5,3,4,3,1,4,2,3,3,3,3,3,3,3,8,6,1,,,,,,2,2,2,9,9,8,7,8,6,6,1,1,1,2,4,1,1,1,,1,,,1,,,,,1,1,,,,,,7,3,4,98,1,2,3,98,98,98,3,4,98,1,1,4,3,1,4,,,1,,1,,,1,,,,6,1,,,,,,4,4,3,3,3,4,1,3,4,,5,1,Mobile,1,1.239,,1.202,5
297871,01/04/2025,1,1,27,2,1,1,7,3,2,4,4,2,3,4,4,3,1,2,4,4,3,2,2,2,1,4,3,5,,,,,,4,1,3,6,8,4,3,8,9,3,1,97,10,5,3,1,,,,,,,,,,,,1,,1,,,,1,5,3,4,3,3,3,3,2,2,2,2,3,98,1,2,2,4,1,4,,,,,1,1,1,1,1,,,4,1,,,,,,3,2,2,2,3,2,1,1,2,2004,1,1,Mobile,1,0.897,,0.87,6
297872,01/04/2025,1,1,80,8,5,1,4,1,5,5,4,5,4,3,1,3,4,2,1,1,98,1,4,3,1,5,9,3,,,,,,3,1,1,0,4,5,2,10,5,6,1,2,2,5,5,1,1,1,,1,,,,,,,,1,1,,,,,,3,1,4,4,3,4,3,1,2,3,2,4,1,2,,4,4,1,4,,,1,,,,,1,,,,5,,1,1,,,,4,3,2,2,2,3,1,1,2,1950,4,1,PC,1,1.355,,1.314,4
297873,01/04/2025,1,1,55,5,4,2,8,4,5,4,3,3,2,98,3,4,1,2,2,1,98,3,3,4,3,10,10,5,,,,,,3,2,1,1,3,7,3,10,6,5,1,8,8,5,5,1,1,1,1,,,,,,,,1,1,1,,,,,,1,1,4,2,98,4,3,1,2,3,2,3,3,1,5,4,3,1,1,1,,1,,,,1,,,,,1,,1,1,,,,3,3,98,98,2,6,1,1,4,,4,1,Mobile,1,0.753,,0.73,3
297874,01/04/2025,1,1,,5,4,1,4,1,4,5,5,2,4,3,3,1,4,2,4,2,3,3,2,3,3,9,5,5,,,,,,3,2,1,4,9,7,7,10,10,7,1,7,3,4,4,,1,,,,,,,,,,,1,,,,,,,5,2,4,1,1,4,2,1,2,3,3,4,4,1,5,4,3,1,3,,,1,,,,,1,,,,7,,1,1,,,,4,3,3,3,2,5,1,3,5,,5,1,Mobile,1,0.993,,0.963,1
297875,01/04/2025,1,1,,5,4,1,9,5,2,4,5,5,3,,,,,2,1,1,3,2,4,2,3,10,1,5,3,2,2,3,2,3,2,2,0,0,7,4,5,0,6,4,94,94,7,4,1,,,,,,,,,,,,,,,1,,,,1,1,4,3,3,4,4,1,2,3,1,1,1,1,2,4,4,1,1,,1,,,,,,,,,,0,1,,,,,,3,3,2,2,4,1,2,,,,2,2,Mobile,1,,0.063,0.071,8
297877,01/04/2025,1,1,,6,5,2,4,1,4,3,2,3,4,2,2,1,3,2,3,1,3,2,3,4,3,4,10,1,,,,,,4,3,4,5,5,5,4,5,5,8,1,98,98,98,3,,1,,,,,,,,,,,1,,,,,,,10,3,98,98,98,98,98,98,98,98,98,3,3,1,3,4,4,98,3,,,1,,,,,1,,,,5,1,,,,,,98,98,98,98,2,4,1,3,5,,3,1,Mobile,1,1.424,,1.381,4
297878,01/04/2025,1,1,,2,1,1,8,4,5,5,3,5,3,4,3,4,2,2,4,4,1,2,4,4,3,9,7,2,,,,,,2,3,1,5,5,5,6,6,7,5,2,96,2,2,4,,,,,,,,,1,,,,,,,,,1,,1,2,2,2,2,2,1,1,1,2,1,3,2,1,5,4,3,1,2,,,,1,1,,,1,1,,,2,,1,,,,,4,3,2,3,2,6,1,1,7,,1,1,PC,1,0.892,,0.865,1
297879,02/04/2025,1,1,,2,1,2,8,4,2,5,1,2,4,4,1,3,2,2,4,3,2,2,2,3,2,7,7,3,,,,,,4,2,2,4,7,2,1,8,9,1,1,97,3,2,5,,1,1,,1,1,,,1,,,,1,1,,,,,,4,98,3,2,3,2,2,2,2,2,3,3,2,1,5,3,3,1,4,,,1,1,,1,,1,1,,,9,1,,,,,,3,4,3,3,3,3,1,1,4,,5,1,Mobile,1,1.174,,1.139,1
297880,02/04/2025,1,1,,6,5,1,4,1,3,5,3,4,3,3,3,1,4,2,2,1,3,3,1,2,4,10,8,2,,,,,,2,3,2,2,7,2,6,5,7,4,1,3,2,3,4,1,1,1,,1,1,,,,,,,,,,,,1,1,2,1,4,2,3,3,3,1,1,3,2,3,2,1,0,4,1,1,2,,,1,,,,,,,,,10,,1,,,,,4,4,2,3,2,4,1,2,5,,2,1,Mobile,1,1.851,,1.796,6
297881,02/04/2025,1,1,24,2,1,2,5,2,5,5,3,5,3,4,4,3,1,2,3,2,3,3,4,3,3,10,10,3,,,,,,4,3,2,0,6,5,3,10,6,6,1,98,8,5,2,1,,,,,,,,,,,1,1,,,,,,,1,2,2,98,98,3,2,1,1,2,2,3,1,1,2,3,3,1,2,,,1,1,1,,,1,,,,7,1,,,,,,3,3,2,3,2,6,1,2,4,,1,1,Mobile,1,1.089,,1.057,7
297883,02/04/2025,1,1,29,2,1,2,5,2,5,4,3,5,3,3,3,4,1,2,2,1,4,2,4,4,3,8,8,3,,,,,,3,2,3,1,7,7,3,9,8,6,1,97,94,4,2,1,1,,,,1,,,,,,1,1,1,,,,,,2,2,98,2,2,4,3,2,1,2,1,3,2,1,2,4,3,1,1,,,,,1,,,,,,,7,,1,1,,,,2,2,2,2,2,6,1,3,4,,4,1,Mobile,1,1.089,,1.057,4
297884,02/04/2025,1,1,,4,3,1,4,1,2,3,3,2,4,4,1,2,4,2,4,3,3,3,1,1,1,0,2,2,,,,,,3,3,2,4,5,4,5,5,5,3,1,97,2,3,4,,,1,1,,,,,,,,,,,1,,,,,6,5,4,2,1,3,1,2,3,1,4,2,1,1,1,4,2,2,1,,,,,,,,1,,,,10,,1,,,,,4,4,4,4,3,2,1,1,4,,3,1,PC,1,1.519,,1.473,1
297886,02/04/2025,1,1,27,2,1,1,2,1,1,5,3,5,4,4,1,3,2,2,4,3,3,4,1,1,1,7,0,1,,,,,,2,4,2,5,5,5,10,5,5,0,3,9,98,2,4,,,,,,,,1,,,,1,1,,1,,,,,1,5,2,4,2,4,1,1,1,1,2,4,2,2,,4,4,1,2,,,,,,,,1,,,,10,1,,,,,,4,2,98,3,4,2,1,2,4,,2,1,Mobile,1,1.119,,1.086,2
297889,02/04/2025,1,1,,6,5,2,9,5,1,4,3,98,4,4,4,3,2,2,4,3,2,3,1,1,1,5,1,1,,,,,,1,1,1,10,10,5,10,10,10,0,1,1,1,1,5,,1,,,,,,1,,,,,,,1,,,,,5,5,2,1,1,2,1,4,3,1,3,4,1,1,2,4,3,2,4,,,,1,,1,,1,,,,6,1,,,,,,4,4,4,4,4,3,1,1,4,,2,1,Mobile,1,0.975,,0.945,3
297890,02/04/2025,1,1,,5,4,1,8,4,5,4,4,2,2,4,1,3,4,2,2,1,2,3,4,4,3,10,8,5,,,,,,1,1,2,2,5,8,2,9,5,5,1,3,2,6,4,,1,,,,,,,,,,,1,,,,,,,5,1,4,1,1,4,3,1,3,4,3,4,4,1,5,4,3,1,4,,,1,,1,,1,1,,,,6,1,,,,,,4,4,4,4,2,5,1,3,4,,4,1,Mobile,1,0.772,,0.748,2
297892,02/04/2025,1,1,,6,5,2,5,2,5,5,4,5,3,4,3,4,1,2,3,1,4,3,3,4,3,6,8,3,,,,,,1,2,2,0,5,0,0,10,5,2,1,8,3,6,5,1,1,,,,,,,1,,,,1,,,,,,,1,1,3,3,2,3,2,1,1,3,1,3,2,1,1,4,3,1,3,,,1,,,,,,,,,5,1,,,,,,3,98,98,98,2,5,1,1,6,,3,1,Mobile,1,1.385,,1.343,7
297894,02/04/2025,1,1,30,3,2,1,8,4,5,4,2,4,2,2,3,1,4,2,2,1,3,3,4,4,4,6,5,5,,,,,,2,2,2,1,4,6,4,8,8,5,1,97,3,5,4,1,1,,,,,,,1,,,1,1,,,,,,,3,2,3,2,2,3,98,1,2,98,2,98,2,1,5,4,3,1,2,,,,,,,,,,,1,4,,1,,,,,3,3,2,98,1,5,1,1,6,,2,1,Mobile,1,0.849,,0.823,5
297896,02/04/2025,1,1,,7,5,1,8,4,5,4,3,2,4,4,3,1,4,2,3,1,2,2,2,3,3,10,5,3,,,,,,3,3,2,2,6,4,3,6,4,4,1,2,3,3,5,1,1,1,,,,,,,,,,1,1,,,,,,3,2,4,2,3,3,3,2,1,3,2,3,98,2,,4,3,1,2,,,1,,1,,,1,,,,5,,,1,,,,4,3,2,2,2,5,1,1,6,,4,1,Mobile,1,1.134,,1.1,5
297901,02/04/2025,1,1,36,3,2,2,9,5,5,4,3,4,4,4,1,3,4,2,4,3,3,3,3,4,2,7,5,3,,,,,,1,1,3,6,8,5,5,6,10,5,1,97,2,2,2,,,,,1,1,,,,,,,1,,1,,,,,3,3,3,4,98,2,3,2,2,2,3,3,2,1,5,4,2,1,4,,,,1,1,,,1,1,,,7,1,,,,,,4,3,4,3,2,5,1,2,5,,4,1,Mobile,1,0.694,,0.674,4
297902,02/04/2025,1,1,,3,2,2,8,4,5,4,1,5,3,3,3,1,2,2,2,1,4,3,2,4,3,10,10,3,,,,,,2,3,2,0,6,5,4,10,6,4,4,98,94,3,2,,1,1,,1,,,,1,,,,1,,,,,,,2,1,1,2,1,4,4,1,1,2,2,2,1,2,,4,4,1,2,1,,,,,,,,,,,4,1,,,,,,3,2,2,2,2,6,1,1,6,,5,1,Mobile,1,0.828,,0.804,2
297903,02/04/2025,1,1,,4,3,2,5,2,5,5,4,5,3,4,3,1,4,2,3,1,3,3,3,4,3,8,8,3,,,,,,4,2,2,5,8,2,2,9,7,3,1,97,1,2,4,1,1,,,,,,1,1,,,,1,1,1,,,,,3,3,3,2,2,4,3,1,2,3,2,4,3,2,,4,4,1,2,,,1,,,,,,,,,2,1,,,,,,3,3,3,2,2,5,1,2,5,,4,1,Mobile,1,1.151,,1.117,4
297906,02/04/2025,1,1,,7,5,2,7,3,5,3,2,5,4,3,2,1,3,2,4,3,3,3,3,3,1,10,10,1,,,,,,3,3,3,10,10,5,4,7,10,0,1,1,1,1,4,,1,,,,,,,,,,,,,1,,,,,10,5,3,2,3,2,2,3,3,1,4,4,1,1,3,4,4,1,3,,,,1,,,,,,,,5,1,,,,,,4,4,3,3,2,4,1,1,6,,2,1,Mobile,1,0.825,,0.8,4
297908,02/04/2025,1,1,25,2,1,1,5,2,3,4,3,3,4,4,3,2,4,2,3,3,4,3,3,4,4,7,10,4,,,,,,98,1,4,7,8,10,8,2,1,9,4,9,6,6,5,,,,,,1,1,,,,,,,,1,,,,,2,3,98,98,98,98,98,1,3,2,1,3,3,2,,3,3,2,3,,,1,,,,,,,,,2,,,1,,,,2,4,2,3,4,4,1,3,2,1999,2,1,Mobile,1,1.525,,1.479,2
297910,02/04/2025,1,1,,4,3,1,9,5,5,5,4,5,2,,,,,2,98,2,3,4,2,3,4,7,8,5,4,4,2,2,4,3,2,2,5,1,9,2,9,1,10,1,12,12,7,3,,,,,,,1,,,,,,1,,,,,,,5,2,3,2,2,4,4,2,3,4,1,2,4,2,,4,4,1,2,1,,,,,,,,,,,6,1,,,,,,3,3,3,3,2,2,2,,,,3,2,Mobile,1,,0.21,0.24,8
297932,02/04/2025,1,1,55,5,4,1,8,4,3,5,3,4,4,,,,,0,4,3,4,1,4,4,4,10,10,5,4,3,1,1,4,4,1,2,5,0,5,10,10,0,7,1,3,3,1,5,1,1,1,1,1,1,1,1,1,1,,1,1,1,1,,,,,7,1,4,1,1,4,4,2,2,4,4,4,4,1,1,1,2,1,3,,,,1,1,,1,,,,,10,1,,,,,,4,3,4,4,2,6,2,,,,4,2,,2,,0.095,0.108,8
297942,02/04/2025,1,1,76,7,5,2,2,1,1,3,3,5,98,,,,,0,1,1,4,4,4,1,1,10,3,98,4,98,4,1,4,1,3,4,5,5,5,5,5,5,5,1,30,94,1,5,,1,,,,,,,,,,,,,,1,,,,1,98,4,1,1,4,4,1,2,3,98,1,1,2,,4,99,2,1,1,,1,,,,1,,,,,0,1,,,,,,3,1,3,3,4,2,2,,,,1,2,,2,,1.65,1.88,8
297957,02/04/2025,1,1,,2,1,2,5,2,3,5,2,5,4,4,1,2,3,2,4,3,98,3,1,1,98,10,5,2,,,,,,3,1,2,98,98,98,9,8,10,0,1,99,99,98,2,,,,,,1,,,,,,,,,,,,,1,1,98,98,98,98,98,98,1,1,1,2,4,1,1,2,99,3,1,1,,,,,,,,,,,1,7,,,,,,1,98,98,98,98,3,1,1,2,4,,1,1,Mobile,1,1.488,,1.443,2
297960,02/04/2025,1,1,39,3,2,2,7,3,4,5,3,5,4,,,,,2,4,2,3,4,4,4,4,10,10,5,4,4,4,1,2,3,1,3,1,1,1,1,4,1,5,1,97,11,98,4,1,,1,,,,,,,,,,,,,,,1,,2,1,2,1,1,4,4,1,2,2,1,2,1,1,5,4,4,1,1,,1,,,,,,,,,,1,1,,,,,,2,2,2,2,3,5,2,,,,1,2,Mobile,1,,0.728,0.83,8
297962,02/04/2025,1,1,,7,5,2,8,4,5,5,3,5,3,2,3,4,1,2,1,1,3,2,4,4,4,10,10,98,,,,,,1,2,2,0,1,7,0,10,3,5,1,99,99,5,4,1,,1,,,,,,,,,,,,,,,,1,2,2,2,2,4,4,98,1,1,3,1,2,2,1,5,4,2,1,2,1,,1,,,,1,,,,,6,,1,1,,,,3,3,2,2,1,6,1,1,6,,99,1,Mobile,1,1.107,,1.074,4
297963,02/04/2025,1,1,,5,4,1,7,3,5,5,5,5,4,4,3,4,1,2,1,1,3,4,4,4,4,10,10,5,,,,,,4,4,1,0,2,8,1,10,6,5,1,2,2,5,3,,,,1,,,,,,,,,,,,,,1,,2,1,4,1,1,4,4,1,1,3,2,4,3,1,5,4,4,1,2,1,,,,,,,,,,,0,1,,,,,,4,2,2,2,2,5,1,1,2,1975,4,1,Mobile,1,0.575,,0.558,4
297964,02/04/2025,1,1,,5,4,1,6,3,4,3,2,2,4,4,2,1,3,2,4,3,2,3,2,2,1,3,1,1,,,,,,3,2,2,9,9,4,5,5,9,3,1,1,1,1,4,1,1,,,1,,,,1,,,,,,1,,,,,9,5,3,3,3,98,2,3,1,1,2,2,1,1,2,3,3,2,4,,,,1,1,1,,,1,,,8,1,,,,,,3,4,3,4,2,5,1,1,4,,3,1,Mobile,1,0.619,,0.601,2
297966,02/04/2025,1,1,41,4,3,1,8,4,5,4,3,2,3,3,1,4,3,2,2,1,3,4,3,3,3,10,10,1,,,,,,3,1,2,1,5,5,5,5,5,5,1,7,3,3,3,1,1,,,,,,,1,,,1,1,,,,,,,3,2,4,1,1,2,2,1,2,3,2,3,1,2,,4,4,1,2,,,1,,1,,1,1,,,,10,1,,,,,,4,4,3,4,2,6,1,1,6,,3,1,Mobile,1,0.943,,0.914,6
297969,02/04/2025,1,1,65,6,5,2,8,4,3,5,4,5,1,,,,,0,1,4,3,4,3,98,4,10,3,5,3,3,3,98,2,1,1,1,0,0,10,0,98,0,5,1,11,94,7,4,1,1,,,,,,,,,,,,1,,,1,,,1,1,4,4,98,4,1,1,1,1,1,1,2,1,5,4,4,98,1,,,,,,,1,,,1,,0,1,,,,,,1,1,1,1,4,5,2,,,,1,2,,2,,0.267,0.304,8
297970,02/04/2025,1,1,,5,4,2,6,3,5,5,4,5,4,4,3,1,4,2,1,1,3,4,4,4,4,10,10,5,,,,,,1,1,1,0,5,5,0,10,5,5,1,2,2,5,5,1,,,,,,,,,,,,,1,,,,,,1,1,2,1,1,4,2,1,1,4,1,3,4,1,5,4,4,1,3,,,1,,,,,,,,,1,,1,,,,,3,2,1,3,2,5,1,2,4,,4,1,Mobile,1,0.561,,0.544,3
297971,02/04/2025,1,1,,6,5,1,3,1,2,4,4,1,4,4,2,3,1,2,4,3,2,4,1,1,1,10,0,1,,,,,,1,3,2,10,10,0,10,6,10,0,1,8,9,7,5,,,,,,,1,,,,,,1,,,,,,,10,1,4,4,2,98,2,4,4,1,4,4,1,1,1,4,4,2,5,,,,,,1,,1,,,,10,1,,,,,,4,4,4,4,2,5,1,1,6,,3,1,Mobile,1,1.827,,1.772,4
297973,02/04/2025,1,1,47,4,3,1,8,4,5,4,4,2,4,,,,,0,1,2,2,4,4,4,4,10,10,5,4,3,3,1,3,4,4,1,2,0,5,0,7,0,7,1,11,11,7,5,1,1,1,1,1,1,1,,,1,,1,1,1,1,,1,,,1,1,4,1,1,4,4,1,1,3,1,1,2,2,,4,3,1,1,,1,,,,,1,,,1,,0,1,,,,,,4,4,4,4,1,4,5,,,,2,2,,2,,0.318,0.362,8
297976,02/04/2025,1,1,,5,4,2,3,1,2,5,3,4,4,3,3,2,1,2,4,1,3,4,4,2,2,7,5,1,,,,,,4,4,2,5,5,5,6,4,5,3,4,5,5,2,3,,1,,,,,,,,,,,1,,,,,,,3,2,4,4,3,2,3,2,1,1,1,4,3,1,5,4,2,1,2,,,1,,,,,,,,,5,1,,,,,,4,4,3,4,3,4,1,3,5,,3,1,Mobile,1,1.213,,1.177,4
297977,02/04/2025,1,1,47,4,3,1,9,5,5,5,3,5,4,,,,,0,1,2,2,1,4,4,4,10,10,5,3,3,2,2,3,3,2,1,3,3,5,1,6,1,7,1,97,11,7,5,1,1,1,1,,,,1,,,,,1,,,,,,,2,1,2,2,3,3,3,1,1,2,1,1,2,1,5,4,4,1,1,,1,1,,,,1,,,,,0,,,1,1,,,2,3,3,2,2,5,2,,,,5,2,,2,,0.21,0.24,8
297978,02/04/2025,1,1,20,1,1,2,5,2,2,4,3,5,3,,,,,0,2,2,3,3,3,1,1,9,10,5,3,3,3,2,1,1,2,2,0,0,0,5,5,5,5,3,12,95,4,4,,,,,1,1,1,,,,,,,,,,,1,,1,4,3,2,2,3,3,2,3,3,2,1,1,1,5,4,4,1,3,,1,1,,,,,,,,,0,1,,,,,,3,4,2,3,4,4,2,,,,3,2,,2,,5.027,5.73,8
297979,02/04/2025,1,1,,6,5,2,9,5,5,5,5,5,3,3,3,4,1,2,2,1,3,3,4,4,4,8,10,5,,,,,,2,1,1,0,3,7,0,9,1,5,1,8,2,5,5,1,1,,,1,,,,1,1,,1,1,1,,,,,,1,1,4,4,4,4,3,1,1,3,1,3,1,1,4,4,3,1,1,1,,1,,,,1,,,,,5,,1,1,,,,4,2,1,1,1,6,1,2,6,,4,1,PC,1,0.928,,0.9,5
297981,02/04/2025,1,1,74,7,5,1,2,1,3,5,5,98,4,,,,,0,1,1,98,4,4,1,1,10,10,5,4,3,3,3,4,4,1,4,5,0,6,5,0,98,6,1,97,98,98,1,,,,,,,,,,,,,,,,,,,,10,1,4,98,1,4,98,98,1,1,1,98,4,99,,4,4,98,1,,1,,,,,1,,,,,0,1,,,,,,98,98,3,98,4,1,2,,,,1,2,,2,,0.796,0.907,8
297982,02/04/2025,1,1,20,1,1,2,5,2,3,4,3,5,98,,,,,0,98,1,2,4,3,3,98,10,6,5,3,3,2,2,3,4,3,1,3,3,5,5,6,5,7,3,97,95,6,3,1,1,,,,1,,,,,,,1,1,,,1,,,4,4,3,98,98,4,3,2,2,3,1,2,2,1,4,4,3,1,2,,1,1,,,,1,,,,,0,1,,,,,,3,2,2,98,2,5,2,,,,4,2,,2,,5.027,5.73,8
297983,02/04/2025,1,1,27,2,1,1,8,4,1,5,3,5,2,,,,,0,98,4,3,3,3,1,2,10,5,5,4,3,2,1,4,98,1,4,10,98,98,98,98,98,98,1,1,1,98,1,,,,,,,,,,,,,,,,,,,,5,3,4,4,4,4,1,3,2,2,2,2,3,2,,4,4,1,3,,,,,,,,,,,1,0,1,,,,,,3,3,3,3,4,1,2,,,,4,2,,2,,5.027,5.73,8
297984,02/04/2025,1,1,19,1,1,1,5,2,4,5,4,4,4,,,,,0,2,3,98,2,4,3,2,5,10,1,3,2,1,3,3,3,2,1,10,10,0,0,5,98,7,2,1,95,2,5,,1,,,,,,,,1,,,1,,,,,,,10,3,4,3,2,3,1,4,1,4,2,1,4,1,1,4,4,2,5,,,1,1,1,,1,,,,,6,1,,,,,,4,4,3,4,2,4,2,,,,4,2,,2,,5.027,5.73,8
297987,02/04/2025,1,1,,7,5,1,9,5,5,5,4,5,3,4,3,4,1,2,2,1,2,3,4,4,4,10,10,5,,,,,,1,1,3,0,5,8,3,10,5,5,1,2,2,5,5,,1,1,1,1,,,,,1,,1,1,,,,,,,3,1,4,4,1,4,3,1,1,3,2,4,1,2,,4,4,1,1,1,1,1,,1,,,1,,,,1,,1,1,,,,4,4,3,3,2,5,1,1,3,1974,5,1,Mobile,1,0.951,,0.922,6
297988,02/04/2025,1,1,62,6,5,2,5,2,4,5,4,5,2,,,,,0,2,1,4,3,4,1,98,10,0,5,3,2,2,2,3,2,3,3,5,0,8,0,10,6,10,1,97,11,7,2,,,,,,,1,,,,,,,,,,,1,,1,1,4,2,2,4,4,1,2,3,1,2,2,1,5,4,4,1,3,,,,,,,,,,,1,5,1,,,,,,98,3,3,3,1,4,5,,,,4,2,,2,,0.93,1.06,8
297990,02/04/2025,1,1,,3,2,2,3,1,3,5,5,3,2,,,,,2,2,2,98,4,4,3,98,10,10,5,4,4,4,98,3,4,1,4,98,98,98,98,98,98,98,2,98,98,98,1,,,,,,,,,,,,,,,,,,,,1,3,3,1,3,4,3,3,4,4,4,2,98,2,,4,4,1,1,,1,,,,,1,,,1,,0,1,,,,,,1,1,1,1,2,5,2,,,,1,2,Mobile,1,,5,5.7,8
297993,02/04/2025,1,1,,7,5,2,4,1,4,5,3,5,2,1,3,4,2,2,2,1,98,98,4,4,3,10,10,3,,,,,,3,2,1,0,5,10,5,8,0,3,1,8,3,7,4,,1,,,,,,,,,,,1,,,,,,,1,2,3,4,2,3,2,1,1,4,1,3,3,1,1,4,4,1,3,,,1,,1,,,,,,,10,,1,1,1,,,98,98,2,98,2,5,1,2,1,1957,1,1,Mobile,1,1.424,,1.381,5
297994,02/04/2025,1,1,,5,4,1,9,5,4,5,3,2,3,,,,,0,98,1,4,4,4,1,4,10,5,5,3,2,2,2,3,4,2,4,5,5,10,5,7,5,8,1,2,98,7,4,1,1,,,1,,,1,,,,,,,,,,1,,5,1,2,3,1,4,1,2,2,4,2,2,2,2,,4,4,1,4,,,1,1,1,,1,,,,,0,1,,,,,,3,4,4,4,2,4,2,,,,4,2,,2,,0.029,0.033,8
297995,02/04/2025,1,1,25,2,1,2,5,2,4,5,2,3,4,4,4,1,2,2,4,4,2,2,2,2,3,10,7,1,,,,,,2,4,3,4,8,2,5,5,8,2,3,97,94,2,3,,,,,,,,,1,,,,,,,,,1,,3,3,3,2,2,4,2,2,2,2,3,3,2,2,,4,4,1,2,,,,,,,,1,,,,9,1,,,,,,4,2,3,3,2,6,1,4,7,,3,1,Mobile,1,1.173,,1.138,6
297996,02/04/2025,1,1,44,4,3,2,5,2,3,5,5,5,98,,,,,0,98,4,98,3,3,2,3,2,5,5,4,4,3,3,3,4,3,4,5,5,5,5,5,5,5,3,98,94,3,1,,,,,,,,,,,,,,,,,,,,1,3,98,98,98,3,98,98,98,3,2,2,98,2,,4,4,98,98,,,,,,,,,,,1,0,1,,,,,,98,98,98,98,3,6,2,,,,3,2,,2,,2.662,3.035,8
297998,02/04/2025,1,1,,4,3,2,5,2,5,5,4,5,4,3,4,3,1,2,4,3,3,4,3,4,4,5,10,3,,,,,,3,3,2,4,3,5,0,6,1,0,1,7,7,4,5,,,,,,,,,1,,,,1,,,,,,,2,1,4,4,4,1,2,1,1,3,2,2,1,2,,4,3,1,3,,,,,1,,,,,,,10,1,,,,,,3,3,3,1,1,6,1,1,6,,1,1,Mobile,1,1.151,,1.117,3
298001,02/04/2025,1,1,,5,4,1,9,5,3,4,3,5,2,,,,,0,98,1,4,3,3,2,4,5,5,5,4,3,1,1,4,3,2,3,0,0,5,0,5,0,7,1,12,12,7,4,,1,,,1,,,,,,,,1,,,,,,,1,2,4,3,2,4,2,1,1,3,2,3,4,2,,4,3,1,2,,1,,,,,1,,,,,0,1,,,,,,4,4,4,3,3,2,2,,,,3,2,,2,,0.063,0.071,8
298002,02/04/2025,1,1,,6,5,1,4,1,4,5,3,2,4,3,3,4,1,2,4,4,3,4,4,1,2,10,10,1,,,,,,1,1,2,6,5,5,5,5,5,4,1,97,99,4,4,,1,,,,,,,,,,1,,1,,,,,,5,2,4,1,2,1,3,3,4,2,4,4,4,1,1,4,4,1,3,,,1,,1,,1,,,,,5,1,,,,,,4,2,3,2,2,2,1,2,4,,99,1,PC,1,1.459,,1.415,5
298005,02/04/2025,1,1,,7,5,1,9,5,4,5,3,5,3,,,,,0,2,1,1,1,4,3,4,10,5,5,2,3,2,2,3,1,1,1,4,4,4,5,7,5,7,1,30,11,6,5,,1,1,1,,,,,,,,,1,,,,,,1,5,1,4,3,2,3,3,2,3,4,3,98,3,1,4,4,3,1,3,1,,,,,,1,,,,,0,1,,,,,,2,1,1,3,2,4,5,,,,5,2,,2,,0.028,0.032,8
298006,02/04/2025,1,1,45,4,3,1,5,2,2,5,5,5,1,,,,,0,1,1,4,4,4,1,4,10,5,5,4,3,2,1,1,2,1,3,0,0,5,0,2,0,8,1,12,12,7,5,,,1,,1,1,,,,,,,,,,,,1,,1,1,4,1,1,4,4,1,2,4,1,1,1,2,,4,4,1,1,,,,,,,1,,,,,0,1,,,,,,3,4,4,2,3,1,2,,,,4,2,,2,,0.93,1.06,8
298007,02/04/2025,1,1,38,3,2,1,5,2,3,5,3,5,4,,,,,0,1,1,98,1,4,2,2,5,0,98,2,4,3,1,3,1,3,4,0,0,0,0,0,0,5,1,12,12,98,4,1,1,1,,,,1,,,,,,,,,,,1,,1,3,3,2,3,4,3,1,1,2,1,2,1,99,,4,4,98,1,,,,,,,1,,,,,0,1,,,,,,1,3,3,3,3,2,2,,,,3,2,,2,,1.834,2.091,8
298008,02/04/2025,1,1,,4,3,1,5,2,3,3,3,3,98,98,4,1,3,2,2,4,4,4,3,2,2,9,3,3,,,,,,2,3,2,5,5,5,8,8,8,5,2,98,99,98,4,,1,,,,,,,,,,1,1,1,1,,,,,2,2,3,1,1,3,3,2,2,2,2,3,2,99,,4,3,98,3,,,,,,,1,,,,1,5,1,,,,,,98,3,2,3,3,2,1,2,5,,99,1,Mobile,1,1.611,,1.563,5
298011,02/04/2025,1,1,,4,3,1,5,2,5,5,2,5,4,4,3,2,4,2,3,1,3,2,4,3,4,3,10,2,,,,,,2,2,2,2,5,5,0,5,10,5,1,3,94,5,3,,1,,,,,,,,,,,1,,,,,,,1,1,4,4,2,4,1,1,1,3,1,3,3,2,,4,3,1,3,,,,,,,,1,,,,3,1,,,,,,2,3,2,1,2,5,1,2,4,,3,1,Mobile,1,1.179,,1.144,4
298012,02/04/2025,1,1,,2,1,2,5,2,5,5,4,5,2,1,3,4,1,2,98,1,3,3,4,4,4,10,10,98,,,,,,3,3,1,0,2,6,3,9,7,7,1,30,8,4,3,1,1,,,1,,,,,,,1,1,,,,,,,2,1,3,1,1,4,3,1,1,3,2,3,3,1,0,3,2,1,1,,,1,,1,,1,1,,,,1,1,,,,,,3,3,3,3,2,6,1,3,5,,1,1,Mobile,1,1.089,,1.057,3
298013,02/04/2025,1,1,,7,5,2,5,2,4,5,5,5,98,,,,,0,4,1,98,2,1,1,3,0,5,1,3,98,2,2,4,3,2,4,5,0,10,98,98,98,10,98,97,11,7,1,,,,,,,,,,,,,,,,,,,,98,1,3,3,98,4,3,98,98,3,1,4,98,2,,4,4,1,98,,,1,,,,1,,,,,0,1,,,,,,98,98,98,98,3,2,5,,,,3,2,,2,,0.93,1.06,8
298017,02/04/2025,1,1,,4,3,2,8,4,2,5,3,5,3,1,1,3,2,2,3,1,4,4,1,2,2,10,2,1,,,,,,4,2,3,7,4,4,4,4,5,2,1,10,1,3,2,1,1,,,,,,,,,,1,1,,,,,,,7,3,3,3,3,98,98,2,2,1,1,98,1,1,2,4,3,1,3,,,1,,1,,1,,,,,10,1,,,,,,3,98,98,98,3,4,1,4,4,,1,1,Mobile,1,1.241,,1.203,6
298018,02/04/2025,1,1,54,5,4,1,9,5,2,3,3,1,4,4,3,1,4,2,4,3,3,3,2,1,1,9,5,3,,,,,,2,3,2,8,9,7,8,8,8,5,2,97,4,3,5,,,,,,,,,1,,,,,,,,,1,,4,5,3,3,2,3,3,3,3,1,2,2,2,1,2,4,3,1,5,,,,1,1,,,1,,,,10,1,,,,,,4,4,3,4,3,1,1,2,5,,3,1,Mobile,1,0.872,,0.846,4
298020,02/04/2025,1,1,24,2,1,2,5,2,5,5,2,5,4,4,3,4,2,2,4,3,4,3,3,4,4,9,7,3,,,,,,4,2,3,3,4,7,3,10,8,2,1,30,7,5,5,1,,,,1,1,1,,1,,,,1,,,,,,,4,1,1,98,98,4,4,1,2,2,2,2,4,1,2,2,3,1,2,,,1,,,,,1,1,,,10,,1,,,,,2,3,3,2,2,5,1,1,3,2003,5,1,Mobile,1,1.089,,1.057,2
298022,02/04/2025,1,1,30,3,2,2,9,5,3,5,3,5,3,,,,,2,2,1,4,3,4,2,98,7,8,98,3,3,2,98,3,4,3,3,1,2,7,3,8,3,6,1,99,99,98,3,,,,,,,,1,,,,,,,,,,1,,4,98,98,3,2,3,3,2,2,3,2,98,1,1,4,4,4,98,2,,,1,,,,,,,,,1,1,,,,,,3,3,3,2,3,2,5,,,,1,2,Mobile,1,,0.459,0.523,8
298024,03/04/2025,1,1,,2,1,1,4,1,3,4,4,1,4,3,1,3,2,2,4,3,4,3,2,2,1,6,4,1,,,,,,2,2,2,10,8,5,10,10,10,0,1,1,4,1,3,1,,,,1,1,1,1,1,1,,,,,1,,,,,7,5,3,1,1,3,1,3,3,1,3,4,2,1,5,4,3,1,4,,,,1,1,1,,1,,,,7,1,,,,,,4,3,3,98,3,2,1,3,5,,2,1,Mobile,1,1.456,,1.412,4
298025,03/04/2025,1,1,,3,2,2,9,5,5,5,1,2,2,1,3,4,1,2,1,1,2,3,3,4,4,10,7,5,,,,,,1,2,2,1,6,8,3,7,5,5,1,8,9,5,5,1,,1,,1,,,1,,1,1,,,,,,,1,,2,1,3,1,1,4,3,1,2,3,1,2,3,1,4,4,4,1,2,1,,1,,1,,1,,,,,1,,1,,,,,4,3,2,2,2,5,1,1,6,,2,1,Mobile,1,0.694,,0.674,5
298026,03/04/2025,1,1,47,4,3,1,8,4,5,5,4,5,3,2,4,2,3,2,3,3,2,3,4,4,3,10,7,2,,,,,,2,2,3,2,5,3,3,9,7,2,1,3,8,3,4,1,,1,,,,,,,,,1,1,,,,,,,5,3,3,3,2,3,2,1,2,3,3,3,2,1,5,4,4,1,3,,,1,,1,,,1,,,,2,1,,,,,,3,3,3,3,1,6,1,1,3,1990,5,1,PC,1,0.943,,0.914,6
298031,03/04/2025,1,1,,2,1,2,7,3,5,5,5,5,2,2,4,3,1,2,1,1,4,3,3,4,3,10,8,5,,,,,,2,3,1,0,5,9,4,10,3,6,1,8,8,5,5,1,,,,,,,,,,,,1,,,,,,,1,1,3,1,1,4,3,1,2,2,1,1,1,1,2,3,3,1,1,,1,,,,,1,,,,,1,,1,1,,,,2,1,3,2,1,6,1,4,4,,3,1,Mobile,1,0.649,,0.629,5
298032,03/04/2025,1,1,,5,4,2,8,4,5,5,4,5,3,4,3,4,1,2,2,1,3,3,4,4,4,10,4,3,,,,,,1,1,1,0,3,7,0,10,8,5,1,30,2,5,5,1,1,1,1,1,,,,,,,,1,,,,,,,1,1,2,1,1,4,3,1,1,3,1,3,2,1,4,4,4,1,2,,,1,,,,,,,,,6,,,1,,,,3,3,2,3,1,6,1,1,6,,4,1,PC,1,0.753,,0.73,4
298034,03/04/2025,1,1,,2,1,2,2,1,1,98,1,2,4,4,1,3,4,2,4,3,98,2,1,1,2,0,0,1,,,,,,4,4,4,5,8,0,10,3,7,0,3,6,94,3,3,,,,,,,,,,,1,,,,,,,1,,1,5,4,4,4,4,1,2,2,2,2,2,2,2,,4,4,1,4,,,,1,1,1,,1,,,,8,1,,,,,,4,4,3,3,4,99,1,1,4,,5,1,PC,1,1.092,,1.06,1
298035,03/04/2025,1,1,34,3,2,1,5,2,2,5,3,5,2,,,,,0,98,2,3,4,4,1,4,7,0,5,3,1,2,3,3,1,4,3,0,0,5,3,5,98,5,4,94,12,4,5,,1,,,,,,,1,,1,1,,,,,,,,1,1,1,1,2,4,3,1,1,2,1,1,1,2,,4,4,2,1,,1,1,,,,1,,,,,0,1,,,,,,2,2,1,1,3,1,2,,,,1,2,,2,,1.834,2.091,8
298036,03/04/2025,1,1,51,5,4,1,3,1,3,5,5,5,2,,,,,0,2,2,98,2,2,1,3,10,5,98,98,98,2,2,3,98,2,3,98,98,98,98,98,98,98,1,99,99,98,1,,,,,,,,,,,,,,,,,,,,98,3,3,98,98,3,98,98,98,98,98,98,98,99,,4,4,98,98,,,,,,,,,,,1,5,1,,,,,,3,3,3,3,3,2,2,,,,1,2,,2,,0.81,0.923,8
298038,03/04/2025,1,1,62,6,5,2,2,1,3,5,4,5,1,,,,,0,1,1,4,4,4,1,4,10,7,5,4,4,3,1,4,4,4,3,98,98,5,98,10,98,5,3,8,9,7,4,,1,,,,,,,,,,,1,1,,,1,,,98,2,3,2,98,4,1,98,98,4,98,4,3,1,5,4,2,1,5,1,,,,,,1,,,,,0,1,,,,,,4,4,4,4,3,4,5,,,,1,2,,2,,2.279,2.598,8
298039,03/04/2025,1,1,40,4,3,2,6,3,4,5,4,5,3,,,,,0,2,1,3,4,4,3,3,10,3,5,4,3,3,2,3,2,3,2,0,0,9,5,8,8,7,1,30,9,7,5,1,1,,,,,,,1,,,,1,1,,1,,,,1,1,2,3,3,3,4,1,2,4,2,1,1,2,,4,4,1,1,,1,1,,,,1,,,,,0,1,,,,,,3,2,3,2,2,3,2,,,,1,2,,2,,0.369,0.421,8
298041,03/04/2025,1,1,,3,2,1,9,5,5,4,3,1,3,3,1,3,4,2,2,1,2,2,4,4,4,10,8,5,,,,,,1,1,1,4,6,6,5,6,7,5,1,8,3,5,5,1,1,1,,,,,,1,,,,1,,1,,,,,3,1,4,1,1,4,3,1,2,4,2,3,3,2,,4,3,1,4,1,,1,,1,,1,,,,,1,,,1,,,,4,3,3,2,1,5,1,1,4,,2,1,Mobile,1,0.712,,0.69,3
298042,03/04/2025,1,1,48,4,3,1,9,5,2,5,2,5,4,,,,,0,2,1,1,1,4,2,3,0,5,2,2,2,1,98,3,2,4,2,0,5,6,5,6,98,7,4,94,94,7,5,1,1,,,,,,,,,,,,,,1,,,,1,2,3,2,1,4,3,1,1,3,1,1,1,2,,4,99,1,2,,,,,,,,,,,1,0,1,,,,,,3,3,98,3,2,3,2,,,,4,2,,2,,0.081,0.093,8
298043,03/04/2025,1,1,40,4,3,1,9,5,3,5,3,5,3,,,,,0,2,1,3,3,4,2,4,10,10,98,2,2,2,2,98,2,2,1,0,0,5,5,5,0,5,2,96,12,5,4,1,1,1,,1,1,,,1,1,,,1,,,1,,,,98,1,3,3,2,2,98,1,1,2,1,1,1,2,,4,4,1,2,,,,,,,1,,,,,0,1,,,,,,2,2,2,2,3,2,2,,,,3,2,,2,,0.081,0.093,8
298044,03/04/2025,1,1,32,3,2,2,4,1,3,5,4,98,98,,,,,0,98,1,98,2,4,2,4,8,6,98,2,4,1,1,98,4,4,3,98,0,98,98,98,98,7,1,98,96,98,3,,1,,,,,,,,,,,1,,1,1,1,,,1,98,98,98,98,3,3,98,98,2,2,2,98,2,,4,4,1,98,,,,,,,1,,,,1,0,1,,,,,,4,3,3,98,2,4,2,,,,4,2,,2,,5,5.7,8
298045,03/04/2025,1,1,57,5,4,1,8,4,5,5,3,5,3,,,,,0,2,1,2,2,4,4,4,10,4,5,3,2,1,1,4,2,1,1,5,5,5,2,8,4,5,1,8,99,3,4,1,,1,,,1,,,,,,1,,,,,,,,3,1,4,1,2,4,3,1,1,3,1,3,2,1,1,4,3,1,1,1,,1,,1,,1,,,,,0,,,,,,1,4,3,2,2,1,6,5,,,,4,2,,2,,0.245,0.279,8
298046,03/04/2025,1,1,53,5,4,1,8,4,1,5,5,5,2,,,,,0,1,1,4,4,4,1,4,5,10,4,3,3,2,2,2,2,2,3,0,0,0,3,0,4,7,98,30,94,4,4,1,,,,,,,,,,,,,,,,,1,,3,1,3,3,2,3,3,1,2,3,2,2,1,1,1,4,4,1,1,,1,,,,,1,,,1,,0,1,,,,,,3,3,3,3,4,1,2,,,,3,2,,2,,0.069,0.078,8
298048,03/04/2025,1,1,45,4,3,1,8,4,2,5,3,5,1,,,,,0,1,2,4,4,3,1,4,10,5,2,4,1,1,1,3,4,4,4,0,0,5,5,5,0,5,4,94,94,5,4,1,1,,,,,,,,,,,1,,,1,1,,,1,1,4,1,1,4,98,1,1,3,1,1,2,2,,4,4,1,1,1,,,,,,1,,,,,0,1,,,,,,3,3,3,3,2,2,2,,,,3,2,,2,,0.123,0.14,8
298050,03/04/2025,1,1,68,6,5,1,3,1,3,98,3,3,2,,,,,0,98,4,98,98,2,1,98,5,5,4,3,98,2,98,4,4,1,4,98,98,98,10,98,10,9,1,99,99,5,1,,,,,,,,,,,,,,,,,,,,98,98,4,98,98,4,98,3,4,98,4,4,4,2,,4,4,98,98,,,,,,,,,,,1,5,1,,,,,,98,98,98,98,4,1,2,,,,3,2,,2,,0.796,0.907,8
298054,03/04/2025,1,1,53,5,4,2,6,3,2,5,2,5,4,,,,,0,1,1,1,4,4,1,3,10,10,5,3,3,3,2,98,3,2,2,0,3,5,4,6,0,98,1,12,11,7,3,1,1,,,1,,1,1,,,,,,,,1,,,,1,1,98,1,4,4,4,1,1,2,2,98,2,1,5,4,4,1,1,,1,,,,,1,,,,1,0,1,,,,,,3,4,4,3,3,2,2,,,,5,2,,2,,0.618,0.705,8
298055,03/04/2025,1,1,,3,2,1,6,3,3,3,3,3,3,3,1,4,2,2,2,1,2,2,2,3,98,7,5,2,,,,,,4,4,4,7,7,5,3,5,9,5,2,98,1,3,1,,,,,,,,,,,,,,,,,,,,7,3,3,98,3,2,3,2,2,2,2,3,2,2,,4,4,2,3,,,,1,,,,,,,,10,1,,,,,,2,2,2,3,3,2,1,3,4,,4,1,Mobile,1,0.864,,0.838,7
298056,03/04/2025,1,1,64,6,5,2,6,3,5,5,4,5,2,,,,,0,2,1,3,3,4,3,3,10,2,2,4,3,3,2,3,1,1,1,0,0,0,2,0,0,2,1,11,11,7,5,1,1,1,,1,1,1,1,1,,,,,1,,,,,,1,2,3,2,2,4,98,1,1,2,1,1,1,2,,4,4,1,1,1,1,,,,,,,,,,0,,,,1,,,2,3,2,2,2,4,2,,,,2,2,,2,,1.573,1.793,8
298059,03/04/2025,1,1,,5,4,1,7,3,2,2,4,2,4,4,2,1,3,2,4,3,2,2,1,2,1,5,0,1,,,,,,1,2,2,8,9,3,9,9,9,2,1,4,4,1,4,1,,,,,,,,,,,,,,,,,,1,2,5,4,1,1,3,2,2,2,1,2,3,1,1,2,3,3,2,4,,,,,,1,,,,,,8,,,,,1,,4,4,4,4,3,2,1,1,2,1975,4,1,Mobile,1,0.776,,0.752,7
298060,03/04/2025,1,1,42,4,3,1,4,1,3,5,3,5,4,,,,,0,1,4,2,1,4,1,4,10,0,5,2,3,1,1,3,1,1,4,0,0,10,7,0,0,5,4,99,99,7,5,,,,,,,,,,,1,1,1,1,1,1,1,,,3,98,4,3,4,4,4,1,1,4,1,1,1,1,5,4,4,1,2,,,,,,,,,,,1,0,,1,1,1,,,3,4,2,1,3,6,2,,,,1,2,,2,,1.05,1.196,8
298061,03/04/2025,1,1,,8,5,2,4,1,5,5,5,1,3,4,3,1,4,2,4,3,2,4,3,4,4,10,10,4,,,,,,3,2,2,3,5,8,0,10,8,5,1,2,8,6,5,,1,1,1,,,,,,,,1,1,1,,,,,,1,1,3,2,2,4,3,1,2,3,1,2,4,2,,4,4,1,2,,,,,,,1,,,,,0,1,,,,,,3,4,4,3,2,5,1,1,6,,1,1,PC,1,1.322,,1.283,2
298064,03/04/2025,1,1,,2,1,1,5,2,2,4,4,3,4,4,1,2,4,2,4,4,3,3,1,2,2,1,6,1,,,,,,3,2,4,8,10,0,7,7,10,1,1,9,1,1,1,,,,,,,,,,,,,,,,,,,,8,3,3,3,2,3,1,3,2,1,2,3,98,1,0,2,1,1,2,,,,1,1,1,,1,,,,10,1,,,,,,4,4,4,2,4,2,1,3,4,,2,1,Mobile,1,1.505,,1.46,6
298065,04/04/2025,1,1,24,2,1,1,3,1,1,4,4,2,4,4,1,2,4,2,4,3,3,2,1,1,1,5,0,1,,,,,,4,1,1,7,8,2,10,6,8,1,1,6,6,2,5,1,,1,1,,,,,,,1,,,,,,,1,,5,5,2,2,2,3,3,2,2,1,2,2,1,1,0,4,4,2,4,,,,1,1,1,1,1,1,,,8,1,,,,,,3,3,2,3,4,1,1,1,4,,3,1,PC,1,1.119,,1.086,1
298067,04/04/2025,1,1,54,5,4,2,7,3,5,5,4,1,3,4,3,4,1,2,4,1,4,4,98,4,4,10,5,1,,,,,,1,1,2,3,1,7,0,10,1,0,1,3,98,4,4,,1,,,,,,1,,,,1,1,1,,,,,,1,1,4,98,1,98,3,1,98,4,2,4,4,1,1,4,2,1,2,,,1,,1,,,1,,,,3,1,,,,,,4,3,4,4,1,6,1,3,5,,4,1,Mobile,1,0.561,,0.544,4
298069,04/04/2025,1,1,,4,3,1,9,5,5,4,3,2,2,,,,,2,2,4,2,3,4,4,4,10,8,5,3,2,2,1,4,1,2,1,4,5,5,5,8,5,5,1,8,3,4,4,1,1,1,,,,,,,,,1,1,1,,,,,,5,2,3,2,2,3,3,2,2,4,2,4,4,2,,4,3,1,3,1,,1,,1,,1,,,,,2,1,,,,,,4,4,3,3,2,5,5,,,,4,2,Mobile,1,,0.21,0.24,8
298070,05/04/2025,1,1,49,4,3,1,8,4,5,5,3,5,4,4,3,1,4,2,4,4,2,4,4,4,3,5,8,1,,,,,,2,2,2,2,5,5,7,10,9,3,2,98,8,4,4,,,1,,1,,,1,1,,,,,,,,,1,,1,4,2,1,1,4,1,1,2,1,2,2,1,1,2,4,3,2,2,,,,1,1,1,,1,,,,8,,1,,,,,3,3,2,3,2,6,1,2,5,,5,1,PC,1,0.943,,0.914,5
298071,05/04/2025,1,1,,6,5,2,5,2,3,5,3,5,2,4,2,4,3,2,4,4,1,98,1,2,2,10,0,1,,,,,,4,4,4,10,10,0,5,5,8,0,1,1,1,1,3,,1,1,,1,,,,,,,,,,1,,,,,1,4,2,4,3,3,3,2,2,2,2,4,2,1,4,4,2,2,5,,,,1,,,,,,,,10,1,,,,,,3,4,4,2,4,1,1,2,4,,3,1,Mobile,1,1.892,,1.835,3
298072,06/04/2025,1,1,,2,1,1,8,4,5,5,2,5,3,3,1,3,4,2,2,1,2,1,2,3,3,9,7,2,,,,,,2,1,2,6,5,5,5,5,6,3,2,3,98,4,2,1,,,,,,,,1,1,,,1,,,,,1,,2,2,2,1,2,2,3,1,2,3,2,4,2,1,1,2,4,1,3,,,1,,,,,1,1,,,6,1,,,,,,3,3,98,2,2,4,1,2,4,,3,1,Mobile,1,0.892,,0.865,4
298073,06/04/2025,1,1,,4,3,2,8,4,5,5,4,5,4,4,1,2,3,2,4,4,98,4,98,4,3,10,10,1,,,,,,3,3,2,5,5,5,5,5,5,5,2,98,96,5,2,,,,,1,,,,,,,,1,,,,,,,5,3,3,3,3,3,3,2,2,2,2,2,2,2,,4,4,1,4,,,,1,,,,,,,,1,1,,,,,,3,3,3,3,1,6,1,3,4,,1,1,PC,1,0.92,,0.892,4
298074,06/04/2025,1,1,,2,1,2,7,3,5,4,2,5,1,1,4,3,1,2,1,4,4,3,4,4,3,10,8,5,,,,,,2,2,2,4,5,9,5,4,2,5,1,11,9,7,3,1,,,,,,,,,,,1,,,,,,,,1,2,4,1,3,4,4,1,1,2,1,1,98,1,5,4,4,1,1,,,1,,,,1,,,,,1,,1,1,1,,,2,2,2,4,2,3,1,1,4,,3,1,Mobile,1,0.649,,0.629,1
298077,06/04/2025,1,1,,6,5,2,6,3,5,4,4,4,3,4,3,1,4,2,98,4,3,4,3,98,4,10,5,3,,,,,,1,2,3,0,5,1,1,5,7,5,2,99,99,4,4,,1,,,,,,,,,,1,,,,,,,,2,98,4,1,1,4,2,2,2,2,2,3,3,2,,4,4,1,2,,,,,,,,1,,,,0,,,,,,1,3,3,2,2,2,5,1,1,2,1970,99,1,Mobile,1,0.825,,0.8,4
298078,06/04/2025,1,1,,3,2,1,4,1,5,5,5,1,4,4,1,2,3,2,4,3,3,3,2,2,2,2,3,1,,,,,,2,1,3,8,7,4,6,6,9,5,2,1,1,2,5,1,1,,,,,,,,1,,,,,1,,,,,8,4,3,2,3,3,3,3,2,2,2,3,2,2,,4,1,1,4,,,,1,1,1,,1,,,,8,1,,,,,,4,4,4,3,2,6,1,4,4,,1,1,PC,1,1.014,,0.984,6
298084,06/04/2025,1,1,,3,2,1,6,3,3,3,2,4,4,4,1,3,2,2,4,4,1,3,1,2,2,0,5,1,,,,,,4,2,3,8,10,2,10,10,10,5,1,1,1,1,2,1,,,,,,,,,,,,,1,1,,,,,5,4,4,2,3,3,2,2,2,1,3,3,1,1,2,4,3,1,4,,,,1,1,1,,1,,,,8,1,,,,,,4,4,3,3,2,2,1,3,4,,5,1,Mobile,1,0.864,,0.838,6
298085,06/04/2025,1,1,,4,3,1,7,3,2,5,3,2,4,4,2,1,3,2,4,4,3,4,3,3,2,3,5,1,,,,,,1,3,1,10,10,5,5,5,5,4,1,1,99,1,5,,1,,,,,,,,,,,,,1,,,,,10,5,4,2,2,3,3,2,2,1,1,1,1,1,0,4,4,2,1,,,,,,,,1,,,,10,1,,,,,,4,3,2,4,4,1,1,3,4,,3,1,Mobile,1,0.947,,0.919,5
298087,06/04/2025,1,1,29,2,1,2,8,4,5,5,2,5,3,3,4,1,3,2,2,1,3,3,3,4,4,10,4,3,,,,,,4,2,3,1,6,6,7,10,10,2,1,3,3,4,1,,,,,,,,,,,,,,,,,,,,3,2,98,2,1,3,98,1,2,3,2,4,98,1,1,4,2,1,98,,,1,,1,,,1,,,,3,,1,,,,,3,3,4,3,2,6,1,4,4,,2,1,Mobile,1,0.871,,0.845,5
298094,06/04/2025,1,1,25,2,1,2,7,3,3,3,1,2,4,4,1,2,3,2,4,2,2,2,1,1,2,3,4,3,,,,,,1,1,3,7,10,3,7,5,10,5,1,97,98,2,3,1,,,,,1,1,,,,,,,,1,,,,,3,3,4,1,1,3,3,2,2,2,2,3,2,2,,3,4,1,3,,,1,1,1,1,,,,,,7,1,,,,,,4,4,4,4,3,4,1,4,5,,2,1,Mobile,1,0.886,,0.86,3
298095,06/04/2025,1,1,,4,3,1,8,4,5,5,2,3,3,3,3,4,1,2,3,1,2,2,3,4,4,10,10,3,,,,,,4,2,2,2,7,8,8,10,8,7,1,3,3,4,4,1,,1,,1,,,1,,,,,,,,,,1,,7,1,4,1,1,4,4,1,2,3,3,4,4,1,3,4,3,1,2,,,,,1,,,1,,,,10,1,,,,,,4,4,3,4,2,4,1,1,6,,4,1,Mobile,1,0.943,,0.914,2
298096,06/04/2025,1,1,,3,2,2,9,5,4,5,2,5,4,4,1,4,3,2,4,4,3,3,3,3,98,3,3,3,,,,,,3,2,2,98,98,98,98,98,98,98,1,30,1,3,2,1,1,1,,,1,,,1,,,,1,1,,,,,,4,2,3,2,2,2,1,1,1,2,2,3,3,1,2,4,3,1,1,,,,1,1,,,1,,,,10,1,,,,,,3,2,2,2,2,4,1,2,3,1991,2,1,Mobile,1,0.748,,0.725,5
298097,06/04/2025,1,1,,5,4,1,4,1,4,3,3,1,4,4,2,3,1,2,4,3,2,1,3,3,3,8,3,2,,,,,,3,3,2,3,5,4,4,4,4,5,2,5,1,2,2,,1,,1,,,,,,,,,,,1,,,,,7,3,3,3,3,3,3,3,3,3,3,3,2,1,3,4,4,1,5,,,,1,,,,,,,,6,1,,,,,,3,3,3,3,2,3,1,2,4,,2,1,Mobile,1,0.993,,0.963,3
298098,06/04/2025,1,1,,3,2,1,8,4,3,5,5,2,3,3,3,4,2,2,3,3,3,3,3,3,2,5,3,1,,,,,,3,2,2,9,9,2,6,7,7,1,2,1,4,1,3,,,,,1,,,,,,,,,1,,,,,,5,5,3,2,2,3,3,4,3,2,3,4,3,1,2,4,4,1,4,,,,1,,,,,,,,5,1,,,,,,3,1,3,98,2,5,1,3,4,,4,1,Mobile,1,1.159,,1.125,1
298102,06/04/2025,1,1,,4,3,1,8,4,5,5,4,4,3,3,4,3,2,2,98,4,2,3,4,4,98,8,10,3,,,,,,4,2,2,0,5,5,0,10,10,5,1,7,3,2,2,1,,,,,,,,1,,,,,,,,,1,,2,98,3,1,1,98,2,1,2,2,2,3,98,1,5,4,4,1,1,,,1,1,1,,,1,1,,,9,,1,,,,,3,3,2,3,1,6,1,2,4,,5,1,PC,1,0.943,,0.914,5
298103,06/04/2025,1,1,24,2,1,1,5,2,5,98,3,5,2,1,4,3,2,2,2,1,4,4,2,4,98,9,9,5,,,,,,3,2,3,1,7,7,6,8,7,7,1,2,2,6,2,,1,,,,,,,,,,,,,,,,,1,3,2,3,1,2,4,3,2,3,3,2,3,3,1,2,3,3,1,1,1,,1,,1,,1,1,,,,1,1,,,,,,4,4,4,4,1,5,1,4,4,,3,1,Mobile,1,1.116,,1.083,4
298104,06/04/2025,1,1,,8,5,2,4,1,5,3,3,4,2,98,3,4,1,2,2,1,3,1,3,4,98,10,10,98,,,,,,3,3,2,1,5,10,5,10,5,5,2,98,8,5,3,,1,,,,,,,,,,1,,,,,,,,5,1,3,3,2,3,2,1,2,3,98,3,3,1,1,4,4,1,98,,,,,,,,,,,1,3,1,,,,,,3,3,3,3,2,5,1,1,6,,3,1,PC,1,1.322,,1.283,2
298106,06/04/2025,1,1,,2,1,1,6,3,2,4,2,4,4,4,2,4,1,2,4,3,98,3,1,1,1,10,0,1,,,,,,1,1,1,8,5,5,5,5,5,3,1,99,99,4,2,1,,1,,,,,,,,,1,,,1,,,,,1,3,4,2,4,4,4,1,1,1,1,1,1,1,5,4,3,2,2,,,,,,,,,1,,,5,1,,,,,,4,4,4,2,3,2,1,1,6,,2,1,Mobile,1,0.897,,0.87,1
298109,06/04/2025,1,1,45,4,3,1,3,1,1,4,3,3,4,4,3,4,1,2,2,1,98,3,3,2,2,2,2,3,,,,,,3,4,3,9,6,6,10,9,6,5,4,94,94,2,3,1,,,,,,,1,,,,,1,,,,,,,3,4,3,2,98,2,3,2,2,1,3,3,1,1,4,4,4,1,3,,,1,,1,,1,,,,,1,1,,,,,,4,3,2,3,4,1,1,1,2,1981,4,1,PC,1,1.183,,1.147,5
298111,06/04/2025,1,1,,2,1,2,5,2,3,5,3,5,4,4,1,3,4,2,4,3,98,3,98,3,2,5,5,1,,,,,,2,2,2,7,8,5,6,9,7,2,1,1,4,3,4,,1,,,,1,1,,1,,,1,1,,1,,,,,7,98,3,2,2,98,2,2,2,1,1,3,98,1,5,4,3,98,2,,,,,,,,1,,,,6,,1,,,1,,4,4,98,98,3,2,1,1,4,,4,1,Mobile,1,1.488,,1.443,4
298112,06/04/2025,1,1,,6,5,2,9,5,5,5,4,3,98,98,3,4,1,2,98,1,3,3,4,4,3,10,8,5,,,,,,2,1,1,0,5,9,3,10,4,7,1,8,2,5,4,,1,1,,,,,,,,,1,,,,,,,,1,1,3,1,1,4,4,1,1,3,3,4,3,1,1,4,3,1,4,1,,1,,,,1,,,,,0,,1,,,,,3,3,3,2,2,5,1,1,2,1988,4,1,PC,1,0.928,,0.9,4
298113,06/04/2025,1,1,55,5,4,2,9,5,3,5,4,5,2,,,,,2,1,1,98,3,4,3,1,10,10,5,4,4,3,1,3,2,2,1,0,1,6,98,98,2,5,1,11,11,7,4,,1,,,1,1,,,,,,,1,1,,1,,,,1,1,98,98,1,4,4,1,1,98,1,1,1,99,,4,4,1,1,1,,,,,,,,,,,0,1,,,,,,98,2,98,98,3,5,2,,,,5,2,Mobile,1,,0.179,0.205,8
298116,06/04/2025,1,1,42,4,3,1,9,5,4,5,3,5,2,,,,,0,1,1,2,1,4,3,4,10,10,5,2,2,3,2,3,1,1,2,0,0,8,5,6,3,3,1,97,11,7,4,1,1,,,1,,1,,,,,,1,,,1,,,,3,1,4,4,2,4,4,1,2,2,1,1,1,1,5,4,3,1,1,,,1,,1,,1,,,,,0,1,,,,,,2,3,2,1,2,4,2,,,,2,2,,2,,0.037,0.043,8
298117,06/04/2025,1,1,25,2,1,2,7,3,1,4,4,2,4,4,1,3,4,2,4,3,3,3,1,1,1,3,2,1,,,,,,3,1,2,7,8,8,10,9,9,0,1,6,6,2,4,1,,,1,,,,,,,,,,,,,,,1,7,4,4,1,2,3,1,3,3,1,2,3,2,1,3,4,3,1,4,,,1,1,1,,,1,1,,,7,1,,,,,,3,3,3,3,4,4,1,1,4,,3,1,PC,1,0.682,,0.661,1
298118,06/04/2025,1,1,40,4,3,1,5,2,3,5,3,5,3,,,,,0,1,1,98,3,3,1,4,10,5,5,4,4,3,1,4,3,1,3,3,0,0,1,0,2,8,2,99,99,7,3,1,,,,1,,,,,,,,,,,,,1,,4,3,4,98,98,4,3,1,1,2,1,98,1,1,1,4,3,98,98,,,,,,,,,,,1,0,1,,,,,,3,3,3,3,4,2,2,,,,5,2,,2,,0.93,1.06,8
298119,06/04/2025,1,1,54,5,4,1,5,2,3,5,5,5,1,,,,,0,1,1,4,4,4,4,4,10,10,1,4,3,3,3,1,3,3,1,0,0,7,0,7,0,5,1,13,13,7,5,1,1,1,1,1,,1,1,1,,,1,,1,,1,1,,,1,1,4,1,1,4,4,1,2,3,1,1,1,2,,4,2,1,1,,1,,,,,,,,1,1,0,,1,1,1,,,1,1,1,1,2,1,2,,,,1,2,,2,,0.717,0.818,8
298120,06/04/2025,1,1,47,4,3,1,7,3,3,5,3,5,4,,,,,0,1,1,2,3,4,3,2,8,10,1,4,2,1,98,3,2,2,4,5,1,7,7,8,0,8,4,94,94,4,2,1,1,,,,,,,,,,,1,,,1,,,,1,1,98,3,4,4,3,3,2,3,1,98,2,2,,4,3,1,98,,,,,,,,,,,1,5,1,,,,,,3,4,4,98,4,2,2,,,,5,2,,2,,0.28,0.319,8
298121,06/04/2025,1,1,,2,1,1,5,2,3,5,98,5,1,,,,,2,1,1,98,3,98,98,98,10,2,98,4,4,98,98,98,98,98,98,0,0,10,5,98,5,98,98,99,99,98,3,,,,,,1,,,,,,,,,,1,,,,98,98,98,98,98,98,98,1,1,3,1,1,1,2,,4,4,98,1,,,,,,,,,,,1,1,1,,,,,,98,98,98,98,2,99,99,,,,99,2,Mobile,1,,5.027,5.73,8
298122,06/04/2025,1,1,68,6,5,2,6,3,4,5,5,98,4,,,,,0,1,1,98,1,4,4,4,10,10,5,98,3,4,1,4,4,4,4,0,0,10,0,10,0,8,1,2,3,7,5,,1,,1,,,,,,,,,,,,1,,,1,1,1,4,98,2,4,4,1,1,4,4,1,1,2,,4,4,1,1,1,1,,,,,1,,,1,,0,1,,,,,,4,4,3,1,2,6,99,,,,2,2,,2,,0.28,0.319,8
298123,06/04/2025,1,1,46,4,3,2,3,1,4,5,5,5,1,,,,,0,2,1,3,4,4,2,3,10,5,5,4,3,4,98,4,4,1,1,1,1,5,0,7,98,5,2,12,94,7,5,,1,,,,,1,1,,,,,,,,1,1,,,1,1,1,4,4,4,3,1,1,4,2,1,1,2,,4,4,1,2,1,,,,,,1,,,,,0,1,,,,,,3,3,4,1,4,3,2,,,,2,2,,2,,1.384,1.577,8
298125,06/04/2025,1,1,50,5,4,2,8,4,4,4,3,3,4,4,1,3,4,2,4,4,3,4,1,3,2,3,1,1,,,,,,1,3,1,8,10,1,6,8,10,0,4,98,4,1,4,,1,,,1,,1,,,,,,,,1,,,,,9,4,3,2,1,2,3,98,98,1,3,2,2,1,5,4,3,1,3,,,1,,1,,,1,,,,10,1,,,,,,3,3,1,98,2,5,1,3,5,,4,1,Mobile,1,0.811,,0.786,6
298130,06/04/2025,1,1,18,1,1,1,3,1,4,4,3,3,2,,,,,0,2,4,1,3,4,4,3,10,8,3,3,3,3,3,3,4,2,4,7,98,98,0,98,0,8,4,94,95,98,1,,,,,,,,,,,,,,,,,,,,98,2,3,3,3,4,2,2,2,2,4,3,98,1,2,4,4,1,5,1,,,1,1,1,,1,1,,,10,1,,,,,,4,4,4,4,4,6,5,,,,5,2,,2,,5.027,5.73,8
298132,06/04/2025,1,1,69,6,5,1,9,5,3,5,5,5,2,,,,,0,2,1,4,3,3,1,4,8,4,1,3,3,3,2,3,3,2,2,98,4,6,4,5,3,7,1,30,11,7,3,,1,,,,,,,,,,1,1,,,1,,,,3,1,3,2,2,4,4,1,3,3,2,1,1,2,,4,4,1,1,1,,,,,,1,,,1,,0,1,,,,,,4,4,2,1,2,2,2,,,,1,2,,2,,0.062,0.07,8
298133,06/04/2025,1,1,37,3,2,1,7,3,5,5,5,5,98,,,,,0,98,4,2,1,98,1,1,10,0,5,4,1,1,1,4,4,1,4,98,98,98,10,10,10,10,4,94,99,98,1,,,,,,,,,,,,,,,,,,,,1,1,1,1,1,4,4,1,1,1,2,2,1,1,0,4,3,1,1,,,1,,,,1,,,,,0,1,,,,,,2,2,2,2,1,6,2,,,,3,2,,2,,1.429,1.629,8
298134,06/04/2025,1,1,,7,5,2,5,2,4,4,3,4,2,,,,,0,1,1,4,4,4,98,98,10,8,5,3,3,3,2,3,4,1,3,5,0,6,0,5,0,4,1,98,98,7,1,,,,,,,,,,,,,,,,,,,,5,4,4,98,98,4,4,98,98,98,98,1,98,2,,4,4,1,98,,,1,,1,,1,,,,,0,1,,,,,,4,98,98,98,2,6,5,,,,3,2,,2,,0.93,1.06,8
298140,06/04/2025,1,1,,8,5,1,6,3,5,3,3,1,4,4,2,1,3,2,4,4,3,4,1,98,1,3,1,1,,,,,,1,2,1,9,10,4,6,9,10,4,1,99,1,1,5,,,1,,,,,,,,,1,1,1,1,,,,,7,5,4,1,2,98,1,3,98,1,2,2,1,1,99,4,4,2,2,,,,,,,,1,,,,9,1,,,,,,4,4,4,4,1,6,1,1,3,1993,1,1,PC,1,0.845,,0.82,4
298142,06/04/2025,1,1,,5,4,1,7,3,5,5,4,5,4,4,2,3,4,2,4,1,3,3,3,4,3,4,9,3,,,,,,3,3,4,5,4,5,3,10,5,5,3,3,2,5,2,,1,,,1,1,1,,,,,,1,1,,,,,,5,3,3,4,4,4,4,2,1,98,3,4,3,1,3,4,4,1,2,,,1,,,,,,,,,5,1,,,,,,3,3,3,4,2,5,1,3,5,,5,1,Mobile,1,0.575,,0.558,4
298144,06/04/2025,1,1,59,5,4,1,9,5,2,3,3,2,4,3,2,1,4,2,4,3,3,3,1,2,1,4,0,2,,,,,,1,2,2,7,10,5,3,6,10,4,1,4,4,2,5,1,1,,1,1,,,,,,,,,,1,,,,,7,5,2,2,2,3,3,3,3,1,2,3,1,1,1,4,3,2,3,,,,,,1,,,,,,10,1,,,,,,4,4,3,4,4,1,1,3,5,,3,1,Mobile,1,0.872,,0.846,3
298145,06/04/2025,1,1,,4,3,2,9,5,2,4,3,4,3,4,3,1,4,2,4,4,2,3,1,2,98,3,10,2,,,,,,2,2,2,5,8,8,8,8,10,8,1,30,10,3,3,1,,1,,1,,,,,,,,,,,,,1,,3,3,3,2,2,3,1,2,2,2,2,3,3,2,,4,4,1,4,,,1,1,,,1,1,,,,3,1,,,,,,4,4,3,4,3,3,1,1,4,,3,1,Mobile,1,1.04,,1.009,4
298147,06/04/2025,1,1,,4,3,1,9,5,1,5,2,2,4,4,1,2,4,2,4,3,3,3,1,2,1,0,0,1,,,,,,2,1,2,7,10,3,8,5,10,0,1,1,1,1,5,1,1,1,1,,,,1,1,,,,,,1,,,,,7,5,3,4,4,1,1,2,1,1,2,4,2,1,5,4,3,1,3,,,,,,1,,,,,,8,1,,,,,,4,4,3,3,4,1,1,3,7,,4,1,Mobile,1,0.83,,0.805,4
298152,06/04/2025,1,1,,4,3,1,8,4,3,5,4,2,3,3,1,3,4,2,4,1,2,3,1,2,2,8,0,1,,,,,,3,2,3,7,7,2,3,3,5,1,1,5,5,2,3,1,1,,,,,,,,,,,1,,,,,,,7,3,3,2,2,2,3,2,1,2,3,3,2,1,3,4,3,1,3,,,,,,,,,1,,,8,1,,,,,,3,3,2,2,3,2,1,2,2,1995,3,1,Mobile,1,1.288,,1.249,6
298153,07/04/2025,1,1,,5,4,2,6,3,5,5,3,5,3,4,4,3,2,2,3,1,4,4,4,4,3,10,10,5,,,,,,3,2,2,0,5,5,4,10,10,5,1,97,98,4,3,1,,,,,,,,,,,,1,,,,,,,1,98,98,3,3,4,3,1,1,2,2,3,98,2,,4,4,1,3,,,,,,,,1,,,,10,1,,,,,,3,3,3,3,2,6,1,1,3,1990,99,1,Mobile,1,0.561,,0.544,2
298154,07/04/2025,1,1,,3,2,1,7,3,5,4,4,2,3,3,4,3,2,2,4,3,2,2,4,4,3,10,7,2,,,,,,2,1,1,2,7,7,7,7,7,5,2,97,3,3,2,1,,1,,,,,1,,,,,1,,,,,,,2,2,3,1,2,2,3,2,2,2,2,3,2,1,2,4,3,1,3,,,1,1,1,1,,1,1,,,4,1,,,,,,4,3,3,4,2,5,1,1,4,,3,1,Mobile,1,0.633,,0.614,2
298155,07/04/2025,1,1,,4,3,1,2,1,1,4,2,2,98,4,4,3,1,2,3,4,4,4,1,1,1,0,0,5,,,,,,1,1,1,10,2,0,10,10,5,5,1,6,6,1,2,,,,1,,,,,,,1,,,,,,,1,,10,5,3,3,1,4,2,3,1,1,1,2,1,1,5,4,3,98,5,,,,,1,,,,,,,5,,,,,,1,4,4,4,4,4,1,1,1,6,,1,1,PC,1,1.183,,1.147,5
298156,07/04/2025,1,1,30,3,2,2,8,4,4,4,4,5,3,4,4,3,1,2,2,1,3,2,3,4,3,9,7,5,,,,,,3,2,2,1,5,5,5,8,8,5,1,7,3,4,4,1,1,,,,,,,,,,,1,,,,,,,1,2,3,2,1,3,98,1,1,98,1,98,98,1,2,4,4,1,2,,,1,,,,,,,,,2,1,,,,,,3,3,2,2,2,5,1,4,4,,1,1,Mobile,1,0.892,,0.865,3
298158,07/04/2025,1,1,25,2,1,1,4,1,1,3,2,2,3,3,1,4,2,2,4,3,3,3,1,1,2,6,2,2,,,,,,3,1,4,8,8,2,10,3,5,1,1,5,5,2,3,1,,1,,,,,,,,1,,,,,,,1,,8,4,3,2,3,3,2,3,3,1,2,3,2,2,,4,2,1,4,,,1,1,1,1,,1,,,,6,1,,,,,,3,3,3,3,4,1,1,2,4,,1,1,PC,1,1.119,,1.086,6
298162,07/04/2025,1,1,,6,5,2,6,3,5,5,3,5,3,4,3,4,2,2,2,1,3,3,4,4,4,10,10,2,,,,,,3,2,2,0,3,5,0,10,7,3,1,97,3,5,3,1,,,,,,,,,,,,1,,,,,,,1,1,3,2,2,4,3,1,1,4,2,4,4,1,1,4,4,1,3,,,1,,,,,,,,,3,,1,1,,,,3,3,2,3,2,6,1,1,6,,3,1,Mobile,1,0.825,,0.8,4
298164,07/04/2025,1,1,,6,5,1,9,5,5,5,3,4,2,2,3,4,1,2,1,1,3,4,4,4,4,10,10,5,,,,,,2,1,1,0,3,10,0,10,5,6,1,8,99,6,5,1,1,1,1,,,,,,,,,,1,,,,,,1,1,4,1,1,4,3,1,1,4,1,3,1,1,4,4,3,1,1,,,1,,,,,,,,,10,,1,1,,,,3,3,2,2,2,5,1,4,4,,1,1,Mobile,1,0.951,,0.922,9
298165,07/04/2025,1,1,32,3,2,1,4,1,3,4,3,5,4,4,1,2,4,2,4,1,98,3,2,2,2,5,4,1,,,,,,2,2,3,7,10,3,4,9,10,2,1,1,1,1,2,1,1,1,,,,,,,,,,1,,,,,,,3,3,2,2,3,2,1,2,2,1,3,4,2,1,1,4,3,1,3,,,,,1,,,,,,,2,1,,,,,,4,3,3,3,3,2,1,2,4,,3,1,Mobile,1,1.385,,1.344,2
298166,07/04/2025,1,1,,7,5,1,8,4,5,5,3,4,3,2,3,4,1,2,2,1,2,3,4,3,4,10,10,3,,,,,,2,2,3,0,5,8,1,10,7,7,1,2,2,5,4,1,,,,,,,,,,,,,,,,,1,,2,1,3,1,2,4,4,1,1,4,2,3,4,1,1,4,2,1,3,,,1,,,,,,,,,0,,1,1,,,,3,3,2,3,1,5,1,1,7,,5,1,Mobile,1,1.134,,1.1,5
298167,07/04/2025,1,1,,4,3,1,6,3,3,5,4,4,3,4,1,4,3,2,3,3,3,4,2,2,98,1,1,1,,,,,,98,98,2,8,9,0,5,8,9,0,2,1,1,2,5,1,1,1,,1,,,,1,,,,,,,,,1,,8,4,3,98,98,3,1,98,98,1,2,2,98,2,,4,4,98,3,,,,,1,,,,,,,10,1,,,,,,4,4,3,4,3,4,1,3,5,,3,1,Mobile,1,0.96,,0.931,6
298168,07/04/2025,1,1,,7,5,1,8,4,5,4,3,5,4,3,3,4,1,2,2,3,3,1,3,3,4,9,10,5,,,,,,2,2,2,2,5,8,5,8,8,5,1,30,3,7,5,1,1,,1,,,,,,,,,1,,,,,,,5,1,4,1,2,4,3,2,3,4,3,4,3,2,,4,2,1,3,,,1,,1,,,,,,,1,,1,,,,,3,3,3,3,2,4,1,1,6,,5,1,Mobile,1,1.134,,1.1,5
298169,07/04/2025,1,1,59,5,4,1,3,1,3,4,4,2,4,3,1,2,3,2,4,3,3,4,3,3,1,5,4,1,,,,,,2,2,3,10,8,2,8,8,9,2,2,1,1,2,4,1,1,,,1,,,,,,,1,,,1,,,,,7,4,3,2,2,3,2,3,2,1,3,3,2,1,5,4,4,2,4,,,,1,1,,,1,1,,,7,1,,,,,,4,3,3,4,3,2,1,2,5,,1,1,Mobile,1,1.259,,1.222,2
298170,07/04/2025,1,1,,6,5,1,6,3,5,5,4,5,1,98,4,3,1,2,2,1,3,4,4,3,3,10,10,5,,,,,,3,4,1,0,0,0,5,5,3,8,4,98,94,98,1,,,,,,,,,,,,,,,,,,,,1,2,3,1,1,4,4,1,1,2,2,2,1,1,5,4,4,1,1,,1,,,,,,,,,,2,1,,,,,,1,1,1,2,1,5,1,1,2,1978,2,1,Mobile,1,0.845,,0.82,5
298171,07/04/2025,1,1,25,2,1,2,7,3,5,4,4,2,3,4,4,3,2,2,2,1,2,2,3,4,4,10,7,1,,,,,,3,2,2,6,6,6,4,10,6,5,1,3,1,3,4,1,1,,,1,1,1,,1,,,,1,,,,,,,6,2,3,1,3,4,2,2,2,2,2,3,3,2,,4,3,1,2,,,1,,1,,,1,,,,4,1,,,,,,3,3,3,2,1,6,1,1,6,,3,1,Mobile,1,0.649,,0.629,2
298172,07/04/2025,1,1,,5,4,1,6,3,3,5,3,4,4,3,1,2,3,2,4,3,3,3,2,2,1,7,10,1,,,,,,2,3,1,6,10,3,3,8,10,0,2,98,99,1,4,1,,,,,,,,,,,1,,,,,,,,5,4,4,4,2,3,1,2,2,2,2,3,2,1,2,4,3,1,4,,,,,1,,,,,,,10,1,,,,,,4,4,3,3,3,3,1,2,5,,4,1,Mobile,1,0.786,,0.762,4
298173,07/04/2025,1,1,,7,5,1,9,5,5,5,4,5,2,1,3,4,1,2,1,1,3,3,3,4,4,10,10,5,,,,,,3,3,1,0,3,10,3,10,2,5,1,8,8,6,4,1,1,,,,,,,,,,,,1,,,,,,1,1,3,1,3,4,3,1,1,4,1,2,2,2,,4,4,1,3,1,,1,,,,1,,,,,1,,1,1,,,,3,2,3,2,1,5,1,2,1,1963,4,1,Mobile,1,0.951,,0.922,1
298174,07/04/2025,1,1,,6,5,1,8,4,5,3,3,1,4,4,2,1,3,2,4,4,2,3,3,1,1,0,0,1,,,,,,1,1,1,10,9,0,1,8,10,0,1,1,1,1,5,,,,,,1,,,1,,,,,,1,,,,1,7,5,2,2,3,1,2,4,2,1,2,4,1,2,,4,4,2,4,,,,1,,1,,1,,,,10,1,,,,,,4,4,2,4,1,6,1,4,6,,4,1,Mobile,1,1.134,,1.1,2
298175,07/04/2025,1,1,,2,1,2,5,2,3,4,3,3,4,4,2,1,4,2,4,3,3,1,1,2,98,10,6,1,,,,,,2,1,2,6,8,0,4,5,8,0,2,98,1,2,3,1,1,,,,,,,,,,,1,1,1,,,,,6,3,2,2,2,3,2,2,1,2,3,4,3,1,2,3,3,1,2,,,,1,,1,,,,,,10,1,,,,,,3,3,3,2,3,4,1,2,4,,4,1,Mobile,1,1.488,,1.443,5
298176,07/04/2025,1,1,27,2,1,1,1,1,1,3,3,4,4,4,4,3,1,2,4,2,98,2,2,3,2,5,5,5,,,,,,4,4,1,98,98,98,98,98,98,0,2,6,6,98,4,1,,1,1,,,,,,,,1,,,1,,,,,1,98,3,2,2,4,3,2,2,1,3,3,98,1,5,4,4,98,98,,,1,1,1,1,1,,,,,8,1,,,,,,3,3,1,3,4,1,1,1,4,,5,1,PC,1,1.119,,1.086,5
298179,07/04/2025,1,1,,4,3,1,8,4,3,3,2,2,3,3,1,3,2,2,2,2,3,3,2,1,2,6,6,1,,,,,,4,2,3,6,7,4,4,6,8,2,2,3,3,4,2,,1,,,,,,,,,,,1,,,,,,,6,3,4,2,2,4,4,3,3,4,98,4,3,1,2,3,4,1,4,,,,1,1,,,1,,,,2,1,,,,,,4,4,3,4,3,2,1,2,1,1991,2,1,Mobile,1,1.288,,1.249,4
298180,07/04/2025,1,1,,3,2,1,8,4,4,5,2,1,4,4,1,3,4,2,4,4,2,2,1,3,2,7,7,5,,,,,,1,1,1,7,8,4,3,10,10,5,1,97,10,1,4,1,,,,1,,,,1,,,,1,1,,,,,,6,4,4,2,1,3,2,2,2,1,2,3,2,1,5,2,3,1,4,,,1,,1,1,,1,,,,5,1,,,,,,4,4,3,3,2,4,1,3,4,,5,1,Mobile,1,0.914,,0.886,6
298181,07/04/2025,1,1,,3,2,1,8,4,3,4,4,4,3,4,3,4,1,2,3,3,3,3,2,3,3,5,5,1,,,,,,3,2,3,6,8,8,7,7,7,7,1,97,98,98,3,,,,,1,,,,,,,,,,,,,1,,6,3,98,98,98,98,98,2,2,2,2,2,2,1,4,99,99,1,3,,,1,,,,,1,,,,5,,,,,,1,98,98,98,98,3,4,1,2,4,,99,1,Mobile,1,1.159,,1.125,5
298182,07/04/2025,1,1,55,5,4,1,9,5,2,4,4,2,3,3,1,4,3,2,4,1,3,3,1,2,2,3,3,3,,,,,,3,2,1,6,8,7,6,9,9,6,2,98,4,3,5,1,,,,,,,,,,,1,,,,,,,,7,4,3,1,2,3,1,2,2,3,3,4,4,1,1,4,3,1,3,,,1,,,,,,,,,4,,1,,,,,3,4,3,3,3,2,1,1,4,,2,1,,1,0.872,,0.846,4
298183,07/04/2025,1,1,33,3,2,2,6,3,1,4,3,2,3,2,1,4,3,2,2,1,3,3,1,1,1,10,0,2,,,,,,3,3,3,5,8,2,10,5,9,0,1,6,6,3,3,1,,,,,,,,,,,,,,,,,,1,3,5,3,1,1,3,3,2,2,1,2,3,3,1,1,4,2,98,3,,,1,,1,,1,1,,,,10,1,,,,,,3,3,2,3,4,4,1,1,4,,3,1,PC,1,0.648,,0.629,7
298184,07/04/2025,1,1,69,6,5,1,6,3,5,2,2,3,3,4,1,4,2,2,3,2,2,3,3,2,2,6,6,3,,,,,,2,3,2,7,7,6,4,7,4,4,2,97,1,3,4,,1,,,,,,,,1,,,1,,,,,,,7,2,3,4,3,3,2,3,3,3,3,3,3,2,,4,4,1,4,,,1,,,,,,,,,5,1,,,,,,3,3,3,3,3,4,1,2,4,,1,1,Mobile,1,0.845,,0.82,4
298185,07/04/2025,1,1,,4,3,1,4,1,1,3,2,2,4,4,1,2,3,2,4,3,1,2,1,1,1,1,3,1,,,,,,2,3,4,8,9,7,10,10,10,0,2,6,6,3,3,1,,1,,,,,,,,,,,,,,,1,,1,5,4,2,4,2,1,1,1,1,2,2,1,2,,4,4,1,2,,,,,,,,1,,,,10,1,,,,,,4,4,4,4,4,1,1,1,4,,5,1,Mobile,1,1.183,,1.147,7
298186,07/04/2025,1,1,26,2,1,2,8,4,5,5,2,2,4,2,3,4,2,2,3,2,3,3,3,4,3,9,7,4,,,,,,3,2,2,6,7,2,4,8,8,3,1,98,2,3,4,1,1,,,1,1,,,1,,,,1,1,,,,,,3,2,3,2,2,3,2,2,1,2,2,3,3,1,5,3,3,1,4,,,1,1,1,,,1,,,,7,1,,,,,,3,3,3,3,2,5,1,4,4,,5,1,Mobile,1,0.871,,0.845,3
298187,07/04/2025,1,1,,3,2,1,3,1,1,5,4,1,4,4,1,2,4,2,4,3,98,3,1,1,1,5,2,1,,,,,,2,2,2,7,9,4,8,7,7,2,2,5,5,2,4,1,,1,,,,,,,,,1,,,1,,,,,8,5,2,2,98,3,1,2,1,1,2,2,2,1,1,4,4,2,3,,,1,1,1,1,,1,,,,8,1,,,,,,4,4,4,4,4,1,1,2,4,,2,1,PC,1,1.065,,1.033,4
298188,07/04/2025,1,1,,4,3,2,8,4,5,5,4,5,4,3,4,3,1,2,4,2,3,4,3,4,3,10,10,5,,,,,,2,2,1,3,4,10,3,10,6,6,1,3,2,5,4,1,1,,,,,,,,,,,1,1,,,,,,1,1,4,2,2,4,2,1,1,4,4,4,4,1,2,4,3,1,2,1,,,,,,,,,,,4,,1,,,,,3,3,3,3,2,6,1,1,3,1979,3,1,Mobile,1,0.92,,0.892,5
298189,07/04/2025,1,1,54,5,4,1,8,4,2,3,3,2,4,4,1,4,3,2,4,3,2,3,1,3,2,5,2,1,,,,,,2,2,1,8,9,7,8,9,10,5,1,1,1,2,4,,1,,,,,,,,,,,,,1,,,,,8,5,3,1,2,4,2,3,3,2,3,4,2,1,3,4,3,2,4,,,,1,1,,,1,,,,1,1,,,,,,4,4,3,4,3,1,1,1,6,,3,1,PC,1,1.04,,1.009,2
298190,07/04/2025,1,1,54,5,4,1,8,4,2,2,3,1,4,4,1,2,4,2,4,3,2,3,2,2,1,2,2,1,,,,,,2,3,3,9,10,5,8,5,10,1,1,4,4,2,5,1,1,1,,,,,1,1,,,,1,,,,,,,8,5,3,2,2,3,1,3,3,1,2,4,2,2,,4,2,2,4,,,,1,1,1,,1,,,,4,1,,,,,,4,4,4,3,4,1,1,1,6,,2,1,Mobile,1,1.04,,1.009,1
298191,07/04/2025,1,1,,6,5,2,9,5,3,5,5,5,1,,,,,2,1,1,2,3,3,3,2,6,4,3,2,1,2,2,2,2,2,2,1,1,1,3,2,2,2,3,98,11,3,3,1,,,,,,,1,,,,,,1,,1,,,,3,3,98,98,98,98,98,1,1,2,1,1,1,2,,4,4,2,3,,,1,,,,,,,,,0,1,,,,,,2,2,3,2,3,6,2,,,,2,2,Mobile,1,,0.176,0.201,8
298192,07/04/2025,1,1,48,4,3,1,6,3,5,4,3,2,3,4,3,4,1,2,3,2,3,4,3,3,3,9,5,5,,,,,,2,2,1,6,5,6,3,5,7,5,2,7,3,5,4,1,1,,,,,,,,,,1,1,1,1,,,,,5,2,3,2,2,3,2,2,2,3,2,3,3,1,4,4,3,1,2,,,1,,1,,,,,,,1,1,,,,,,4,4,3,3,2,6,1,1,3,1990,3,1,Mobile,1,0.703,,0.682,4
298193,07/04/2025,1,1,,6,5,1,7,3,5,3,4,3,4,4,3,4,1,2,4,3,3,4,1,4,4,10,10,5,,,,,,4,1,1,0,0,10,0,10,0,10,1,7,7,7,4,1,,,,,,,,,,,,,,,,,1,1,2,1,4,1,1,4,4,1,1,4,2,4,4,2,,4,4,1,1,,,,,,,,1,,,,0,,1,1,,,,4,4,4,1,2,5,1,1,2,1980,1,1,Mobile,1,0.845,,0.82,5
298194,07/04/2025,1,1,32,3,2,2,5,2,2,3,3,3,3,4,4,3,2,2,4,3,2,4,4,4,4,10,10,2,,,,,,1,98,2,5,2,4,0,10,3,0,4,94,94,3,4,,,,,,,,,1,,,,1,,,,,,,1,1,3,3,1,3,98,1,1,4,2,98,98,1,5,4,3,1,3,,,,,,,,1,,,,8,1,,,,,,4,4,2,3,1,6,1,3,7,,2,1,Mobile,1,1.398,,1.356,5
298195,07/04/2025,1,1,,2,1,2,4,1,5,5,4,4,4,4,4,3,2,2,4,3,3,2,3,4,98,6,6,1,,,,,,3,3,2,3,6,3,5,8,8,2,3,96,1,3,3,,1,,,1,,,,,,,,1,1,,,,,,4,98,98,2,3,3,2,1,98,2,2,3,98,2,,4,4,1,98,,,,,,,,,,,1,5,1,,,,,,98,3,3,98,2,5,1,3,4,,99,1,Mobile,1,1.04,,1.009,4
298196,07/04/2025,1,1,48,4,3,1,9,5,5,5,4,3,1,2,3,4,1,2,1,1,3,3,4,4,3,10,10,5,,,,,,1,1,1,0,0,8,0,10,2,7,1,8,11,7,5,1,,,,,,,,1,,,,,,,,,1,,3,1,4,1,1,4,4,1,2,3,2,2,1,2,,4,4,1,2,1,1,1,,,,1,,,,,1,,,1,,,,3,3,2,2,1,6,1,1,4,,4,1,Mobile,1,0.79,,0.767,5
298198,07/04/2025,1,1,,3,2,1,8,4,5,5,2,1,4,4,1,3,4,2,4,4,2,3,4,4,4,5,7,1,,,,,,3,1,2,2,2,2,5,10,10,2,1,30,3,98,5,1,,,,,,,,1,,,,,,,,,1,,1,98,4,1,1,4,4,2,2,2,1,2,2,1,1,4,4,1,3,,,,1,1,,1,1,1,,,9,1,,,,,,4,3,98,4,2,5,1,3,4,,3,1,Mobile,1,0.849,,0.823,4
298200,07/04/2025,1,1,33,3,2,1,5,2,3,4,3,5,4,,,,,0,1,1,2,4,4,3,2,10,10,4,3,3,2,2,2,3,2,4,0,0,5,5,5,5,5,1,11,94,7,3,1,,,,,,,,,,,,,,,,,1,,1,98,1,3,2,4,4,1,1,2,1,1,1,2,,4,4,2,1,,,1,,,,,,,,,0,1,,,,,,4,4,2,4,2,3,2,,,,2,2,,2,,1.834,2.091,8
298201,07/04/2025,1,1,50,5,4,2,5,2,3,5,3,5,3,,,,,0,2,2,3,3,4,1,1,10,3,5,4,3,2,2,98,3,2,2,3,0,5,7,4,7,5,1,12,12,5,4,1,1,,,1,1,,,,,,,,,,1,1,,,1,2,3,2,3,4,4,1,2,2,2,2,1,1,3,4,4,1,1,,,,,,,1,,,,,0,1,,,,,,3,3,2,2,3,4,2,,,,2,2,,2,,2.054,2.341,8
298202,07/04/2025,1,1,,4,3,1,8,4,5,4,2,5,4,4,3,4,1,2,4,2,1,2,4,4,3,10,10,5,,,,,,2,3,1,2,4,6,0,10,5,5,1,30,7,3,5,1,,,,1,1,,1,1,1,,,1,,,,,,,4,1,4,1,1,4,2,1,3,4,3,3,3,2,,4,4,1,4,,,1,1,1,1,,1,,,,0,,1,,,,,4,4,4,4,1,6,1,4,4,,1,1,Mobile,1,0.943,,0.914,5
298203,07/04/2025,1,1,,5,4,1,5,2,4,4,3,2,4,3,1,2,3,2,4,4,4,1,2,2,1,1,0,1,,,,,,4,2,1,9,8,4,7,7,8,1,1,97,1,2,5,1,1,,1,,,,,,,,1,,1,,,,,,7,3,3,4,3,4,2,2,2,2,2,3,3,2,,4,2,1,4,,,,,,,,1,,,,10,1,,,,,,4,3,3,3,2,5,1,3,4,,4,1,Mobile,1,1.039,,1.008,4
298204,07/04/2025,1,1,27,2,1,1,4,1,3,4,1,5,2,,,,,0,2,1,98,2,4,1,98,10,5,5,4,4,3,98,98,98,4,2,5,0,8,5,8,0,6,1,12,12,98,3,1,,,,,1,1,1,,,,,,,,,,1,,1,5,3,2,3,4,3,1,2,4,2,98,1,1,5,4,3,1,1,,1,1,,,,1,,,,1,0,1,,,,,,4,4,3,4,4,2,2,,,,3,2,,2,,5.027,5.73,8
298205,07/04/2025,1,1,,4,3,1,6,3,5,5,4,4,3,1,3,4,1,2,3,1,2,3,3,4,2,8,7,3,,,,,,2,2,2,3,5,5,5,5,5,5,1,97,8,98,3,1,1,1,,,,,,1,,,1,1,1,,,,,,3,2,3,2,2,3,3,2,2,3,2,3,3,1,1,4,2,1,2,1,,1,,1,,1,1,,,,6,1,,,,,,4,4,3,3,1,6,1,1,6,,4,1,Mobile,1,0.703,,0.682,4
298207,07/04/2025,1,1,59,5,4,1,5,2,2,5,5,5,2,,,,,0,1,1,3,4,4,1,98,10,10,5,4,3,3,1,4,3,4,4,5,5,5,2,5,2,5,1,12,12,5,2,,1,1,,1,,,,,,,,,,,1,1,,1,98,1,4,98,98,4,1,98,2,4,4,4,4,1,1,4,4,1,1,,,,,,,,,,,1,0,1,,,,,,4,2,98,4,4,5,2,,,,1,2,,2,,0.717,0.818,8
298208,07/04/2025,1,1,33,3,2,1,8,4,2,5,4,5,4,4,1,2,4,2,4,3,4,4,1,1,1,8,0,1,,,,,,1,4,1,6,8,1,2,9,9,0,1,30,94,1,1,,,,,,,,,,,,,,,,,,,,6,5,4,2,3,4,98,1,1,1,2,2,1,1,2,4,2,1,1,,,,1,1,1,,1,1,,,8,1,,,,,,4,3,3,3,3,1,1,1,4,,3,1,Mobile,1,1.144,,1.11,3
298209,07/04/2025,1,1,53,5,4,1,3,1,3,5,5,5,1,,,,,0,1,1,4,4,4,1,4,10,10,5,3,3,2,1,4,1,4,1,6,3,3,3,3,3,4,1,1,1,5,5,,1,,,,1,1,1,1,,1,1,1,1,1,,,,,8,1,4,1,3,4,1,2,3,4,1,3,3,2,,4,4,1,98,1,,1,,,,,,,,1,0,1,,,,,,4,4,4,4,3,6,2,,,,3,2,,2,,0.81,0.923,8
298210,07/04/2025,1,1,54,5,4,1,7,3,4,4,4,5,4,,,,,0,3,2,1,1,4,1,4,10,5,4,3,4,2,2,4,3,2,3,3,3,6,7,6,0,9,1,12,12,5,4,1,1,1,,,,,1,,,,1,1,1,1,1,,,,5,1,4,2,2,4,3,1,2,4,2,2,1,1,2,4,3,1,1,,,,,,,1,,,,,0,1,,,,,,2,2,2,2,2,5,2,,,,5,2,,2,,0.099,0.113,8
298211,07/04/2025,1,1,30,3,2,1,8,4,4,3,3,2,4,3,1,3,2,2,4,4,2,1,2,4,2,6,5,5,,,,,,2,2,2,4,5,5,6,10,10,3,1,98,1,2,4,1,,,,,,1,,,,,,,,,,,1,1,2,4,3,2,3,4,1,2,2,2,2,3,3,2,,3,4,1,4,,,,,,,,1,,,,8,1,,,,,,4,4,4,2,2,5,1,4,4,,5,1,Mobile,1,0.914,,0.886,4
298213,07/04/2025,1,1,60,6,5,1,8,4,3,5,4,5,4,,,,,0,1,1,3,3,4,1,4,10,10,5,3,3,1,2,3,1,2,1,0,0,5,5,5,0,3,1,12,13,7,5,1,1,,1,,1,,,1,,,,,1,,1,,,,1,1,2,1,3,4,4,1,1,4,1,1,3,2,,4,4,1,1,,1,1,,,,1,,,1,,0,1,,,,,,98,1,1,3,3,2,2,,,,5,2,,2,,0.093,0.106,8
298214,07/04/2025,1,1,,6,5,1,6,3,5,5,3,2,4,4,4,1,3,2,4,4,2,2,4,4,4,9,7,5,,,,,,3,2,4,0,4,7,0,10,6,5,1,98,2,5,4,1,1,,,,,,,,,,1,1,1,,,,,,1,1,4,1,1,4,4,1,1,4,2,4,2,1,1,4,4,1,2,,,1,,1,,1,1,,,,7,1,,,,,,4,3,2,2,2,6,1,1,6,,3,1,Mobile,1,0.845,,0.82,5
298218,07/04/2025,1,1,46,4,3,2,9,5,4,4,3,4,4,4,4,3,1,2,4,3,3,3,3,3,3,9,5,3,,,,,,2,1,2,5,7,3,3,6,7,0,1,97,3,2,4,1,1,1,,,,,,,,,,1,1,1,,,,,4,2,3,2,2,3,3,2,3,3,2,4,98,1,1,4,2,1,2,,,1,1,,,,,,,,6,1,,,,,,4,4,4,3,2,5,1,3,4,,4,1,Mobile,1,0.83,,0.806,5
298219,07/04/2025,1,1,54,5,4,1,5,2,3,5,5,5,3,,,,,0,1,1,98,3,1,2,98,10,10,98,4,3,3,3,4,3,3,3,0,0,0,0,0,0,0,3,94,94,98,2,,,,,1,,,,,,,,,,,1,,,,1,1,98,98,3,4,4,1,1,1,1,1,1,2,,4,4,98,1,,,,,,,1,,,,,0,1,,,,,,1,1,1,1,3,4,2,,,,2,2,,2,,0.717,0.818,8
298220,07/04/2025,1,1,57,5,4,1,2,1,3,5,4,4,1,,,,,0,1,1,98,4,4,1,4,10,0,5,4,3,3,3,2,1,1,2,3,3,8,2,8,3,7,1,97,13,7,2,1,1,,1,,,,,,,,,,,,1,1,,1,3,1,3,98,3,4,4,1,2,3,3,2,1,2,,4,4,1,1,,,,,,,1,,,,,0,,1,,,,,3,3,3,2,3,6,2,,,,5,2,,2,,0.81,0.923,8
298221,07/04/2025,1,1,23,2,1,1,5,2,2,3,2,2,4,4,1,4,2,2,4,3,3,3,2,2,1,3,2,1,,,,,,2,3,2,8,9,8,5,9,9,2,2,97,4,2,3,,,,,,,,,1,,,,,,,,,1,,3,4,4,1,1,3,2,2,2,1,3,3,4,1,0,2,3,1,3,,,1,1,,1,,,,,,3,1,,,,,,4,4,3,3,3,2,1,2,4,,4,1,Mobile,1,1.505,,1.46,1
298224,07/04/2025,1,1,,3,2,2,9,5,5,5,3,5,2,98,4,3,1,2,2,1,2,3,3,3,3,8,9,5,,,,,,3,2,3,2,5,8,4,9,6,4,1,2,2,5,2,1,,,,,,,,,,,,,,,,,1,,1,1,3,1,1,4,4,1,2,2,2,3,3,1,5,4,3,1,2,,,1,,,,,,,,,2,1,,,,,,3,3,3,3,1,6,1,1,4,,3,1,Mobile,1,0.694,,0.674,4
298225,07/04/2025,1,1,55,5,4,1,5,2,5,5,3,3,2,,,,,0,98,1,4,1,1,4,4,10,5,5,4,2,2,2,4,4,3,3,5,5,10,2,10,5,8,3,98,94,7,2,,,,,,,,1,,,,,,1,,,,,,4,1,3,4,3,4,2,3,2,4,4,4,4,2,,4,4,1,4,,,,,,,,,,,1,5,1,,,,,,4,4,4,4,3,4,5,,,,2,2,,2,,1.856,2.115,8
298228,07/04/2025,1,1,,4,3,1,9,5,4,4,3,2,3,4,4,3,1,2,2,1,4,4,3,3,3,10,5,5,,,,,,1,1,1,1,5,5,1,5,5,5,1,7,3,4,5,1,1,1,,,,,1,,1,,1,,,,,,,,7,1,4,1,1,4,3,2,3,4,4,4,4,1,5,3,4,1,3,,,1,,1,1,,1,1,,,2,1,,,,,,4,4,4,4,3,4,1,2,4,,4,1,PC,1,0.851,,0.825,6
298229,07/04/2025,1,1,,7,5,1,9,5,5,5,3,4,4,4,1,3,4,2,3,3,2,3,3,3,3,10,8,2,,,,,,2,1,1,0,2,6,0,9,9,2,1,30,2,4,4,1,,1,,1,,,1,,,,,1,,,,,,,1,1,3,2,2,3,2,1,1,4,2,3,3,2,,4,3,1,2,,,1,,1,,,1,,,,4,,,1,,,,3,3,2,2,2,5,1,3,4,,5,1,PC,1,0.951,,0.922,3
298230,07/04/2025,1,1,41,4,3,2,4,1,1,4,3,3,4,4,1,4,3,2,4,3,3,2,1,1,1,1,1,1,,,,,,4,1,2,10,10,3,10,5,6,0,1,6,6,2,2,1,,,,,,,,,,,,1,,1,,,,,2,5,1,3,3,2,2,3,2,1,3,3,1,1,4,4,4,1,4,,,1,1,1,,,1,1,,,9,1,,,,,,2,3,2,3,4,4,1,1,4,,5,1,Mobile,1,1.154,,1.12,5
298231,08/04/2025,1,1,51,5,4,2,6,3,5,5,3,5,4,4,1,3,2,2,4,3,4,3,4,4,4,5,8,1,,,,,,3,2,3,1,4,4,1,8,8,1,1,2,2,5,2,,,,,1,1,,,,,,,1,,,,,,,2,2,3,3,98,98,2,1,1,3,2,4,3,2,,4,4,1,2,,,1,1,1,,,1,,,,8,1,,,,,,3,3,3,3,2,6,1,3,4,,4,1,Mobile,1,0.561,,0.544,4
298232,08/04/2025,1,1,,4,3,2,9,5,4,5,3,1,3,,,,,2,2,1,3,2,4,3,4,10,10,5,3,3,2,3,4,4,4,2,5,5,5,2,6,4,10,1,8,2,7,3,,1,,1,,,,1,,,,,,,,,1,,,7,2,4,4,2,4,3,3,3,4,3,4,3,1,0,4,4,1,3,1,,,,,,,,,,,0,1,,,,,,4,3,3,4,3,6,5,,,,3,2,Mobile,1,,0.107,0.122,8
298233,08/04/2025,1,1,53,5,4,1,9,5,4,4,4,2,3,3,4,1,3,2,2,1,1,1,2,3,1,7,2,3,,,,,,2,2,1,7,9,2,1,9,9,7,1,7,7,2,5,1,,1,1,1,,,,,,,,,,,,,1,,7,5,4,3,3,3,1,2,2,2,3,3,3,1,3,4,3,1,3,1,,1,,1,,1,1,1,,,5,1,,,,,,3,2,2,2,2,4,1,1,4,,5,1,Mobile,1,0.696,,0.676,4
298234,08/04/2025,1,1,23,2,1,2,7,3,2,5,3,2,4,3,1,3,4,2,4,3,2,3,2,3,3,5,5,2,,,,,,3,3,2,4,9,4,4,6,9,5,2,30,4,3,3,1,,,,1,1,,,,,,,1,,,,,,,3,4,4,2,2,4,3,2,2,1,2,3,3,1,3,4,3,1,2,,,,1,1,,,1,,,,8,1,,,,,,3,3,3,3,3,4,1,4,4,,3,1,Mobile,1,0.875,,0.849,7
298235,08/04/2025,1,1,,7,5,1,9,5,5,3,3,1,4,4,1,3,2,2,4,4,2,2,3,3,2,8,7,3,,,,,,98,2,3,7,5,4,4,7,6,3,2,10,3,3,3,1,,1,,,,,,,,,,,,,,,1,,5,98,3,2,2,3,3,2,3,2,2,3,3,2,,4,4,1,5,,,,,1,,,,1,,,5,1,,,,,,4,3,3,3,2,5,1,1,6,,3,1,PC,1,0.951,,0.922,4
298236,08/04/2025,1,1,36,3,2,1,7,3,2,5,5,5,4,,,,,0,1,1,1,4,4,1,4,10,10,5,3,2,4,1,98,3,2,2,0,0,8,5,0,0,5,1,30,12,7,5,1,,1,,,,,1,,,,,,,,,,,1,5,1,4,2,3,3,3,2,1,4,1,1,1,1,1,4,4,1,1,,1,,,1,,1,,,1,,0,1,,,,,,1,1,1,1,3,2,2,,,,4,2,,2,,0.552,0.63,8
298240,08/04/2025,1,1,,3,2,1,4,1,1,2,2,4,4,4,2,1,4,2,4,3,4,3,1,2,1,0,1,1,,,,,,4,98,3,10,10,5,10,10,7,5,1,5,5,1,3,,,1,,,,,,,,,,,,,,,1,,1,3,98,2,3,98,98,1,2,1,2,98,2,2,,99,2,98,98,,,,,,,,1,,,,10,1,,,,,,98,98,98,98,4,1,1,2,4,,99,1,Mobile,1,1.065,,1.033,4
298241,08/04/2025,1,1,,3,2,1,9,5,5,5,4,5,2,1,3,4,1,2,1,1,3,4,4,4,4,10,10,5,,,,,,1,3,1,0,0,10,2,5,0,9,2,11,30,6,5,1,,,,,1,,1,,,,,,,,,,1,,1,1,2,1,98,4,4,1,1,3,1,1,1,99,,4,2,1,1,1,,,,,,1,,,,,0,,,,1,,,4,3,1,1,1,5,99,1,4,,99,1,PC,1,0.712,,0.69,5
298242,08/04/2025,1,1,,6,5,2,5,2,4,5,4,2,4,4,1,3,4,2,4,3,2,2,4,4,3,7,5,2,,,,,,1,3,3,5,7,5,3,8,5,3,1,98,1,4,2,,1,,,,,,,,,,,,1,,,,,,3,4,4,2,2,1,4,2,2,2,2,4,2,1,1,4,2,1,3,,,1,1,1,,,1,,,,7,1,,,,,,4,3,3,3,2,5,1,3,5,,3,1,Mobile,1,1.491,,1.446,2
298243,08/04/2025,1,1,28,2,1,2,8,4,5,5,4,3,4,4,1,4,3,2,4,3,3,3,3,4,2,8,4,1,,,,,,3,4,4,5,9,0,2,10,4,0,4,98,2,2,2,1,,,,1,1,,,,,,,1,,,,,,,7,2,4,98,2,2,1,1,2,1,3,4,3,2,,4,4,1,2,,,1,1,1,,,1,,,,10,1,,,,,,4,4,3,2,1,6,1,1,4,,99,1,Mobile,1,0.871,,0.845,5
298244,08/04/2025,1,1,54,5,4,2,5,2,5,2,3,1,4,4,1,3,2,2,4,3,2,3,2,4,1,5,5,1,,,,,,3,3,1,10,9,2,5,9,9,1,1,1,1,1,2,,,1,,,,,,,,,,,,1,,,,,9,5,4,4,2,1,1,4,3,1,3,4,2,1,5,4,4,2,5,,,,1,1,1,,1,,,,1,1,,,,,,4,4,2,4,2,5,1,1,6,,3,1,Mobile,1,0.942,,0.914,2
298245,08/04/2025,1,1,,2,1,2,5,2,4,4,4,5,4,3,2,1,3,2,4,1,98,3,3,3,98,1,5,1,,,,,,3,3,3,5,5,4,3,5,5,3,2,99,99,3,3,1,1,,,1,,1,,1,,,1,1,1,1,,,,,4,98,3,4,4,3,1,2,1,2,2,3,1,1,5,4,4,1,3,,,,1,1,,,1,,,,9,,,,,,1,3,2,2,2,2,5,1,3,4,,1,1,Mobile,1,1.173,,1.138,5
298247,08/04/2025,1,1,45,4,3,1,8,4,5,5,1,5,1,,,,,0,1,1,2,4,4,1,4,10,0,3,4,4,2,1,3,2,2,1,0,0,5,5,7,0,6,1,11,11,5,4,1,,1,,,,,,,,,,,,,,,1,,3,1,4,1,1,4,1,1,3,4,1,2,2,1,2,4,4,1,1,1,,,,,,,,,,,0,1,,,,,,3,3,3,3,2,5,2,,,,1,2,,2,,0.318,0.362,8
298248,08/04/2025,1,1,35,3,2,1,4,1,5,4,3,4,4,,,,,0,1,1,1,4,3,4,98,10,8,5,3,4,98,1,4,4,1,1,4,2,6,4,8,0,5,2,12,12,4,5,,,,,,,,,1,1,,,,,,,,1,,4,3,4,2,4,4,98,1,2,2,2,2,98,2,,4,4,1,5,1,,,,1,,1,,,,,8,1,,,,,,3,4,98,3,1,6,2,,,,3,2,,2,,5,5.7,8
298249,08/04/2025,1,1,56,5,4,1,4,1,2,5,3,2,2,,,,,0,2,1,98,4,4,2,4,5,7,5,4,3,3,2,3,3,3,3,7,7,7,10,8,98,8,1,2,99,7,2,1,1,,,,,,,,,,,1,,,1,,,,8,3,3,2,2,4,3,2,2,2,2,2,2,1,5,4,4,1,98,,,,,,,1,,,,,0,1,,,,,,3,3,3,3,3,5,2,,,,5,2,,2,,0.81,0.923,8
298250,08/04/2025,1,1,72,7,5,2,2,1,2,4,3,5,3,,,,,0,1,2,98,4,4,1,4,10,0,5,3,98,3,2,4,4,1,4,0,0,0,0,98,0,0,98,97,94,7,5,,1,,,,,,,,,,,,,,1,,,,1,98,98,98,3,4,4,1,1,1,1,1,1,2,,4,4,1,1,,,,,,,1,,,,,0,1,,,,,,98,4,2,3,4,6,2,,,,2,2,,2,,2.279,2.598,8
298251,08/04/2025,1,1,61,6,5,2,9,5,3,5,3,5,4,,,,,0,1,1,98,1,4,1,1,10,2,5,4,3,3,1,2,1,1,1,0,0,7,3,5,0,5,1,13,12,7,5,,1,,,,,,,,,,,,,,1,,,,1,1,4,2,4,4,4,1,1,2,1,1,2,1,0,4,4,1,1,1,,,,,,,,,,,0,1,,,,,,1,3,3,1,3,3,2,,,,3,2,,2,,0.176,0.201,8
298252,08/04/2025,1,1,,2,1,1,5,2,4,5,3,3,2,2,3,4,1,2,2,1,3,3,3,4,3,8,9,4,,,,,,3,2,2,0,4,7,3,8,5,5,1,8,2,6,2,1,,,1,,,,,,,,,1,,,,,,,3,1,3,1,2,4,3,2,2,3,1,2,2,1,5,4,3,1,2,,,1,,,,1,,,,,3,,1,,,,,3,2,2,1,2,5,1,1,2,2001,4,1,Mobile,1,1.202,,1.166,4
298253,08/04/2025,1,1,49,4,3,2,4,1,4,3,3,3,4,4,1,2,3,2,4,3,3,4,3,1,1,10,1,1,,,,,,4,2,4,10,10,0,5,5,5,0,1,1,1,1,1,,,,,,,,,,,,,,,,,,,,5,5,4,4,4,1,1,4,4,1,3,3,1,1,1,4,3,1,3,,,,1,,,,1,,,,10,1,,,,,,3,3,3,3,3,5,1,3,5,,3,1,Mobile,1,1.183,,1.148,6
298255,08/04/2025,1,1,,7,5,1,4,1,4,5,3,5,2,,,,,0,3,1,4,2,4,1,3,5,10,5,3,4,4,98,4,4,1,4,5,5,9,5,10,2,8,1,12,12,7,2,,1,,,,,,,,,,,1,,1,1,1,,,5,1,4,3,4,4,4,2,2,2,3,3,2,1,5,4,3,1,1,1,1,1,,1,,1,,,,,10,1,,,,,,3,3,2,98,2,1,2,,,,3,2,,2,,0.367,0.418,8
298256,08/04/2025,1,1,45,4,3,1,4,1,4,3,3,4,2,,,,,0,2,1,4,3,3,3,4,10,10,5,4,3,3,2,4,2,1,3,8,5,98,98,10,98,8,3,30,3,2,1,,,,,,,,,,,,,,,,,,,,8,2,4,4,3,4,3,2,2,3,2,3,4,1,3,4,4,1,4,,,,1,1,,,,,,,0,1,,,,,,4,4,3,4,2,5,2,,,,3,2,,2,,0.483,0.551,8
298257,08/04/2025,1,1,,6,5,2,4,1,5,5,2,5,3,4,3,4,1,2,3,3,3,3,4,4,4,10,10,4,,,,,,2,2,2,4,4,5,3,10,7,3,1,3,2,4,5,1,1,,,1,,,,1,,,,1,,,,,,,2,2,3,2,2,3,2,1,1,3,1,4,2,2,,4,4,1,3,,,,,,,,1,,,,9,1,,,,,,3,3,4,3,2,6,1,1,6,,99,1,Mobile,1,1.322,,1.283,3
298258,08/04/2025,1,1,44,4,3,1,6,3,3,1,4,5,3,,,,,0,2,1,1,4,4,1,4,10,5,5,1,2,2,3,2,1,1,2,5,0,0,0,0,0,8,4,94,94,7,5,1,1,1,,1,1,1,,,,,,1,,,1,,,,5,1,4,4,98,4,4,1,1,2,2,2,98,2,,4,4,1,98,,,,,,,1,,,,,0,1,,,,,,3,3,2,2,3,2,2,,,,4,2,,2,,0.28,0.319,8
298259,08/04/2025,1,1,64,6,5,1,5,2,2,5,4,5,3,,,,,0,3,4,1,98,2,1,98,5,2,1,2,2,1,3,2,1,4,4,10,9,0,8,2,8,98,4,96,96,98,1,,,,,,,,,,,,,,,,,,,,98,98,2,2,98,3,3,2,2,2,2,2,2,2,,4,4,98,2,,1,,,,,1,,,1,,0,1,,,,,,2,2,2,2,3,1,2,,,,3,2,,2,,0.705,0.804,8
298260,08/04/2025,1,1,,3,2,1,4,1,3,5,4,5,2,,,,,0,2,4,98,4,2,3,3,10,9,5,3,3,2,2,4,4,4,4,10,7,10,8,8,98,9,1,7,11,4,1,,,,,,,,,,,,,,,,,,,,98,4,3,2,2,4,4,2,3,3,3,3,2,2,,4,4,1,4,,,,,,,,,,,1,0,,1,,1,,,3,3,3,3,2,4,2,,,,5,2,,2,,2.07,2.36,8
298263,08/04/2025,1,1,62,6,5,1,8,4,2,5,5,5,3,,,,,0,98,4,98,4,4,1,4,10,0,98,4,4,2,2,3,3,4,3,2,0,5,0,7,0,5,1,96,96,7,5,,1,1,,1,,,,,,,,1,,,,,,,1,1,3,2,3,4,4,1,1,3,2,1,1,2,,4,4,1,1,,,,,,,,,,,1,0,1,,,,,,2,2,2,1,3,2,2,,,,4,2,,2,,0.093,0.106,8
298269,08/04/2025,1,1,25,2,1,1,8,4,3,4,3,4,2,,,,,0,98,2,2,3,3,2,3,10,9,5,4,3,3,2,3,2,2,2,1,1,8,3,6,0,7,1,13,13,7,3,1,1,,,1,1,,,,,,1,1,1,1,1,,,,98,1,3,2,2,4,4,2,2,3,2,2,98,2,,4,3,1,2,,1,,,,,1,,,,,0,,,,1,,,3,4,3,2,2,4,2,,,,3,2,,2,,5.027,5.73,8
298270,08/04/2025,1,1,26,2,1,1,7,3,5,5,4,5,3,3,4,3,1,2,3,1,3,4,4,3,4,10,6,4,,,,,,2,2,2,2,5,5,5,7,6,4,2,97,3,4,3,1,,,,,1,,,,,,,,,,,,1,,3,1,2,2,2,4,2,1,1,3,2,4,98,1,5,4,4,1,2,,,1,,,,1,1,,,,1,1,,,,,,2,4,2,1,1,6,1,4,4,,2,1,Mobile,1,0.665,,0.645,6
298274,08/04/2025,1,1,,7,5,2,5,2,5,4,3,5,3,3,3,1,4,2,2,1,3,4,4,3,4,10,9,2,,,,,,3,2,2,2,5,5,3,8,8,3,1,7,7,4,2,1,,,,1,,,1,,,,1,,,,,,,,1,2,3,2,3,4,4,1,1,3,1,2,2,1,1,4,2,1,3,,,1,,1,,,1,,,,3,,1,,,,,3,4,2,3,2,5,1,3,5,,5,1,Mobile,1,1.385,,1.343,5
298277,08/04/2025,1,1,,3,2,1,1,1,1,4,4,3,4,4,2,1,4,2,4,4,2,3,1,2,2,5,0,1,,,,,,4,4,3,7,8,3,10,10,7,98,2,5,6,2,3,,,1,,,,,,,,,,,,1,,,,,3,5,3,2,2,3,2,2,1,1,1,1,1,1,99,4,3,98,3,,,,,,1,,,,,,10,,,,,,1,4,4,4,4,4,1,1,3,4,,4,1,PC,1,1.065,,1.033,6
298278,08/04/2025,1,1,,3,2,2,6,3,5,4,3,4,3,98,1,3,4,2,3,1,2,98,2,3,98,8,4,98,,,,,,3,3,3,4,5,5,5,5,5,5,2,97,8,4,3,1,,1,,,,,,,,,1,1,,,,,,,4,3,3,2,2,3,98,2,2,2,2,3,98,1,5,4,3,1,2,,,1,,1,,,1,,,,3,1,,,,,,3,4,3,2,1,5,1,1,2,1998,3,1,Mobile,1,0.617,,0.599,3
298280,08/04/2025,1,1,33,3,2,2,9,5,5,4,4,2,4,3,4,3,1,2,3,2,1,2,4,4,3,9,8,5,,,,,,2,1,3,7,7,5,5,9,9,7,2,98,1,3,4,,,,,,,,,1,,,,,,,,,1,,4,4,3,1,1,4,4,2,2,3,3,4,4,1,5,4,3,1,4,,,1,,1,,1,1,,,,7,1,,,,,,4,4,3,3,1,6,1,1,3,1991,2,1,Mobile,1,0.694,,0.674,4
298281,08/04/2025,1,1,,5,4,1,9,5,5,5,4,5,1,1,3,4,2,2,2,2,3,4,3,4,4,10,10,5,,,,,,1,1,1,0,5,9,1,9,1,9,1,8,9,6,4,1,,,,,,,1,,,,,,,,,,1,,1,1,3,1,1,4,4,1,1,4,2,3,2,1,2,4,3,1,1,1,,1,,,,1,,,,,0,,1,1,1,1,,3,3,2,2,2,5,1,4,6,,2,1,Mobile,1,0.647,,0.628,6
298282,08/04/2025,1,1,50,5,4,1,9,5,4,4,4,4,3,3,1,3,4,2,3,4,2,2,3,3,3,9,6,5,,,,,,2,2,3,4,5,5,4,5,4,4,1,99,99,3,3,1,1,1,1,,,,1,,1,,1,,,,,,,1,2,2,3,1,2,3,3,1,1,3,2,2,1,1,5,2,3,1,3,,,1,,1,,1,1,,,,3,,1,,,,,3,3,2,98,2,4,1,1,2,1987,5,1,Mobile,1,0.696,,0.676,5
298283,08/04/2025,1,1,,5,4,2,9,5,5,4,1,4,3,4,1,3,4,2,2,1,3,3,3,4,3,10,6,3,,,,,,4,2,2,2,4,7,3,10,8,5,1,97,3,5,4,1,,1,,,,,,,,,1,1,,,,,,,3,1,3,2,1,3,3,1,2,4,2,3,2,1,1,4,2,1,3,1,,1,,1,,1,,,,,4,,1,1,,,,3,3,2,3,2,5,1,4,4,,5,1,PC,1,0.631,,0.612,4
298284,08/04/2025,1,1,,2,1,2,5,2,2,4,3,3,4,4,1,2,3,2,4,3,3,3,1,2,2,5,5,1,,,,,,4,1,2,7,10,2,8,9,10,1,2,4,4,1,3,1,,,,1,1,,1,,,,,,,,,,1,,4,5,3,2,2,1,1,2,2,2,2,3,1,1,3,4,3,98,2,,,,1,1,1,,1,,,,10,,,,,,1,4,3,3,4,3,5,1,1,4,,99,1,Mobile,1,1.469,,1.425,4
298310,09/04/2025,1,1,,3,2,1,9,5,4,5,3,4,2,,,,,2,1,2,2,2,4,4,4,10,10,5,3,3,3,1,2,1,1,3,2,4,2,7,9,6,7,1,8,9,4,4,1,1,,,,,,,,,,1,1,,,,,,,1,3,2,4,2,4,3,1,2,3,1,2,2,1,3,4,3,1,3,,,1,,,,1,,,,,1,1,,,,,,2,3,2,3,2,5,5,,,,5,2,Mobile,1,,0.074,0.084,8
298314,09/04/2025,1,1,60,6,5,2,7,3,5,4,2,4,2,2,4,2,1,2,3,3,1,3,4,2,3,10,10,1,,,,,,3,2,1,0,10,2,1,10,1,0,1,7,1,1,4,,1,,,,,,,,,,,1,,,,,,,8,2,3,4,3,4,3,2,2,3,1,4,3,1,2,4,2,1,4,,,1,,,,,1,,,,10,1,,,,,,3,3,3,3,2,4,5,1,2,1994,3,1,Mobile,1,0.825,,0.8,3
298321,09/04/2025,1,1,68,6,5,1,1,1,3,5,5,5,4,,,,,0,1,1,3,98,4,3,4,10,0,5,4,2,2,2,3,3,3,1,0,0,2,0,8,5,10,1,97,12,7,5,,1,,,,,,,,,,,1,1,,1,,,,1,1,3,4,2,4,4,1,2,3,1,1,3,1,1,4,3,1,98,,,1,,,,,,,1,,0,1,,,,,,3,4,4,1,4,1,2,,,,5,2,,2,,0.796,0.907,8
298324,09/04/2025,1,1,59,5,4,2,9,5,5,5,3,5,3,,,,,0,1,4,3,4,4,3,4,10,4,2,4,2,1,98,98,3,2,2,0,0,5,1,8,5,8,1,98,98,7,5,,1,1,,1,1,,,,,,,1,,,1,,,1,98,2,3,98,3,4,3,1,1,3,1,98,2,1,4,4,4,1,1,,1,1,,,,1,,,,,0,,1,,,,,98,98,98,98,1,6,2,,,,4,2,,2,,0.464,0.529,8
298330,09/04/2025,1,1,78,7,5,2,6,3,4,5,3,4,2,,,,,0,1,2,3,4,4,3,4,10,0,5,4,4,4,1,4,3,1,3,98,3,10,3,5,5,6,2,11,98,7,1,,,,,,,,,,,,,,,,,,,,98,4,98,3,3,4,3,2,2,3,2,2,3,2,,4,4,1,98,1,,1,,1,,1,,,,,0,1,,,,,,3,3,3,98,4,2,5,,,,4,2,,2,,0.28,0.319,8
298333,09/04/2025,1,1,38,3,2,2,9,5,3,4,4,5,2,,,,,0,98,4,3,2,3,4,4,10,10,5,3,2,2,98,3,2,3,3,0,0,0,0,0,0,5,3,97,13,98,4,,1,,,,,,,,,,,1,,,1,,,,1,1,3,2,2,4,4,2,2,3,3,2,2,1,4,4,4,1,98,,,,,,,,,,,1,5,,,,,,1,3,3,3,3,3,2,2,,,,2,2,,2,,0.459,0.523,8
298335,09/04/2025,1,1,66,6,5,2,5,2,1,5,3,5,3,,,,,0,1,1,4,2,3,1,98,10,10,5,4,4,4,1,4,2,3,1,0,1,8,0,2,0,5,3,97,98,98,5,,1,,,,,,,,,,,,,,,,,1,98,1,4,3,4,4,4,1,2,2,2,2,1,1,5,4,3,2,98,,,,,1,,1,,,,,0,1,,,,,,1,3,98,2,3,1,2,,,,2,2,,2,,1.461,1.666,8
298337,09/04/2025,1,1,45,4,3,1,8,4,3,4,3,5,2,,,,,2,98,1,3,2,2,98,98,10,4,98,3,2,1,2,4,2,3,2,5,6,1,1,5,1,7,1,97,99,2,3,1,1,1,1,,,,,1,,,,1,,,1,1,,,5,98,3,3,3,3,3,2,2,3,3,4,2,2,,4,4,1,3,1,,1,,,,,,,,,1,1,,,,,,3,3,3,3,1,6,5,,,,3,2,Mobile,1,,0.123,0.14,8
298338,09/04/2025,1,1,21,1,1,1,5,2,4,5,4,2,4,,,,,0,4,2,2,1,1,4,3,10,5,98,2,2,2,1,4,1,1,1,4,6,3,1,1,8,7,1,9,94,2,5,,1,,,,1,1,,,,,1,1,1,1,1,1,,,10,4,4,2,4,4,98,3,2,1,1,4,4,1,1,1,3,1,3,,,1,1,1,1,,1,1,,,5,1,,,,,,4,4,4,4,3,6,5,,,,4,2,,2,,5.027,5.73,8
298339,09/04/2025,1,1,82,8,5,2,2,1,1,98,2,5,2,,,,,0,1,4,98,4,4,1,98,10,8,5,98,2,2,3,3,4,2,4,0,0,98,0,98,98,5,3,94,94,98,4,,1,,1,1,,,1,,,,,,,,,1,,,98,98,98,3,98,4,4,98,2,98,2,98,1,2,,4,4,1,98,,,,,1,,1,,,,,0,1,,,,,,3,2,98,3,4,2,5,,,,2,2,,2,,1.65,1.88,8
298340,09/04/2025,1,1,40,4,3,1,5,2,3,4,3,4,3,,,,,0,98,2,1,3,3,2,2,1,5,2,4,2,2,1,4,98,2,3,5,5,5,5,5,5,10,2,7,11,5,3,,,1,,1,,,,,,,,,,,,,1,,7,2,3,2,1,4,2,2,2,3,3,3,3,2,,4,4,1,2,,,,1,,,1,,,,,5,1,,,,,,4,4,2,3,2,5,5,,,,3,2,,2,,0.93,1.06,8
298341,09/04/2025,1,1,65,6,5,1,9,5,3,4,3,5,2,,,,,0,1,1,2,4,4,1,4,10,6,5,4,4,98,1,4,3,1,2,3,0,7,4,5,5,7,1,97,8,6,5,1,1,,,,,,,,,,,1,,,,,,1,98,1,3,3,98,4,3,1,1,4,1,1,4,1,5,4,4,1,2,,,,,,,,,,,1,0,1,,,,,,2,2,2,2,2,2,2,,,,3,2,,2,,0.062,0.07,8
298342,09/04/2025,1,1,,4,3,2,8,4,3,5,4,5,3,,,,,2,2,2,98,3,1,2,4,5,10,98,4,4,2,1,3,3,2,2,1,3,6,2,3,2,4,3,13,13,7,4,1,1,1,,1,1,1,1,1,,,,,1,1,1,,,,4,1,2,3,3,3,2,1,2,4,1,1,1,2,,4,4,1,1,1,,,,,,1,,,,,6,1,,,,,,3,2,2,2,2,5,2,,,,2,2,Mobile,1,,0.352,0.401,8
298343,09/04/2025,1,1,53,5,4,1,8,4,3,5,4,3,4,,,,,0,4,2,2,4,2,3,3,0,10,5,4,3,3,1,3,1,2,1,10,10,0,10,5,10,10,1,1,1,1,5,1,,,,1,1,,1,,,,,1,,1,,,,,7,4,3,3,3,3,3,4,2,3,3,4,2,1,4,4,3,1,5,,,1,,,,1,,,,,0,1,,,,,,4,4,4,4,2,2,2,,,,3,2,,2,,0.095,0.108,8
298344,09/04/2025,1,1,43,4,3,2,5,2,4,2,3,3,2,,,,,2,2,1,3,3,1,3,3,10,10,5,3,3,3,98,3,3,3,2,10,10,5,10,5,5,98,1,12,12,98,2,1,,,,,,,,,,,,,,,,1,,,5,2,3,3,3,4,4,2,2,2,3,3,2,99,,4,4,1,1,1,,,,,,,,,,,6,1,,,,,,4,4,4,3,2,4,2,,,,1,2,Mobile,1,,1.226,1.397,8
298345,09/04/2025,1,1,57,5,4,1,5,2,4,5,5,5,3,,,,,0,4,3,2,4,4,1,4,6,10,2,4,98,1,1,4,4,3,4,8,5,5,2,5,4,5,2,3,3,5,2,,,,,,1,1,1,,,,,,,,,,,1,2,3,4,1,1,4,1,1,2,3,2,4,3,2,,4,4,1,3,1,,,,1,,1,,,,,0,,1,,,,,4,2,3,98,2,4,2,,,,5,2,,2,,0.33,0.377,8
298351,09/04/2025,1,1,41,4,3,1,6,3,4,5,3,4,2,,,,,0,98,2,3,2,3,98,4,7,5,98,3,4,1,1,4,3,1,2,0,0,0,8,4,98,2,1,12,12,98,2,,,,,,,,,,,1,,,,,,1,,,1,1,4,4,1,4,4,1,1,3,1,2,1,2,,4,4,1,1,,,,,,,1,,,,,2,1,,,,,,3,3,2,1,2,2,2,,,,3,2,,2,,0.129,0.147,8
298352,09/04/2025,1,1,,5,4,1,6,3,4,5,5,5,2,,,,,2,2,2,98,2,3,3,3,10,10,5,3,3,3,98,3,2,2,3,5,5,5,5,5,5,5,1,98,1,98,1,,,,,,,,,,,,,,,,,,,,5,98,3,3,2,3,3,98,98,3,98,3,98,1,4,4,4,1,2,1,,,,,,1,,,,,5,1,,,,,,3,3,3,3,2,4,5,,,,4,2,Mobile,1,,0.099,0.113,8
298355,09/04/2025,1,1,45,4,3,1,8,4,4,5,5,5,4,,,,,0,2,1,1,4,4,3,4,10,0,5,4,3,2,2,4,2,2,2,0,0,9,0,9,7,7,1,2,12,7,5,1,,,,,,,,,,,,,,,,,,1,1,1,4,4,4,4,4,1,1,4,1,2,1,2,,4,4,1,1,,,1,,,,,,,,,0,1,,,,,,1,1,1,1,2,6,2,,,,1,2,,2,,0.057,0.064,8
298369,09/04/2025,1,1,42,4,3,1,4,1,3,5,5,5,2,,,,,0,2,4,98,98,3,98,3,10,5,5,98,98,98,98,98,4,98,4,98,98,98,98,98,98,98,3,97,98,98,2,,,,,,,,,,,1,,,,,,,1,,98,3,98,98,3,4,3,1,1,1,1,1,1,1,4,4,4,1,3,,,,,,,,,,,1,5,1,,,,,,3,3,3,3,4,2,2,,,,4,2,,2,,1.05,1.196,8
298371,09/04/2025,1,1,,6,5,1,8,4,2,5,4,5,2,,,,,2,2,1,98,4,4,3,3,10,2,5,4,98,3,2,98,2,2,2,5,3,3,3,3,3,3,4,11,13,7,4,,1,,,,,,,,,,,,,,1,,,,4,2,2,2,98,1,98,1,2,2,2,2,2,1,3,4,4,98,1,,,,,,,,,,,1,1,1,,,,,,2,2,2,2,3,5,2,,,,4,2,Mobile,1,,0.093,0.106,8
298372,09/04/2025,1,1,30,3,2,1,9,5,3,5,4,5,3,,,,,0,98,4,2,3,3,2,3,10,3,4,4,2,1,2,3,2,3,1,2,1,7,4,5,4,6,98,30,12,6,5,1,,1,,1,1,1,1,1,1,,,,,,,,1,,4,1,3,3,2,3,3,2,2,3,1,1,2,1,4,4,3,1,1,,1,1,,,,1,,,,,0,1,,,,,,2,2,2,2,3,2,2,,,,5,2,,2,,0.16,0.183,8
298373,09/04/2025,1,1,45,4,3,2,8,4,3,5,5,5,98,,,,,0,98,4,98,4,4,1,4,10,0,5,4,3,1,1,2,3,1,2,0,5,7,0,0,98,10,1,11,11,7,5,1,1,,,,,,,,,,,1,1,,,,,,1,4,3,3,98,4,4,1,1,2,1,1,1,2,,4,4,1,1,,,,,,,,,,,1,4,1,,,,,,2,1,1,1,3,6,2,,,,5,2,,2,,0.352,0.401,8
298375,09/04/2025,1,1,61,6,5,2,8,4,2,5,3,5,3,,,,,0,1,1,4,4,4,1,4,10,0,5,4,2,1,2,4,3,2,1,0,0,0,0,0,0,5,4,94,94,7,5,1,1,,,1,1,,,,,,1,1,1,1,1,1,,,1,1,4,4,1,4,4,1,1,3,1,1,1,2,,4,4,98,1,,,,,,,1,,,,,0,1,,,,,,3,3,3,4,2,6,2,,,,3,2,,2,,0.267,0.304,8
298380,09/04/2025,1,1,47,4,3,1,6,3,4,3,1,2,3,,,,,0,3,3,3,4,2,4,4,8,7,1,4,1,1,3,4,2,4,3,5,5,5,0,5,5,10,4,94,94,3,4,1,,,,,,,,,,,,,,,,,,1,7,4,4,4,4,4,1,3,1,3,1,2,3,1,5,99,3,1,4,,,,,,,,,,,1,9,1,,,,,,4,4,4,3,2,5,2,,,,5,2,,2,,0.129,0.147,8
298381,09/04/2025,1,1,83,8,5,1,3,1,3,5,4,5,3,,,,,0,1,1,4,4,4,1,4,10,2,5,4,4,2,2,4,3,1,2,0,0,6,0,6,0,7,1,94,11,7,5,,1,,,1,,,,,,,,1,,,1,,,,1,2,4,3,1,4,4,1,1,3,1,1,3,2,,4,4,1,1,1,,,,,,1,,,,,0,1,,,,,,2,3,3,1,4,4,5,,,,3,2,,2,,0.796,0.907,8
298384,09/04/2025,1,1,,2,1,2,8,4,5,5,3,5,1,98,3,4,1,2,98,2,98,98,98,4,4,10,7,5,,,,,,98,98,2,98,98,98,98,98,98,98,1,99,9,5,4,1,,,,,,,,,,,,,,,,,1,,2,2,98,4,98,4,98,98,98,98,98,98,3,1,1,4,3,1,98,,,,,,,,,,,1,0,1,,,,,,4,4,4,4,3,5,1,4,4,,99,1,PC,1,0.871,,0.845,3
298385,09/04/2025,1,1,50,5,4,1,9,5,3,5,5,5,2,,,,,0,2,1,1,1,4,1,4,10,0,5,3,2,1,1,2,3,4,2,0,0,7,7,7,0,7,4,94,94,7,1,,,,,,,,,,,,,,,,,,,,1,1,3,2,2,3,4,1,1,3,1,1,1,2,,4,4,2,98,,,,,,,,,,,1,5,1,,,,,,98,1,1,98,3,2,2,,,,5,2,,2,,0.063,0.071,8
298386,09/04/2025,1,1,,6,5,1,4,1,4,4,3,4,3,,,,,2,1,1,1,2,2,3,98,5,5,5,4,4,4,2,4,3,2,3,10,6,6,5,9,6,10,1,1,1,2,3,,,1,,,,,,,,,,,,,,1,,,8,3,4,4,4,4,4,4,4,4,4,4,4,1,1,4,4,1,2,,,1,,,,,,,,,1,1,,,,,,4,4,3,4,2,3,2,,,,3,2,Mobile,1,,0.367,0.418,8
298387,09/04/2025,1,1,,5,4,1,3,1,4,5,4,3,98,,,,,2,98,1,98,98,98,98,3,4,6,98,98,98,98,98,4,98,98,4,98,98,98,10,10,10,10,1,7,99,98,1,,,,,,,,,,,,,,,,,,,,1,98,98,98,98,98,98,98,98,98,98,98,98,99,,4,4,1,1,,,1,,,,,,,,,6,1,,,,,,98,98,98,98,1,6,2,,,,1,2,Mobile,1,,0.373,0.425,8
298388,09/04/2025,1,1,48,4,3,1,4,1,5,5,4,3,98,,,,,0,98,4,98,4,2,4,4,10,6,5,4,3,4,98,4,3,3,4,98,98,98,5,6,6,7,3,94,98,7,2,,,1,,,,,,,,,1,1,1,1,1,1,,,98,98,3,3,98,4,3,98,98,4,4,4,1,2,,4,4,1,98,,,,,,,,,,,1,0,1,,,,,,3,3,3,98,2,4,2,,,,4,2,,2,,2.715,3.095,8
298389,09/04/2025,1,1,,6,5,1,5,2,3,3,3,3,2,,,,,2,98,4,2,3,3,3,3,5,6,5,3,3,3,98,4,3,3,3,5,5,5,5,7,5,9,1,98,94,5,2,,,,,1,,,,,,,,1,,,1,,,,5,4,3,3,3,3,98,3,3,3,3,3,3,2,,4,4,1,98,,,,,,,,,,,1,1,1,,,,,,4,4,4,4,2,6,2,,,,1,2,Mobile,1,,0.705,0.804,8
298390,09/04/2025,1,1,59,5,4,1,9,5,3,5,5,5,3,,,,,0,2,1,2,1,4,1,4,10,5,5,3,3,1,1,3,3,2,1,0,0,5,5,5,0,5,1,12,12,7,5,1,1,,,1,,,1,,,,,,,,1,,,,1,1,4,4,2,4,4,1,2,3,2,2,2,2,,4,4,1,1,1,1,,,,,1,,,,,0,1,,,,,,3,1,1,3,4,1,2,,,,3,2,,2,,0.063,0.071,8
298392,09/04/2025,1,1,61,6,5,1,5,2,3,5,4,5,4,,,,,0,1,1,3,1,4,4,1,10,0,98,3,3,3,98,2,3,3,3,0,0,6,2,7,0,7,3,94,94,7,5,1,,1,,1,1,1,1,1,,,1,1,,,1,,,,1,1,4,4,1,4,4,1,1,2,1,1,2,1,5,4,3,1,1,,1,1,,,,1,,,1,,0,1,,,,,,4,4,1,1,4,2,2,,,,4,2,,2,,0.705,0.804,8
298397,09/04/2025,1,1,43,4,3,2,9,5,4,5,4,5,2,,,,,0,98,4,2,2,98,1,2,10,8,5,3,4,3,1,3,1,1,3,98,98,98,4,8,98,6,1,97,98,98,1,,,,,,,,,,,,,,,,,,,,98,98,4,4,98,4,4,2,2,2,2,2,2,2,,4,4,1,98,,,,,,,,,,,1,0,1,,,,,,4,4,4,4,2,3,2,,,,1,2,,2,,0.107,0.122,8
298398,09/04/2025,1,1,57,5,4,1,6,3,3,5,5,5,4,,,,,0,98,4,1,4,4,1,1,10,5,1,4,1,1,1,4,4,1,3,0,0,0,5,7,98,5,4,94,94,7,1,,,,,,,,,,,,,,,,,,,,1,1,4,98,1,4,3,1,1,1,98,98,98,1,1,4,4,1,98,,,,,,,,,,,1,0,1,,,,,,98,1,1,1,4,2,2,,,,5,2,,2,,0.216,0.246,8
298399,09/04/2025,1,1,40,4,3,1,4,1,3,5,3,5,2,,,,,2,98,2,98,2,4,4,98,10,10,98,4,4,1,98,98,4,4,4,98,1,10,98,98,10,98,98,99,99,98,98,,,,,,,,,,,,,,,,,,,,98,98,98,98,98,98,98,1,1,98,1,4,1,1,5,4,99,98,98,,,,,,,,,,,1,10,,,,,,1,98,98,98,98,3,99,2,,,,99,2,Mobile,1,,1.05,1.196,8
298402,09/04/2025,1,1,,4,3,1,4,1,3,4,4,2,2,,,,,2,2,1,98,4,3,2,4,5,4,4,3,3,98,2,98,2,2,3,3,3,6,5,5,3,3,2,99,12,98,4,,1,,,,,,,,,,,1,1,,,,,,5,4,3,3,3,4,4,2,2,3,3,3,1,99,,99,99,1,2,,,,,,,,,,1,,1,,,,,,1,98,2,2,2,4,2,2,,,,5,2,Mobile,1,,1.05,1.196,8
298404,09/04/2025,1,1,52,5,4,2,9,5,4,4,4,4,3,4,1,4,3,2,3,1,2,3,3,3,2,8,4,2,,,,,,2,1,1,8,9,6,4,7,8,4,1,1,1,2,2,1,1,,,1,,,,,,,1,,,1,,,,,7,4,3,2,2,3,3,3,2,2,3,4,3,1,1,4,4,1,4,,,1,,1,,,,,,,7,1,,,,,,3,3,3,3,3,5,1,4,5,,3,1,Mobile,1,0.68,,0.659,7
298409,10/04/2025,1,1,50,5,4,2,4,1,4,5,5,5,3,,,,,0,98,4,98,4,4,1,4,10,5,5,4,4,4,1,1,4,1,3,0,0,5,0,98,0,7,4,94,94,7,4,,1,,,,,,,,,,,,,,1,,,,1,1,4,3,4,4,4,1,2,2,2,1,1,1,5,4,4,1,1,1,,,,,,,,,,,0,1,,,,,,1,2,1,2,3,6,2,,,,5,2,,2,,1.068,1.217,8
298410,10/04/2025,1,1,,5,4,2,8,4,4,4,3,1,1,,,,,0,2,1,98,4,1,1,1,10,10,3,4,3,1,1,4,1,3,1,10,0,0,3,5,0,10,4,1,94,4,5,1,1,,,1,1,1,1,1,1,,1,1,1,1,,,,,5,5,4,4,3,4,3,4,2,2,2,4,2,1,1,4,4,2,5,,,1,,1,,1,1,,,,0,1,,,,,,4,4,2,3,3,6,5,,,,5,2,,2,,0.125,0.142,8
298415,10/04/2025,1,1,47,4,3,2,9,5,4,5,2,5,4,,,,,0,1,3,3,1,3,1,4,10,5,5,4,1,1,1,4,4,1,1,98,5,10,98,10,5,10,1,99,9,5,2,,1,,,,,,,,1,,,1,,,,,,,6,1,4,4,4,4,1,2,2,4,4,4,98,1,1,4,3,1,4,1,,1,,1,,1,1,,,,0,1,,,,,,3,3,3,3,3,3,5,,,,3,2,,2,,0.107,0.122,8
298416,10/04/2025,1,1,65,6,5,2,8,4,3,5,3,5,2,,,,,0,2,3,98,1,4,1,4,10,5,98,4,3,1,98,4,2,1,1,4,0,6,0,6,0,10,2,7,98,4,5,,1,,,,,,,,,,1,1,,,,,,,8,2,4,4,3,3,98,1,2,4,4,4,4,1,1,4,3,1,4,,,,,,,,,,,1,10,1,,,,,,3,3,3,3,4,2,5,,,,5,2,,2,,0.267,0.304,8
298417,10/04/2025,1,1,65,6,5,1,5,2,3,3,5,4,4,,,,,0,4,2,2,4,4,3,4,10,0,5,3,3,1,1,4,3,1,3,1,1,7,0,4,2,4,1,97,98,7,5,1,,,,1,1,1,1,,,,,,1,,1,1,,,3,1,4,2,1,4,4,2,1,3,1,2,4,2,,4,4,1,2,,,1,,,,1,,,,,0,1,,,,,,4,4,1,3,3,2,5,,,,1,2,,2,,0.705,0.804,8
298418,10/04/2025,1,1,,4,3,2,9,5,3,5,3,5,4,,,,,0,1,1,4,98,4,2,4,10,10,98,4,3,3,1,98,3,1,3,0,0,5,0,0,0,3,1,11,11,7,2,,,,,1,1,,,,,,,,,,1,1,,,1,1,3,2,1,4,4,1,1,2,1,2,1,2,,4,4,98,1,,1,,,,,1,,,,,0,1,,,,,,3,3,2,2,3,6,2,,,,4,2,,2,,0.233,0.265,8
298419,10/04/2025,1,1,44,4,3,2,9,5,3,5,3,5,2,,,,,0,1,1,2,1,4,1,4,10,6,5,3,4,3,1,4,3,1,3,0,2,6,2,7,2,7,1,97,2,6,3,,1,1,,,,,,,,,1,,,,,1,,,1,1,3,4,2,4,3,1,2,2,1,2,2,2,,4,4,1,3,1,,1,,,,1,,,,,0,1,,,,,,4,4,4,3,3,6,5,,,,2,2,,2,,0.233,0.265,8
298420,10/04/2025,1,1,50,5,4,2,4,1,3,3,3,3,2,,,,,0,2,3,4,4,3,98,3,10,5,5,4,4,3,2,4,4,4,1,10,10,10,0,10,10,10,2,98,98,1,1,,,,,,,,,,,,,,,,,,,,10,4,4,3,3,4,3,4,3,3,4,4,3,2,,4,3,1,4,1,1,1,1,,,1,1,1,,,0,1,,,,,,3,3,3,3,3,4,5,,,,1,2,,2,,2.318,2.643,8
298422,10/04/2025,1,1,55,5,4,1,3,1,4,2,3,4,2,,,,,0,4,3,3,4,98,98,98,5,10,3,4,3,2,2,4,1,2,4,10,5,5,5,10,5,5,4,94,94,4,1,,,,,,,,,,,,,,,,,,,,98,98,3,3,98,4,2,3,1,3,3,3,2,1,1,4,3,1,4,1,,,1,,,1,,,,,0,1,,,,,,4,4,4,4,3,6,2,,,,1,2,,2,,0.373,0.425,8
